Aug 08, 2026 3:53:23 PM com.google.cloud.datastore.emulator.firestore.websocket.WebSocketServer start
INFO: Started WebSocket server on ws://127.0.0.1:9150

API endpoint: http://127.0.0.1:8080
Database Edition: STANDARD
Database Mode: CLOUD_FIRESTORE

If you are using a library that supports the FIRESTORE_EMULATOR_HOST environment variable, run:

   export FIRESTORE_EMULATOR_HOST=127.0.0.1:8080

If you are running a Firestore in Datastore Mode project, run:

   export DATASTORE_EMULATOR_HOST=127.0.0.1:8080

Note: Support for Datastore Mode is in preview. If you encounter any bugs please file at https://github.com/firebase/firebase-tools/issues.
Dev App Server is now running.

Aug 08, 2026 3:53:27 PM io.gapi.emulators.netty.HttpVersionRoutingHandler channelRead
INFO: Detected non-HTTP/2 connection.
Aug 08, 2026 3:53:27 PM io.gapi.emulators.netty.HttpVersionRoutingHandler channelRead
INFO: Detected non-HTTP/2 connection.
Aug 08, 2026 3:53:28 PM io.gapi.emulators.netty.HttpVersionRoutingHandler channelRead
INFO: Detected non-HTTP/2 connection.
Aug 08, 2026 3:53:45 PM io.gapi.emulators.netty.HttpVersionRoutingHandler channelRead
INFO: Detected non-HTTP/2 connection.
Aug 08, 2026 3:53:45 PM io.gapi.emulators.netty.HttpVersionRoutingHandler channelRead
INFO: Detected non-HTTP/2 connection.
Aug 08, 2026 3:53:45 PM io.gapi.emulators.netty.HttpVersionRoutingHandler channelRead
INFO: Detected non-HTTP/2 connection.
Aug 08, 2026 3:53:45 PM io.gapi.emulators.netty.HttpVersionRoutingHandler channelRead
INFO: Detected non-HTTP/2 connection.
Aug 08, 2026 3:53:45 PM com.google.cloud.datastore.emulator.firestore.webchannel.FirestoreV1WebChannelAdapter$FirestoreListenHandler onClose
INFO: channel closed
Aug 08, 2026 3:53:48 PM io.gapi.emulators.netty.HttpVersionRoutingHandler channelRead
INFO: Detected non-HTTP/2 connection.
Aug 08, 2026 3:53:48 PM io.gapi.emulators.netty.HttpVersionRoutingHandler channelRead
INFO: Detected non-HTTP/2 connection.
Aug 08, 2026 3:53:48 PM io.gapi.emulators.netty.HttpVersionRoutingHandler channelRead
INFO: Detected non-HTTP/2 connection.
Aug 08, 2026 3:53:48 PM io.gapi.emulators.netty.HttpVersionRoutingHandler channelRead
INFO: Detected non-HTTP/2 connection.
Aug 08, 2026 3:53:48 PM com.google.cloud.datastore.emulator.firestore.webchannel.FirestoreV1WebChannelAdapter$FirestoreListenHandler onClose
INFO: channel closed
Aug 08, 2026 3:54:21 PM io.gapi.emulators.netty.HttpVersionRoutingHandler channelRead
INFO: Detected non-HTTP/2 connection.
Aug 08, 2026 3:54:21 PM io.gapi.emulators.netty.HttpVersionRoutingHandler channelRead
INFO: Detected non-HTTP/2 connection.
Aug 08, 2026 3:54:23 PM io.gapi.emulators.netty.HttpVersionRoutingHandler channelRead
INFO: Detected non-HTTP/2 connection.
Aug 08, 2026 3:54:23 PM io.gapi.emulators.netty.HttpVersionRoutingHandler channelRead
INFO: Detected non-HTTP/2 connection.
Aug 08, 2026 3:54:23 PM io.gapi.emulators.netty.HttpVersionRoutingHandler channelRead
INFO: Detected non-HTTP/2 connection.
Aug 08, 2026 3:54:24 PM com.google.cloud.datastore.emulator.impl.util.WrappedStreamObserver onError
WARNING: Operation failed: No matching allow statements
com.google.cloud.datastore.core.exception.DatastoreException: No matching allow statements
	at com.google.cloud.datastore.core.exception.DatastoreException$Builder.build(DatastoreException.java:152)
	at com.google.cloud.datastore.emulator.impl.rules.DefaultEmulatorRulesAuthorizer.verboseError(DefaultEmulatorRulesAuthorizer.java:349)
	at com.google.cloud.datastore.emulator.impl.rules.DefaultEmulatorRulesAuthorizer.withVerboseErrors(DefaultEmulatorRulesAuthorizer.java:326)
	at com.google.cloud.datastore.emulator.impl.rules.DefaultEmulatorRulesAuthorizer.checkCommit(DefaultEmulatorRulesAuthorizer.java:113)
	at com.google.cloud.datastore.emulator.impl.firestore.FirestoreEmulatorHelper.commitHelper(FirestoreEmulatorHelper.java:407)
	at com.google.cloud.datastore.emulator.impl.firestore.FirestoreEmulatorHelper.internalCommit(FirestoreEmulatorHelper.java:348)
	at com.google.cloud.datastore.emulator.impl.firestore.CloudFirestoreV1.internalCommit(CloudFirestoreV1.java:1336)
	at com.google.cloud.datastore.emulator.impl.firestore.CloudFirestoreV1.write(CloudFirestoreV1.java:1321)
	at com.google.cloud.datastore.emulator.impl.firestore.CloudFirestoreV1WriteStream.handleRequest(CloudFirestoreV1WriteStream.java:222)
	at com.google.cloud.datastore.emulator.impl.firestore.CloudFirestoreV1WriteStream.write(CloudFirestoreV1WriteStream.java:144)
	at com.google.cloud.datastore.emulator.impl.firestore.CloudFirestoreV1WriteStream.onNext(CloudFirestoreV1WriteStream.java:99)
	at com.google.cloud.datastore.emulator.impl.firestore.CloudFirestoreV1WriteStream.onNext(CloudFirestoreV1WriteStream.java:27)
	at com.google.cloud.datastore.emulator.firestore.webchannel.FirestoreV1WebChannelAdapter$FirestoreWriteHandler.onMessage(FirestoreV1WebChannelAdapter.java:160)
	at com.google.cloud.datastore.emulator.firestore.webchannel.FirestoreV1WebChannelAdapter$FirestoreWriteHandler.onMessage(FirestoreV1WebChannelAdapter.java:130)
	at com.google.net.webchannel.server.v8.ChannelInternalImpl.onMessage(ChannelInternalImpl.java:525)
	at com.google.net.webchannel.server.v8.ForwardChannel.deliverMessage(ForwardChannel.java:115)
	at com.google.net.webchannel.server.v8.ForwardChannel.processPendingRequest(ForwardChannel.java:94)
	at com.google.net.webchannel.server.v8.ForwardChannel.consume(ForwardChannel.java:68)
	at com.google.net.webchannel.server.v8.ForwardChannel.add(ForwardChannel.java:61)
	at com.google.net.webchannel.server.v8.ChannelInternalImpl.handleRequestBody(ChannelInternalImpl.java:290)
	at com.google.net.webchannel.server.v8.ChannelInternalImpl.processSessionRequest(ChannelInternalImpl.java:357)
	at com.google.net.webchannel.server.v8.ChannelInternalImpl.handle(ChannelInternalImpl.java:172)
	at com.google.net.webchannel.server.v8.ChannelInternalImpl.consume(ChannelInternalImpl.java:91)
	at com.google.net.webchannel.server.common.ChannelProcessor.run(ChannelProcessor.java:85)

Aug 08, 2026 3:54:24 PM io.gapi.emulators.netty.HttpVersionRoutingHandler channelRead
INFO: Detected non-HTTP/2 connection.
Aug 08, 2026 3:54:24 PM com.google.cloud.datastore.emulator.firestore.webchannel.FirestoreV1WebChannelAdapter$FirestoreWriteHandler onClose
INFO: channel closed
Aug 08, 2026 3:54:28 PM io.gapi.emulators.netty.HttpVersionRoutingHandler channelRead
INFO: Detected non-HTTP/2 connection.
Aug 08, 2026 3:54:37 PM io.gapi.emulators.netty.HttpVersionRoutingHandler channelRead
INFO: Detected non-HTTP/2 connection.
Aug 08, 2026 3:54:37 PM io.gapi.emulators.netty.HttpVersionRoutingHandler channelRead
INFO: Detected non-HTTP/2 connection.
Aug 08, 2026 3:54:37 PM io.gapi.emulators.netty.HttpVersionRoutingHandler channelRead
INFO: Detected non-HTTP/2 connection.
Aug 08, 2026 3:54:37 PM io.gapi.emulators.netty.HttpVersionRoutingHandler channelRead
INFO: Detected non-HTTP/2 connection.
Aug 08, 2026 3:54:37 PM io.gapi.emulators.netty.HttpVersionRoutingHandler channelRead
INFO: Detected non-HTTP/2 connection.
Aug 08, 2026 3:54:37 PM io.gapi.emulators.netty.HttpVersionRoutingHandler channelRead
INFO: Detected non-HTTP/2 connection.
Aug 08, 2026 3:54:38 PM io.gapi.emulators.netty.HttpVersionRoutingHandler channelRead
INFO: Detected non-HTTP/2 connection.
Aug 08, 2026 3:54:38 PM io.gapi.emulators.netty.HttpVersionRoutingHandler channelRead
INFO: Detected non-HTTP/2 connection.
Aug 08, 2026 3:54:38 PM io.gapi.emulators.netty.HttpVersionRoutingHandler channelRead
INFO: Detected non-HTTP/2 connection.
Aug 08, 2026 3:54:38 PM io.gapi.emulators.netty.HttpVersionRoutingHandler channelRead
INFO: Detected non-HTTP/2 connection.
Aug 08, 2026 3:54:38 PM io.gapi.emulators.netty.HttpVersionRoutingHandler channelRead
INFO: Detected non-HTTP/2 connection.
Aug 08, 2026 3:54:38 PM com.google.cloud.datastore.emulator.impl.util.WrappedStreamObserver onError
WARNING: Operation failed: No matching allow statements
com.google.cloud.datastore.core.exception.DatastoreException: No matching allow statements
	at com.google.cloud.datastore.core.exception.DatastoreException$Builder.build(DatastoreException.java:152)
	at com.google.cloud.datastore.emulator.impl.rules.DefaultEmulatorRulesAuthorizer.verboseError(DefaultEmulatorRulesAuthorizer.java:349)
	at com.google.cloud.datastore.emulator.impl.rules.DefaultEmulatorRulesAuthorizer.withVerboseErrors(DefaultEmulatorRulesAuthorizer.java:326)
	at com.google.cloud.datastore.emulator.impl.rules.DefaultEmulatorRulesAuthorizer.checkCommit(DefaultEmulatorRulesAuthorizer.java:113)
	at com.google.cloud.datastore.emulator.impl.firestore.FirestoreEmulatorHelper.commitHelper(FirestoreEmulatorHelper.java:407)
	at com.google.cloud.datastore.emulator.impl.firestore.FirestoreEmulatorHelper.internalCommit(FirestoreEmulatorHelper.java:348)
	at com.google.cloud.datastore.emulator.impl.firestore.CloudFirestoreV1.internalCommit(CloudFirestoreV1.java:1336)
	at com.google.cloud.datastore.emulator.impl.firestore.CloudFirestoreV1.write(CloudFirestoreV1.java:1321)
	at com.google.cloud.datastore.emulator.impl.firestore.CloudFirestoreV1WriteStream.handleRequest(CloudFirestoreV1WriteStream.java:222)
	at com.google.cloud.datastore.emulator.impl.firestore.CloudFirestoreV1WriteStream.write(CloudFirestoreV1WriteStream.java:144)
	at com.google.cloud.datastore.emulator.impl.firestore.CloudFirestoreV1WriteStream.onNext(CloudFirestoreV1WriteStream.java:99)
	at com.google.cloud.datastore.emulator.impl.firestore.CloudFirestoreV1WriteStream.onNext(CloudFirestoreV1WriteStream.java:27)
	at com.google.cloud.datastore.emulator.firestore.webchannel.FirestoreV1WebChannelAdapter$FirestoreWriteHandler.onMessage(FirestoreV1WebChannelAdapter.java:160)
	at com.google.cloud.datastore.emulator.firestore.webchannel.FirestoreV1WebChannelAdapter$FirestoreWriteHandler.onMessage(FirestoreV1WebChannelAdapter.java:130)
	at com.google.net.webchannel.server.v8.ChannelInternalImpl.onMessage(ChannelInternalImpl.java:525)
	at com.google.net.webchannel.server.v8.ForwardChannel.deliverMessage(ForwardChannel.java:115)
	at com.google.net.webchannel.server.v8.ForwardChannel.processPendingRequest(ForwardChannel.java:94)
	at com.google.net.webchannel.server.v8.ForwardChannel.consume(ForwardChannel.java:68)
	at com.google.net.webchannel.server.v8.ForwardChannel.add(ForwardChannel.java:61)
	at com.google.net.webchannel.server.v8.ChannelInternalImpl.handleRequestBody(ChannelInternalImpl.java:290)
	at com.google.net.webchannel.server.v8.ChannelInternalImpl.processSessionRequest(ChannelInternalImpl.java:357)
	at com.google.net.webchannel.server.v8.ChannelInternalImpl.handle(ChannelInternalImpl.java:172)
	at com.google.net.webchannel.server.v8.ChannelInternalImpl.consume(ChannelInternalImpl.java:91)
	at com.google.net.webchannel.server.common.ChannelProcessor.run(ChannelProcessor.java:85)

Aug 08, 2026 3:54:38 PM io.gapi.emulators.netty.HttpVersionRoutingHandler channelRead
INFO: Detected non-HTTP/2 connection.
Aug 08, 2026 3:54:38 PM io.gapi.emulators.netty.HttpVersionRoutingHandler channelRead
INFO: Detected non-HTTP/2 connection.
Aug 08, 2026 3:54:38 PM com.google.cloud.datastore.emulator.firestore.webchannel.FirestoreV1WebChannelAdapter$FirestoreWriteHandler onClose
INFO: channel closed
Aug 08, 2026 3:54:38 PM com.google.cloud.datastore.emulator.impl.util.WrappedStreamObserver onError
WARNING: Operation failed: No matching allow statements
com.google.cloud.datastore.core.exception.DatastoreException: No matching allow statements
	at com.google.cloud.datastore.core.exception.DatastoreException$Builder.build(DatastoreException.java:152)
	at com.google.cloud.datastore.emulator.impl.rules.DefaultEmulatorRulesAuthorizer.verboseError(DefaultEmulatorRulesAuthorizer.java:349)
	at com.google.cloud.datastore.emulator.impl.rules.DefaultEmulatorRulesAuthorizer.withVerboseErrors(DefaultEmulatorRulesAuthorizer.java:326)
	at com.google.cloud.datastore.emulator.impl.rules.DefaultEmulatorRulesAuthorizer.checkCommit(DefaultEmulatorRulesAuthorizer.java:113)
	at com.google.cloud.datastore.emulator.impl.firestore.FirestoreEmulatorHelper.commitHelper(FirestoreEmulatorHelper.java:407)
	at com.google.cloud.datastore.emulator.impl.firestore.FirestoreEmulatorHelper.internalCommit(FirestoreEmulatorHelper.java:348)
	at com.google.cloud.datastore.emulator.impl.firestore.CloudFirestoreV1.internalCommit(CloudFirestoreV1.java:1336)
	at com.google.cloud.datastore.emulator.impl.firestore.CloudFirestoreV1.write(CloudFirestoreV1.java:1321)
	at com.google.cloud.datastore.emulator.impl.firestore.CloudFirestoreV1WriteStream.handleRequest(CloudFirestoreV1WriteStream.java:222)
	at com.google.cloud.datastore.emulator.impl.firestore.CloudFirestoreV1WriteStream.write(CloudFirestoreV1WriteStream.java:144)
	at com.google.cloud.datastore.emulator.impl.firestore.CloudFirestoreV1WriteStream.onNext(CloudFirestoreV1WriteStream.java:99)
	at com.google.cloud.datastore.emulator.impl.firestore.CloudFirestoreV1WriteStream.onNext(CloudFirestoreV1WriteStream.java:27)
	at com.google.cloud.datastore.emulator.firestore.webchannel.FirestoreV1WebChannelAdapter$FirestoreWriteHandler.onMessage(FirestoreV1WebChannelAdapter.java:160)
	at com.google.cloud.datastore.emulator.firestore.webchannel.FirestoreV1WebChannelAdapter$FirestoreWriteHandler.onMessage(FirestoreV1WebChannelAdapter.java:130)
	at com.google.net.webchannel.server.v8.ChannelInternalImpl.onMessage(ChannelInternalImpl.java:525)
	at com.google.net.webchannel.server.v8.ForwardChannel.deliverMessage(ForwardChannel.java:115)
	at com.google.net.webchannel.server.v8.ForwardChannel.processPendingRequest(ForwardChannel.java:94)
	at com.google.net.webchannel.server.v8.ForwardChannel.consume(ForwardChannel.java:68)
	at com.google.net.webchannel.server.v8.ForwardChannel.add(ForwardChannel.java:61)
	at com.google.net.webchannel.server.v8.ChannelInternalImpl.handleRequestBody(ChannelInternalImpl.java:290)
	at com.google.net.webchannel.server.v8.ChannelInternalImpl.processSessionRequest(ChannelInternalImpl.java:357)
	at com.google.net.webchannel.server.v8.ChannelInternalImpl.handle(ChannelInternalImpl.java:172)
	at com.google.net.webchannel.server.v8.ChannelInternalImpl.consume(ChannelInternalImpl.java:91)
	at com.google.net.webchannel.server.common.ChannelProcessor.run(ChannelProcessor.java:85)

Aug 08, 2026 3:54:39 PM io.gapi.emulators.netty.HttpVersionRoutingHandler channelRead
INFO: Detected non-HTTP/2 connection.
Aug 08, 2026 3:54:39 PM com.google.cloud.datastore.emulator.firestore.webchannel.FirestoreV1WebChannelAdapter$FirestoreWriteHandler onClose
INFO: channel closed
Aug 08, 2026 3:54:47 PM io.gapi.emulators.netty.HttpVersionRoutingHandler channelRead
INFO: Detected non-HTTP/2 connection.
Aug 08, 2026 3:54:47 PM io.gapi.emulators.netty.HttpVersionRoutingHandler channelRead
INFO: Detected non-HTTP/2 connection.
Aug 08, 2026 3:54:47 PM io.gapi.emulators.netty.HttpVersionRoutingHandler channelRead
INFO: Detected non-HTTP/2 connection.
Aug 08, 2026 3:54:47 PM io.gapi.emulators.netty.HttpVersionRoutingHandler channelRead
INFO: Detected non-HTTP/2 connection.
Aug 08, 2026 3:54:47 PM io.gapi.emulators.netty.HttpVersionRoutingHandler channelRead
INFO: Detected non-HTTP/2 connection.
Aug 08, 2026 3:54:47 PM io.gapi.emulators.netty.HttpVersionRoutingHandler channelRead
INFO: Detected non-HTTP/2 connection.
Aug 08, 2026 3:54:47 PM com.google.cloud.datastore.emulator.impl.util.WrappedStreamObserver onError
WARNING: Operation failed: No matching allow statements
com.google.cloud.datastore.core.exception.DatastoreException: No matching allow statements
	at com.google.cloud.datastore.core.exception.DatastoreException$Builder.build(DatastoreException.java:152)
	at com.google.cloud.datastore.emulator.impl.rules.DefaultEmulatorRulesAuthorizer.verboseError(DefaultEmulatorRulesAuthorizer.java:349)
	at com.google.cloud.datastore.emulator.impl.rules.DefaultEmulatorRulesAuthorizer.withVerboseErrors(DefaultEmulatorRulesAuthorizer.java:326)
	at com.google.cloud.datastore.emulator.impl.rules.DefaultEmulatorRulesAuthorizer.checkCommit(DefaultEmulatorRulesAuthorizer.java:113)
	at com.google.cloud.datastore.emulator.impl.firestore.FirestoreEmulatorHelper.commitHelper(FirestoreEmulatorHelper.java:407)
	at com.google.cloud.datastore.emulator.impl.firestore.FirestoreEmulatorHelper.internalCommit(FirestoreEmulatorHelper.java:348)
	at com.google.cloud.datastore.emulator.impl.firestore.CloudFirestoreV1.internalCommit(CloudFirestoreV1.java:1336)
	at com.google.cloud.datastore.emulator.impl.firestore.CloudFirestoreV1.write(CloudFirestoreV1.java:1321)
	at com.google.cloud.datastore.emulator.impl.firestore.CloudFirestoreV1WriteStream.handleRequest(CloudFirestoreV1WriteStream.java:222)
	at com.google.cloud.datastore.emulator.impl.firestore.CloudFirestoreV1WriteStream.write(CloudFirestoreV1WriteStream.java:144)
	at com.google.cloud.datastore.emulator.impl.firestore.CloudFirestoreV1WriteStream.onNext(CloudFirestoreV1WriteStream.java:99)
	at com.google.cloud.datastore.emulator.impl.firestore.CloudFirestoreV1WriteStream.onNext(CloudFirestoreV1WriteStream.java:27)
	at com.google.cloud.datastore.emulator.firestore.webchannel.FirestoreV1WebChannelAdapter$FirestoreWriteHandler.onMessage(FirestoreV1WebChannelAdapter.java:160)
	at com.google.cloud.datastore.emulator.firestore.webchannel.FirestoreV1WebChannelAdapter$FirestoreWriteHandler.onMessage(FirestoreV1WebChannelAdapter.java:130)
	at com.google.net.webchannel.server.v8.ChannelInternalImpl.onMessage(ChannelInternalImpl.java:525)
	at com.google.net.webchannel.server.v8.ForwardChannel.deliverMessage(ForwardChannel.java:115)
	at com.google.net.webchannel.server.v8.ForwardChannel.processPendingRequest(ForwardChannel.java:94)
	at com.google.net.webchannel.server.v8.ForwardChannel.consume(ForwardChannel.java:68)
	at com.google.net.webchannel.server.v8.ForwardChannel.add(ForwardChannel.java:61)
	at com.google.net.webchannel.server.v8.ChannelInternalImpl.handleRequestBody(ChannelInternalImpl.java:290)
	at com.google.net.webchannel.server.v8.ChannelInternalImpl.processSessionRequest(ChannelInternalImpl.java:357)
	at com.google.net.webchannel.server.v8.ChannelInternalImpl.handle(ChannelInternalImpl.java:172)
	at com.google.net.webchannel.server.v8.ChannelInternalImpl.consume(ChannelInternalImpl.java:91)
	at com.google.net.webchannel.server.common.ChannelProcessor.run(ChannelProcessor.java:85)

Aug 08, 2026 3:54:48 PM io.gapi.emulators.netty.HttpVersionRoutingHandler channelRead
INFO: Detected non-HTTP/2 connection.
Aug 08, 2026 3:54:48 PM io.gapi.emulators.netty.HttpVersionRoutingHandler channelRead
INFO: Detected non-HTTP/2 connection.
Aug 08, 2026 3:54:48 PM com.google.cloud.datastore.emulator.firestore.webchannel.FirestoreV1WebChannelAdapter$FirestoreWriteHandler onClose
INFO: channel closed
Aug 08, 2026 3:54:49 PM io.gapi.emulators.netty.HttpVersionRoutingHandler channelRead
INFO: Detected non-HTTP/2 connection.
Aug 08, 2026 3:54:49 PM io.gapi.emulators.netty.HttpVersionRoutingHandler channelRead
INFO: Detected non-HTTP/2 connection.
Aug 08, 2026 3:54:49 PM com.google.cloud.datastore.emulator.firestore.webchannel.FirestoreV1WebChannelAdapter$FirestoreListenHandler onClose
INFO: channel closed
Aug 08, 2026 3:54:49 PM io.gapi.emulators.netty.HttpVersionRoutingHandler channelRead
INFO: Detected non-HTTP/2 connection.
Aug 08, 2026 3:54:50 PM io.gapi.emulators.netty.HttpVersionRoutingHandler channelRead
INFO: Detected non-HTTP/2 connection.
Aug 08, 2026 3:54:50 PM io.gapi.emulators.netty.HttpVersionRoutingHandler channelRead
INFO: Detected non-HTTP/2 connection.
Aug 08, 2026 3:54:50 PM io.gapi.emulators.netty.HttpVersionRoutingHandler channelRead
INFO: Detected non-HTTP/2 connection.
Aug 08, 2026 3:54:50 PM io.gapi.emulators.netty.HttpVersionRoutingHandler channelRead
INFO: Detected non-HTTP/2 connection.
Aug 08, 2026 3:54:50 PM io.gapi.emulators.netty.HttpVersionRoutingHandler channelRead
INFO: Detected non-HTTP/2 connection.
Aug 08, 2026 3:54:50 PM io.gapi.emulators.netty.HttpVersionRoutingHandler channelRead
INFO: Detected non-HTTP/2 connection.
Aug 08, 2026 3:54:50 PM io.gapi.emulators.netty.HttpVersionRoutingHandler channelRead
INFO: Detected non-HTTP/2 connection.
Aug 08, 2026 3:54:50 PM com.google.cloud.datastore.emulator.firestore.webchannel.FirestoreV1WebChannelAdapter$FirestoreListenHandler onClose
INFO: channel closed
Aug 08, 2026 3:54:50 PM com.google.cloud.datastore.emulator.impl.util.WrappedStreamObserver onError
WARNING: Operation failed: No matching allow statements
com.google.cloud.datastore.core.exception.DatastoreException: No matching allow statements
	at com.google.cloud.datastore.core.exception.DatastoreException$Builder.build(DatastoreException.java:152)
	at com.google.cloud.datastore.emulator.impl.rules.DefaultEmulatorRulesAuthorizer.verboseError(DefaultEmulatorRulesAuthorizer.java:349)
	at com.google.cloud.datastore.emulator.impl.rules.DefaultEmulatorRulesAuthorizer.withVerboseErrors(DefaultEmulatorRulesAuthorizer.java:326)
	at com.google.cloud.datastore.emulator.impl.rules.DefaultEmulatorRulesAuthorizer.checkCommit(DefaultEmulatorRulesAuthorizer.java:113)
	at com.google.cloud.datastore.emulator.impl.firestore.FirestoreEmulatorHelper.commitHelper(FirestoreEmulatorHelper.java:407)
	at com.google.cloud.datastore.emulator.impl.firestore.FirestoreEmulatorHelper.internalCommit(FirestoreEmulatorHelper.java:348)
	at com.google.cloud.datastore.emulator.impl.firestore.CloudFirestoreV1.internalCommit(CloudFirestoreV1.java:1336)
	at com.google.cloud.datastore.emulator.impl.firestore.CloudFirestoreV1.write(CloudFirestoreV1.java:1321)
	at com.google.cloud.datastore.emulator.impl.firestore.CloudFirestoreV1WriteStream.handleRequest(CloudFirestoreV1WriteStream.java:222)
	at com.google.cloud.datastore.emulator.impl.firestore.CloudFirestoreV1WriteStream.write(CloudFirestoreV1WriteStream.java:144)
	at com.google.cloud.datastore.emulator.impl.firestore.CloudFirestoreV1WriteStream.onNext(CloudFirestoreV1WriteStream.java:99)
	at com.google.cloud.datastore.emulator.impl.firestore.CloudFirestoreV1WriteStream.onNext(CloudFirestoreV1WriteStream.java:27)
	at com.google.cloud.datastore.emulator.firestore.webchannel.FirestoreV1WebChannelAdapter$FirestoreWriteHandler.onMessage(FirestoreV1WebChannelAdapter.java:160)
	at com.google.cloud.datastore.emulator.firestore.webchannel.FirestoreV1WebChannelAdapter$FirestoreWriteHandler.onMessage(FirestoreV1WebChannelAdapter.java:130)
	at com.google.net.webchannel.server.v8.ChannelInternalImpl.onMessage(ChannelInternalImpl.java:525)
	at com.google.net.webchannel.server.v8.ForwardChannel.deliverMessage(ForwardChannel.java:115)
	at com.google.net.webchannel.server.v8.ForwardChannel.processPendingRequest(ForwardChannel.java:94)
	at com.google.net.webchannel.server.v8.ForwardChannel.consume(ForwardChannel.java:68)
	at com.google.net.webchannel.server.v8.ForwardChannel.add(ForwardChannel.java:61)
	at com.google.net.webchannel.server.v8.ChannelInternalImpl.handleRequestBody(ChannelInternalImpl.java:290)
	at com.google.net.webchannel.server.v8.ChannelInternalImpl.processSessionRequest(ChannelInternalImpl.java:357)
	at com.google.net.webchannel.server.v8.ChannelInternalImpl.handle(ChannelInternalImpl.java:172)
	at com.google.net.webchannel.server.v8.ChannelInternalImpl.consume(ChannelInternalImpl.java:91)
	at com.google.net.webchannel.server.common.ChannelProcessor.run(ChannelProcessor.java:85)

Aug 08, 2026 3:54:50 PM io.gapi.emulators.netty.HttpVersionRoutingHandler channelRead
INFO: Detected non-HTTP/2 connection.
Aug 08, 2026 3:54:50 PM com.google.cloud.datastore.emulator.firestore.webchannel.FirestoreV1WebChannelAdapter$FirestoreListenHandler onClose
INFO: channel closed
Aug 08, 2026 3:54:50 PM io.gapi.emulators.netty.HttpVersionRoutingHandler channelRead
INFO: Detected non-HTTP/2 connection.
Aug 08, 2026 3:54:50 PM com.google.cloud.datastore.emulator.firestore.webchannel.FirestoreV1WebChannelAdapter$FirestoreWriteHandler onClose
INFO: channel closed
Aug 08, 2026 3:55:17 PM io.gapi.emulators.netty.HttpVersionRoutingHandler channelRead
INFO: Detected non-HTTP/2 connection.
Aug 08, 2026 3:55:18 PM io.gapi.emulators.netty.HttpVersionRoutingHandler channelRead
INFO: Detected non-HTTP/2 connection.
Aug 08, 2026 3:55:20 PM io.gapi.emulators.netty.HttpVersionRoutingHandler channelRead
INFO: Detected non-HTTP/2 connection.
Aug 08, 2026 3:55:48 PM io.gapi.emulators.netty.HttpVersionRoutingHandler channelRead
INFO: Detected non-HTTP/2 connection.
Aug 08, 2026 3:56:19 PM io.gapi.emulators.netty.HttpVersionRoutingHandler channelRead
INFO: Detected non-HTTP/2 connection.
Aug 08, 2026 3:56:19 PM com.google.cloud.datastore.emulator.firestore.webchannel.FirestoreV1WebChannelAdapter$FirestoreListenHandler onClose
INFO: channel closed
Aug 08, 2026 3:56:20 PM io.gapi.emulators.netty.HttpVersionRoutingHandler channelRead
INFO: Detected non-HTTP/2 connection.
Aug 08, 2026 3:56:33 PM io.gapi.emulators.netty.HttpVersionRoutingHandler channelRead
INFO: Detected non-HTTP/2 connection.
Aug 08, 2026 3:57:18 PM io.gapi.emulators.netty.HttpVersionRoutingHandler channelRead
INFO: Detected non-HTTP/2 connection.
Aug 08, 2026 3:57:20 PM io.gapi.emulators.netty.HttpVersionRoutingHandler channelRead
INFO: Detected non-HTTP/2 connection.
Aug 08, 2026 3:57:20 PM io.gapi.emulators.netty.HttpVersionRoutingHandler channelRead
INFO: Detected non-HTTP/2 connection.
Aug 08, 2026 3:57:20 PM io.gapi.emulators.netty.HttpVersionRoutingHandler channelRead
INFO: Detected non-HTTP/2 connection.
Aug 08, 2026 3:57:21 PM io.gapi.emulators.netty.HttpVersionRoutingHandler channelRead
INFO: Detected non-HTTP/2 connection.
Aug 08, 2026 3:57:21 PM com.google.cloud.datastore.emulator.impl.util.WrappedStreamObserver onError
WARNING: Operation failed: No matching allow statements
com.google.cloud.datastore.core.exception.DatastoreException: No matching allow statements
	at com.google.cloud.datastore.core.exception.DatastoreException$Builder.build(DatastoreException.java:152)
	at com.google.cloud.datastore.emulator.impl.rules.DefaultEmulatorRulesAuthorizer.verboseError(DefaultEmulatorRulesAuthorizer.java:349)
	at com.google.cloud.datastore.emulator.impl.rules.DefaultEmulatorRulesAuthorizer.withVerboseErrors(DefaultEmulatorRulesAuthorizer.java:326)
	at com.google.cloud.datastore.emulator.impl.rules.DefaultEmulatorRulesAuthorizer.checkCommit(DefaultEmulatorRulesAuthorizer.java:113)
	at com.google.cloud.datastore.emulator.impl.firestore.FirestoreEmulatorHelper.commitHelper(FirestoreEmulatorHelper.java:407)
	at com.google.cloud.datastore.emulator.impl.firestore.FirestoreEmulatorHelper.internalCommit(FirestoreEmulatorHelper.java:348)
	at com.google.cloud.datastore.emulator.impl.firestore.CloudFirestoreV1.internalCommit(CloudFirestoreV1.java:1336)
	at com.google.cloud.datastore.emulator.impl.firestore.CloudFirestoreV1.write(CloudFirestoreV1.java:1321)
	at com.google.cloud.datastore.emulator.impl.firestore.CloudFirestoreV1WriteStream.handleRequest(CloudFirestoreV1WriteStream.java:222)
	at com.google.cloud.datastore.emulator.impl.firestore.CloudFirestoreV1WriteStream.write(CloudFirestoreV1WriteStream.java:144)
	at com.google.cloud.datastore.emulator.impl.firestore.CloudFirestoreV1WriteStream.onNext(CloudFirestoreV1WriteStream.java:99)
	at com.google.cloud.datastore.emulator.impl.firestore.CloudFirestoreV1WriteStream.onNext(CloudFirestoreV1WriteStream.java:27)
	at com.google.cloud.datastore.emulator.firestore.webchannel.FirestoreV1WebChannelAdapter$FirestoreWriteHandler.onMessage(FirestoreV1WebChannelAdapter.java:160)
	at com.google.cloud.datastore.emulator.firestore.webchannel.FirestoreV1WebChannelAdapter$FirestoreWriteHandler.onMessage(FirestoreV1WebChannelAdapter.java:130)
	at com.google.net.webchannel.server.v8.ChannelInternalImpl.onMessage(ChannelInternalImpl.java:525)
	at com.google.net.webchannel.server.v8.ForwardChannel.deliverMessage(ForwardChannel.java:115)
	at com.google.net.webchannel.server.v8.ForwardChannel.processPendingRequest(ForwardChannel.java:94)
	at com.google.net.webchannel.server.v8.ForwardChannel.consume(ForwardChannel.java:68)
	at com.google.net.webchannel.server.v8.ForwardChannel.add(ForwardChannel.java:61)
	at com.google.net.webchannel.server.v8.ChannelInternalImpl.handleRequestBody(ChannelInternalImpl.java:290)
	at com.google.net.webchannel.server.v8.ChannelInternalImpl.processSessionRequest(ChannelInternalImpl.java:357)
	at com.google.net.webchannel.server.v8.ChannelInternalImpl.handle(ChannelInternalImpl.java:172)
	at com.google.net.webchannel.server.v8.ChannelInternalImpl.consume(ChannelInternalImpl.java:91)
	at com.google.net.webchannel.server.common.ChannelProcessor.run(ChannelProcessor.java:85)

Aug 08, 2026 3:57:21 PM io.gapi.emulators.netty.HttpVersionRoutingHandler channelRead
INFO: Detected non-HTTP/2 connection.
Aug 08, 2026 3:57:21 PM io.gapi.emulators.netty.HttpVersionRoutingHandler channelRead
INFO: Detected non-HTTP/2 connection.
Aug 08, 2026 3:57:21 PM com.google.cloud.datastore.emulator.firestore.webchannel.FirestoreV1WebChannelAdapter$FirestoreWriteHandler onClose
INFO: channel closed
Aug 08, 2026 3:57:28 PM io.gapi.emulators.netty.HttpVersionRoutingHandler channelRead
INFO: Detected non-HTTP/2 connection.
Aug 08, 2026 3:57:28 PM io.gapi.emulators.netty.HttpVersionRoutingHandler channelRead
INFO: Detected non-HTTP/2 connection.
Aug 08, 2026 3:57:29 PM io.gapi.emulators.netty.HttpVersionRoutingHandler channelRead
INFO: Detected non-HTTP/2 connection.
Aug 08, 2026 3:57:29 PM io.gapi.emulators.netty.HttpVersionRoutingHandler channelRead
INFO: Detected non-HTTP/2 connection.
Aug 08, 2026 3:57:29 PM io.gapi.emulators.netty.HttpVersionRoutingHandler channelRead
INFO: Detected non-HTTP/2 connection.
Aug 08, 2026 3:57:29 PM io.gapi.emulators.netty.HttpVersionRoutingHandler channelRead
INFO: Detected non-HTTP/2 connection.
Aug 08, 2026 3:57:29 PM com.google.cloud.datastore.emulator.impl.util.WrappedStreamObserver onError
WARNING: Operation failed: No matching allow statements
com.google.cloud.datastore.core.exception.DatastoreException: No matching allow statements
	at com.google.cloud.datastore.core.exception.DatastoreException$Builder.build(DatastoreException.java:152)
	at com.google.cloud.datastore.emulator.impl.rules.DefaultEmulatorRulesAuthorizer.verboseError(DefaultEmulatorRulesAuthorizer.java:349)
	at com.google.cloud.datastore.emulator.impl.rules.DefaultEmulatorRulesAuthorizer.withVerboseErrors(DefaultEmulatorRulesAuthorizer.java:326)
	at com.google.cloud.datastore.emulator.impl.rules.DefaultEmulatorRulesAuthorizer.checkCommit(DefaultEmulatorRulesAuthorizer.java:113)
	at com.google.cloud.datastore.emulator.impl.firestore.FirestoreEmulatorHelper.commitHelper(FirestoreEmulatorHelper.java:407)
	at com.google.cloud.datastore.emulator.impl.firestore.FirestoreEmulatorHelper.internalCommit(FirestoreEmulatorHelper.java:348)
	at com.google.cloud.datastore.emulator.impl.firestore.CloudFirestoreV1.internalCommit(CloudFirestoreV1.java:1336)
	at com.google.cloud.datastore.emulator.impl.firestore.CloudFirestoreV1.write(CloudFirestoreV1.java:1321)
	at com.google.cloud.datastore.emulator.impl.firestore.CloudFirestoreV1WriteStream.handleRequest(CloudFirestoreV1WriteStream.java:222)
	at com.google.cloud.datastore.emulator.impl.firestore.CloudFirestoreV1WriteStream.write(CloudFirestoreV1WriteStream.java:144)
	at com.google.cloud.datastore.emulator.impl.firestore.CloudFirestoreV1WriteStream.onNext(CloudFirestoreV1WriteStream.java:99)
	at com.google.cloud.datastore.emulator.impl.firestore.CloudFirestoreV1WriteStream.onNext(CloudFirestoreV1WriteStream.java:27)
	at com.google.cloud.datastore.emulator.firestore.webchannel.FirestoreV1WebChannelAdapter$FirestoreWriteHandler.onMessage(FirestoreV1WebChannelAdapter.java:160)
	at com.google.cloud.datastore.emulator.firestore.webchannel.FirestoreV1WebChannelAdapter$FirestoreWriteHandler.onMessage(FirestoreV1WebChannelAdapter.java:130)
	at com.google.net.webchannel.server.v8.ChannelInternalImpl.onMessage(ChannelInternalImpl.java:525)
	at com.google.net.webchannel.server.v8.ForwardChannel.deliverMessage(ForwardChannel.java:115)
	at com.google.net.webchannel.server.v8.ForwardChannel.processPendingRequest(ForwardChannel.java:94)
	at com.google.net.webchannel.server.v8.ForwardChannel.consume(ForwardChannel.java:68)
	at com.google.net.webchannel.server.v8.ForwardChannel.add(ForwardChannel.java:61)
	at com.google.net.webchannel.server.v8.ChannelInternalImpl.handleRequestBody(ChannelInternalImpl.java:290)
	at com.google.net.webchannel.server.v8.ChannelInternalImpl.processSessionRequest(ChannelInternalImpl.java:357)
	at com.google.net.webchannel.server.v8.ChannelInternalImpl.handle(ChannelInternalImpl.java:172)
	at com.google.net.webchannel.server.v8.ChannelInternalImpl.consume(ChannelInternalImpl.java:91)
	at com.google.net.webchannel.server.common.ChannelProcessor.run(ChannelProcessor.java:85)

Aug 08, 2026 3:57:29 PM com.google.cloud.datastore.emulator.impl.util.WrappedStreamObserver onError
WARNING: Operation failed: No matching allow statements
com.google.cloud.datastore.core.exception.DatastoreException: No matching allow statements
	at com.google.cloud.datastore.core.exception.DatastoreException$Builder.build(DatastoreException.java:152)
	at com.google.cloud.datastore.emulator.impl.rules.DefaultEmulatorRulesAuthorizer.verboseError(DefaultEmulatorRulesAuthorizer.java:349)
	at com.google.cloud.datastore.emulator.impl.rules.DefaultEmulatorRulesAuthorizer.withVerboseErrors(DefaultEmulatorRulesAuthorizer.java:326)
	at com.google.cloud.datastore.emulator.impl.rules.DefaultEmulatorRulesAuthorizer.checkCommit(DefaultEmulatorRulesAuthorizer.java:113)
	at com.google.cloud.datastore.emulator.impl.firestore.FirestoreEmulatorHelper.commitHelper(FirestoreEmulatorHelper.java:407)
	at com.google.cloud.datastore.emulator.impl.firestore.FirestoreEmulatorHelper.internalCommit(FirestoreEmulatorHelper.java:348)
	at com.google.cloud.datastore.emulator.impl.firestore.CloudFirestoreV1.internalCommit(CloudFirestoreV1.java:1336)
	at com.google.cloud.datastore.emulator.impl.firestore.CloudFirestoreV1.write(CloudFirestoreV1.java:1321)
	at com.google.cloud.datastore.emulator.impl.firestore.CloudFirestoreV1WriteStream.handleRequest(CloudFirestoreV1WriteStream.java:222)
	at com.google.cloud.datastore.emulator.impl.firestore.CloudFirestoreV1WriteStream.write(CloudFirestoreV1WriteStream.java:144)
	at com.google.cloud.datastore.emulator.impl.firestore.CloudFirestoreV1WriteStream.onNext(CloudFirestoreV1WriteStream.java:99)
	at com.google.cloud.datastore.emulator.impl.firestore.CloudFirestoreV1WriteStream.onNext(CloudFirestoreV1WriteStream.java:27)
	at com.google.cloud.datastore.emulator.firestore.webchannel.FirestoreV1WebChannelAdapter$FirestoreWriteHandler.onMessage(FirestoreV1WebChannelAdapter.java:160)
	at com.google.cloud.datastore.emulator.firestore.webchannel.FirestoreV1WebChannelAdapter$FirestoreWriteHandler.onMessage(FirestoreV1WebChannelAdapter.java:130)
	at com.google.net.webchannel.server.v8.ChannelInternalImpl.onMessage(ChannelInternalImpl.java:525)
	at com.google.net.webchannel.server.v8.ForwardChannel.deliverMessage(ForwardChannel.java:115)
	at com.google.net.webchannel.server.v8.ForwardChannel.processPendingRequest(ForwardChannel.java:94)
	at com.google.net.webchannel.server.v8.ForwardChannel.consume(ForwardChannel.java:68)
	at com.google.net.webchannel.server.v8.ForwardChannel.add(ForwardChannel.java:61)
	at com.google.net.webchannel.server.v8.ChannelInternalImpl.handleRequestBody(ChannelInternalImpl.java:290)
	at com.google.net.webchannel.server.v8.ChannelInternalImpl.processSessionRequest(ChannelInternalImpl.java:357)
	at com.google.net.webchannel.server.v8.ChannelInternalImpl.handle(ChannelInternalImpl.java:172)
	at com.google.net.webchannel.server.v8.ChannelInternalImpl.consume(ChannelInternalImpl.java:91)
	at com.google.net.webchannel.server.common.ChannelProcessor.run(ChannelProcessor.java:85)

Aug 08, 2026 3:57:29 PM io.gapi.emulators.netty.HttpVersionRoutingHandler channelRead
INFO: Detected non-HTTP/2 connection.
Aug 08, 2026 3:57:29 PM io.gapi.emulators.netty.HttpVersionRoutingHandler channelRead
INFO: Detected non-HTTP/2 connection.
Aug 08, 2026 3:57:29 PM io.gapi.emulators.netty.HttpVersionRoutingHandler channelRead
INFO: Detected non-HTTP/2 connection.
Aug 08, 2026 3:57:30 PM io.gapi.emulators.netty.HttpVersionRoutingHandler channelRead
INFO: Detected non-HTTP/2 connection.
Aug 08, 2026 3:57:30 PM com.google.cloud.datastore.emulator.impl.util.WrappedStreamObserver onError
WARNING: Operation failed: No matching allow statements
com.google.cloud.datastore.core.exception.DatastoreException: No matching allow statements
	at com.google.cloud.datastore.core.exception.DatastoreException$Builder.build(DatastoreException.java:152)
	at com.google.cloud.datastore.emulator.impl.rules.DefaultEmulatorRulesAuthorizer.verboseError(DefaultEmulatorRulesAuthorizer.java:349)
	at com.google.cloud.datastore.emulator.impl.rules.DefaultEmulatorRulesAuthorizer.withVerboseErrors(DefaultEmulatorRulesAuthorizer.java:326)
	at com.google.cloud.datastore.emulator.impl.rules.DefaultEmulatorRulesAuthorizer.checkCommit(DefaultEmulatorRulesAuthorizer.java:113)
	at com.google.cloud.datastore.emulator.impl.firestore.FirestoreEmulatorHelper.commitHelper(FirestoreEmulatorHelper.java:407)
	at com.google.cloud.datastore.emulator.impl.firestore.FirestoreEmulatorHelper.internalCommit(FirestoreEmulatorHelper.java:348)
	at com.google.cloud.datastore.emulator.impl.firestore.CloudFirestoreV1.internalCommit(CloudFirestoreV1.java:1336)
	at com.google.cloud.datastore.emulator.impl.firestore.CloudFirestoreV1.write(CloudFirestoreV1.java:1321)
	at com.google.cloud.datastore.emulator.impl.firestore.CloudFirestoreV1WriteStream.handleRequest(CloudFirestoreV1WriteStream.java:222)
	at com.google.cloud.datastore.emulator.impl.firestore.CloudFirestoreV1WriteStream.write(CloudFirestoreV1WriteStream.java:144)
	at com.google.cloud.datastore.emulator.impl.firestore.CloudFirestoreV1WriteStream.onNext(CloudFirestoreV1WriteStream.java:99)
	at com.google.cloud.datastore.emulator.impl.firestore.CloudFirestoreV1WriteStream.onNext(CloudFirestoreV1WriteStream.java:27)
	at com.google.cloud.datastore.emulator.firestore.webchannel.FirestoreV1WebChannelAdapter$FirestoreWriteHandler.onMessage(FirestoreV1WebChannelAdapter.java:160)
	at com.google.cloud.datastore.emulator.firestore.webchannel.FirestoreV1WebChannelAdapter$FirestoreWriteHandler.onMessage(FirestoreV1WebChannelAdapter.java:130)
	at com.google.net.webchannel.server.v8.ChannelInternalImpl.onMessage(ChannelInternalImpl.java:525)
	at com.google.net.webchannel.server.v8.ForwardChannel.deliverMessage(ForwardChannel.java:115)
	at com.google.net.webchannel.server.v8.ForwardChannel.processPendingRequest(ForwardChannel.java:94)
	at com.google.net.webchannel.server.v8.ForwardChannel.consume(ForwardChannel.java:68)
	at com.google.net.webchannel.server.v8.ForwardChannel.add(ForwardChannel.java:61)
	at com.google.net.webchannel.server.v8.ChannelInternalImpl.handleRequestBody(ChannelInternalImpl.java:290)
	at com.google.net.webchannel.server.v8.ChannelInternalImpl.processSessionRequest(ChannelInternalImpl.java:357)
	at com.google.net.webchannel.server.v8.ChannelInternalImpl.handle(ChannelInternalImpl.java:172)
	at com.google.net.webchannel.server.v8.ChannelInternalImpl.consume(ChannelInternalImpl.java:91)
	at com.google.net.webchannel.server.common.ChannelProcessor.run(ChannelProcessor.java:85)

Aug 08, 2026 3:57:30 PM io.gapi.emulators.netty.HttpVersionRoutingHandler channelRead
INFO: Detected non-HTTP/2 connection.
Aug 08, 2026 3:57:30 PM com.google.cloud.datastore.emulator.firestore.webchannel.FirestoreV1WebChannelAdapter$FirestoreWriteHandler onClose
INFO: channel closed
Aug 08, 2026 3:57:30 PM io.gapi.emulators.netty.HttpVersionRoutingHandler channelRead
INFO: Detected non-HTTP/2 connection.
Aug 08, 2026 3:57:30 PM com.google.cloud.datastore.emulator.firestore.webchannel.FirestoreV1WebChannelAdapter$FirestoreWriteHandler onClose
INFO: channel closed
Aug 08, 2026 3:57:32 PM io.gapi.emulators.netty.HttpVersionRoutingHandler channelRead
INFO: Detected non-HTTP/2 connection.
Aug 08, 2026 3:57:32 PM io.gapi.emulators.netty.HttpVersionRoutingHandler channelRead
INFO: Detected non-HTTP/2 connection.
Aug 08, 2026 3:57:33 PM io.gapi.emulators.netty.HttpVersionRoutingHandler channelRead
INFO: Detected non-HTTP/2 connection.
Aug 08, 2026 3:57:33 PM com.google.cloud.datastore.emulator.impl.util.WrappedStreamObserver onError
WARNING: Operation failed: No matching allow statements
com.google.cloud.datastore.core.exception.DatastoreException: No matching allow statements
	at com.google.cloud.datastore.core.exception.DatastoreException$Builder.build(DatastoreException.java:152)
	at com.google.cloud.datastore.emulator.impl.rules.DefaultEmulatorRulesAuthorizer.verboseError(DefaultEmulatorRulesAuthorizer.java:349)
	at com.google.cloud.datastore.emulator.impl.rules.DefaultEmulatorRulesAuthorizer.withVerboseErrors(DefaultEmulatorRulesAuthorizer.java:326)
	at com.google.cloud.datastore.emulator.impl.rules.DefaultEmulatorRulesAuthorizer.checkCommit(DefaultEmulatorRulesAuthorizer.java:113)
	at com.google.cloud.datastore.emulator.impl.firestore.FirestoreEmulatorHelper.commitHelper(FirestoreEmulatorHelper.java:407)
	at com.google.cloud.datastore.emulator.impl.firestore.FirestoreEmulatorHelper.internalCommit(FirestoreEmulatorHelper.java:348)
	at com.google.cloud.datastore.emulator.impl.firestore.CloudFirestoreV1.internalCommit(CloudFirestoreV1.java:1336)
	at com.google.cloud.datastore.emulator.impl.firestore.CloudFirestoreV1.write(CloudFirestoreV1.java:1321)
	at com.google.cloud.datastore.emulator.impl.firestore.CloudFirestoreV1WriteStream.handleRequest(CloudFirestoreV1WriteStream.java:222)
	at com.google.cloud.datastore.emulator.impl.firestore.CloudFirestoreV1WriteStream.write(CloudFirestoreV1WriteStream.java:144)
	at com.google.cloud.datastore.emulator.impl.firestore.CloudFirestoreV1WriteStream.onNext(CloudFirestoreV1WriteStream.java:99)
	at com.google.cloud.datastore.emulator.impl.firestore.CloudFirestoreV1WriteStream.onNext(CloudFirestoreV1WriteStream.java:27)
	at com.google.cloud.datastore.emulator.firestore.webchannel.FirestoreV1WebChannelAdapter$FirestoreWriteHandler.onMessage(FirestoreV1WebChannelAdapter.java:160)
	at com.google.cloud.datastore.emulator.firestore.webchannel.FirestoreV1WebChannelAdapter$FirestoreWriteHandler.onMessage(FirestoreV1WebChannelAdapter.java:130)
	at com.google.net.webchannel.server.v8.ChannelInternalImpl.onMessage(ChannelInternalImpl.java:525)
	at com.google.net.webchannel.server.v8.ForwardChannel.deliverMessage(ForwardChannel.java:115)
	at com.google.net.webchannel.server.v8.ForwardChannel.processPendingRequest(ForwardChannel.java:94)
	at com.google.net.webchannel.server.v8.ForwardChannel.consume(ForwardChannel.java:68)
	at com.google.net.webchannel.server.v8.ForwardChannel.add(ForwardChannel.java:61)
	at com.google.net.webchannel.server.v8.ChannelInternalImpl.handleRequestBody(ChannelInternalImpl.java:290)
	at com.google.net.webchannel.server.v8.ChannelInternalImpl.processSessionRequest(ChannelInternalImpl.java:357)
	at com.google.net.webchannel.server.v8.ChannelInternalImpl.handle(ChannelInternalImpl.java:172)
	at com.google.net.webchannel.server.v8.ChannelInternalImpl.consume(ChannelInternalImpl.java:91)
	at com.google.net.webchannel.server.common.ChannelProcessor.run(ChannelProcessor.java:85)

Aug 08, 2026 3:57:33 PM io.gapi.emulators.netty.HttpVersionRoutingHandler channelRead
INFO: Detected non-HTTP/2 connection.
Aug 08, 2026 3:57:33 PM com.google.cloud.datastore.emulator.firestore.webchannel.FirestoreV1WebChannelAdapter$FirestoreWriteHandler onClose
INFO: channel closed
Aug 08, 2026 3:57:58 PM io.gapi.emulators.netty.HttpVersionRoutingHandler channelRead
INFO: Detected non-HTTP/2 connection.
Aug 08, 2026 3:57:59 PM io.gapi.emulators.netty.HttpVersionRoutingHandler channelRead
INFO: Detected non-HTTP/2 connection.
Aug 08, 2026 3:57:59 PM io.gapi.emulators.netty.HttpVersionRoutingHandler channelRead
INFO: Detected non-HTTP/2 connection.
Aug 08, 2026 3:57:59 PM com.google.cloud.datastore.emulator.impl.util.WrappedStreamObserver onError
WARNING: Operation failed: No matching allow statements
com.google.cloud.datastore.core.exception.DatastoreException: No matching allow statements
	at com.google.cloud.datastore.core.exception.DatastoreException$Builder.build(DatastoreException.java:152)
	at com.google.cloud.datastore.emulator.impl.rules.DefaultEmulatorRulesAuthorizer.verboseError(DefaultEmulatorRulesAuthorizer.java:349)
	at com.google.cloud.datastore.emulator.impl.rules.DefaultEmulatorRulesAuthorizer.withVerboseErrors(DefaultEmulatorRulesAuthorizer.java:326)
	at com.google.cloud.datastore.emulator.impl.rules.DefaultEmulatorRulesAuthorizer.checkCommit(DefaultEmulatorRulesAuthorizer.java:113)
	at com.google.cloud.datastore.emulator.impl.firestore.FirestoreEmulatorHelper.commitHelper(FirestoreEmulatorHelper.java:407)
	at com.google.cloud.datastore.emulator.impl.firestore.FirestoreEmulatorHelper.internalCommit(FirestoreEmulatorHelper.java:348)
	at com.google.cloud.datastore.emulator.impl.firestore.CloudFirestoreV1.internalCommit(CloudFirestoreV1.java:1336)
	at com.google.cloud.datastore.emulator.impl.firestore.CloudFirestoreV1.write(CloudFirestoreV1.java:1321)
	at com.google.cloud.datastore.emulator.impl.firestore.CloudFirestoreV1WriteStream.handleRequest(CloudFirestoreV1WriteStream.java:222)
	at com.google.cloud.datastore.emulator.impl.firestore.CloudFirestoreV1WriteStream.write(CloudFirestoreV1WriteStream.java:144)
	at com.google.cloud.datastore.emulator.impl.firestore.CloudFirestoreV1WriteStream.onNext(CloudFirestoreV1WriteStream.java:99)
	at com.google.cloud.datastore.emulator.impl.firestore.CloudFirestoreV1WriteStream.onNext(CloudFirestoreV1WriteStream.java:27)
	at com.google.cloud.datastore.emulator.firestore.webchannel.FirestoreV1WebChannelAdapter$FirestoreWriteHandler.onMessage(FirestoreV1WebChannelAdapter.java:160)
	at com.google.cloud.datastore.emulator.firestore.webchannel.FirestoreV1WebChannelAdapter$FirestoreWriteHandler.onMessage(FirestoreV1WebChannelAdapter.java:130)
	at com.google.net.webchannel.server.v8.ChannelInternalImpl.onMessage(ChannelInternalImpl.java:525)
	at com.google.net.webchannel.server.v8.ForwardChannel.deliverMessage(ForwardChannel.java:115)
	at com.google.net.webchannel.server.v8.ForwardChannel.processPendingRequest(ForwardChannel.java:94)
	at com.google.net.webchannel.server.v8.ForwardChannel.consume(ForwardChannel.java:68)
	at com.google.net.webchannel.server.v8.ForwardChannel.add(ForwardChannel.java:61)
	at com.google.net.webchannel.server.v8.ChannelInternalImpl.handleRequestBody(ChannelInternalImpl.java:290)
	at com.google.net.webchannel.server.v8.ChannelInternalImpl.processSessionRequest(ChannelInternalImpl.java:357)
	at com.google.net.webchannel.server.v8.ChannelInternalImpl.handle(ChannelInternalImpl.java:172)
	at com.google.net.webchannel.server.v8.ChannelInternalImpl.consume(ChannelInternalImpl.java:91)
	at com.google.net.webchannel.server.common.ChannelProcessor.run(ChannelProcessor.java:85)

Aug 08, 2026 3:57:59 PM com.google.cloud.datastore.emulator.impl.util.WrappedStreamObserver onError
WARNING: Operation failed: No matching allow statements
com.google.cloud.datastore.core.exception.DatastoreException: No matching allow statements
	at com.google.cloud.datastore.core.exception.DatastoreException$Builder.build(DatastoreException.java:152)
	at com.google.cloud.datastore.emulator.impl.rules.DefaultEmulatorRulesAuthorizer.verboseError(DefaultEmulatorRulesAuthorizer.java:349)
	at com.google.cloud.datastore.emulator.impl.rules.DefaultEmulatorRulesAuthorizer.withVerboseErrors(DefaultEmulatorRulesAuthorizer.java:326)
	at com.google.cloud.datastore.emulator.impl.rules.DefaultEmulatorRulesAuthorizer.checkCommit(DefaultEmulatorRulesAuthorizer.java:113)
	at com.google.cloud.datastore.emulator.impl.firestore.FirestoreEmulatorHelper.commitHelper(FirestoreEmulatorHelper.java:407)
	at com.google.cloud.datastore.emulator.impl.firestore.FirestoreEmulatorHelper.internalCommit(FirestoreEmulatorHelper.java:348)
	at com.google.cloud.datastore.emulator.impl.firestore.CloudFirestoreV1.internalCommit(CloudFirestoreV1.java:1336)
	at com.google.cloud.datastore.emulator.impl.firestore.CloudFirestoreV1.write(CloudFirestoreV1.java:1321)
	at com.google.cloud.datastore.emulator.impl.firestore.CloudFirestoreV1WriteStream.handleRequest(CloudFirestoreV1WriteStream.java:222)
	at com.google.cloud.datastore.emulator.impl.firestore.CloudFirestoreV1WriteStream.write(CloudFirestoreV1WriteStream.java:144)
	at com.google.cloud.datastore.emulator.impl.firestore.CloudFirestoreV1WriteStream.onNext(CloudFirestoreV1WriteStream.java:99)
	at com.google.cloud.datastore.emulator.impl.firestore.CloudFirestoreV1WriteStream.onNext(CloudFirestoreV1WriteStream.java:27)
	at com.google.cloud.datastore.emulator.firestore.webchannel.FirestoreV1WebChannelAdapter$FirestoreWriteHandler.onMessage(FirestoreV1WebChannelAdapter.java:160)
	at com.google.cloud.datastore.emulator.firestore.webchannel.FirestoreV1WebChannelAdapter$FirestoreWriteHandler.onMessage(FirestoreV1WebChannelAdapter.java:130)
	at com.google.net.webchannel.server.v8.ChannelInternalImpl.onMessage(ChannelInternalImpl.java:525)
	at com.google.net.webchannel.server.v8.ForwardChannel.deliverMessage(ForwardChannel.java:115)
	at com.google.net.webchannel.server.v8.ForwardChannel.processPendingRequest(ForwardChannel.java:94)
	at com.google.net.webchannel.server.v8.ForwardChannel.consume(ForwardChannel.java:68)
	at com.google.net.webchannel.server.v8.ForwardChannel.add(ForwardChannel.java:61)
	at com.google.net.webchannel.server.v8.ChannelInternalImpl.handleRequestBody(ChannelInternalImpl.java:290)
	at com.google.net.webchannel.server.v8.ChannelInternalImpl.processSessionRequest(ChannelInternalImpl.java:357)
	at com.google.net.webchannel.server.v8.ChannelInternalImpl.handle(ChannelInternalImpl.java:172)
	at com.google.net.webchannel.server.v8.ChannelInternalImpl.consume(ChannelInternalImpl.java:91)
	at com.google.net.webchannel.server.common.ChannelProcessor.run(ChannelProcessor.java:85)

Aug 08, 2026 3:57:59 PM io.gapi.emulators.netty.HttpVersionRoutingHandler channelRead
INFO: Detected non-HTTP/2 connection.
Aug 08, 2026 3:57:59 PM io.gapi.emulators.netty.HttpVersionRoutingHandler channelRead
INFO: Detected non-HTTP/2 connection.
Aug 08, 2026 3:57:59 PM com.google.cloud.datastore.emulator.firestore.webchannel.FirestoreV1WebChannelAdapter$FirestoreWriteHandler onClose
INFO: channel closed
Aug 08, 2026 3:58:00 PM io.gapi.emulators.netty.HttpVersionRoutingHandler channelRead
INFO: Detected non-HTTP/2 connection.
Aug 08, 2026 3:58:00 PM io.gapi.emulators.netty.HttpVersionRoutingHandler channelRead
INFO: Detected non-HTTP/2 connection.
Aug 08, 2026 3:58:00 PM com.google.cloud.datastore.emulator.impl.util.WrappedStreamObserver onError
WARNING: Operation failed: No matching allow statements
com.google.cloud.datastore.core.exception.DatastoreException: No matching allow statements
	at com.google.cloud.datastore.core.exception.DatastoreException$Builder.build(DatastoreException.java:152)
	at com.google.cloud.datastore.emulator.impl.rules.DefaultEmulatorRulesAuthorizer.verboseError(DefaultEmulatorRulesAuthorizer.java:349)
	at com.google.cloud.datastore.emulator.impl.rules.DefaultEmulatorRulesAuthorizer.withVerboseErrors(DefaultEmulatorRulesAuthorizer.java:326)
	at com.google.cloud.datastore.emulator.impl.rules.DefaultEmulatorRulesAuthorizer.checkCommit(DefaultEmulatorRulesAuthorizer.java:113)
	at com.google.cloud.datastore.emulator.impl.firestore.FirestoreEmulatorHelper.commitHelper(FirestoreEmulatorHelper.java:407)
	at com.google.cloud.datastore.emulator.impl.firestore.FirestoreEmulatorHelper.internalCommit(FirestoreEmulatorHelper.java:348)
	at com.google.cloud.datastore.emulator.impl.firestore.CloudFirestoreV1.internalCommit(CloudFirestoreV1.java:1336)
	at com.google.cloud.datastore.emulator.impl.firestore.CloudFirestoreV1.write(CloudFirestoreV1.java:1321)
	at com.google.cloud.datastore.emulator.impl.firestore.CloudFirestoreV1WriteStream.handleRequest(CloudFirestoreV1WriteStream.java:222)
	at com.google.cloud.datastore.emulator.impl.firestore.CloudFirestoreV1WriteStream.write(CloudFirestoreV1WriteStream.java:144)
	at com.google.cloud.datastore.emulator.impl.firestore.CloudFirestoreV1WriteStream.onNext(CloudFirestoreV1WriteStream.java:99)
	at com.google.cloud.datastore.emulator.impl.firestore.CloudFirestoreV1WriteStream.onNext(CloudFirestoreV1WriteStream.java:27)
	at com.google.cloud.datastore.emulator.firestore.webchannel.FirestoreV1WebChannelAdapter$FirestoreWriteHandler.onMessage(FirestoreV1WebChannelAdapter.java:160)
	at com.google.cloud.datastore.emulator.firestore.webchannel.FirestoreV1WebChannelAdapter$FirestoreWriteHandler.onMessage(FirestoreV1WebChannelAdapter.java:130)
	at com.google.net.webchannel.server.v8.ChannelInternalImpl.onMessage(ChannelInternalImpl.java:525)
	at com.google.net.webchannel.server.v8.ForwardChannel.deliverMessage(ForwardChannel.java:115)
	at com.google.net.webchannel.server.v8.ForwardChannel.processPendingRequest(ForwardChannel.java:94)
	at com.google.net.webchannel.server.v8.ForwardChannel.consume(ForwardChannel.java:68)
	at com.google.net.webchannel.server.v8.ForwardChannel.add(ForwardChannel.java:61)
	at com.google.net.webchannel.server.v8.ChannelInternalImpl.handleRequestBody(ChannelInternalImpl.java:290)
	at com.google.net.webchannel.server.v8.ChannelInternalImpl.processSessionRequest(ChannelInternalImpl.java:357)
	at com.google.net.webchannel.server.v8.ChannelInternalImpl.handle(ChannelInternalImpl.java:172)
	at com.google.net.webchannel.server.v8.ChannelInternalImpl.consume(ChannelInternalImpl.java:91)
	at com.google.net.webchannel.server.common.ChannelProcessor.run(ChannelProcessor.java:85)

Aug 08, 2026 3:58:00 PM io.gapi.emulators.netty.HttpVersionRoutingHandler channelRead
INFO: Detected non-HTTP/2 connection.
Aug 08, 2026 3:58:00 PM io.gapi.emulators.netty.HttpVersionRoutingHandler channelRead
INFO: Detected non-HTTP/2 connection.
Aug 08, 2026 3:58:00 PM io.gapi.emulators.netty.HttpVersionRoutingHandler channelRead
INFO: Detected non-HTTP/2 connection.
Aug 08, 2026 3:58:00 PM com.google.cloud.datastore.emulator.impl.util.WrappedStreamObserver onError
WARNING: Operation failed: 
false for 'create' @ L28
com.google.cloud.datastore.core.exception.DatastoreException: 
false for 'create' @ L28
	at com.google.cloud.datastore.core.exception.DatastoreException$Builder.build(DatastoreException.java:152)
	at com.google.cloud.datastore.emulator.impl.rules.DefaultEmulatorRulesAuthorizer.verboseError(DefaultEmulatorRulesAuthorizer.java:349)
	at com.google.cloud.datastore.emulator.impl.rules.DefaultEmulatorRulesAuthorizer.withVerboseErrors(DefaultEmulatorRulesAuthorizer.java:326)
	at com.google.cloud.datastore.emulator.impl.rules.DefaultEmulatorRulesAuthorizer.checkCommit(DefaultEmulatorRulesAuthorizer.java:113)
	at com.google.cloud.datastore.emulator.impl.firestore.FirestoreEmulatorHelper.commitHelper(FirestoreEmulatorHelper.java:407)
	at com.google.cloud.datastore.emulator.impl.firestore.FirestoreEmulatorHelper.internalCommit(FirestoreEmulatorHelper.java:348)
	at com.google.cloud.datastore.emulator.impl.firestore.CloudFirestoreV1.internalCommit(CloudFirestoreV1.java:1336)
	at com.google.cloud.datastore.emulator.impl.firestore.CloudFirestoreV1.write(CloudFirestoreV1.java:1321)
	at com.google.cloud.datastore.emulator.impl.firestore.CloudFirestoreV1WriteStream.handleRequest(CloudFirestoreV1WriteStream.java:222)
	at com.google.cloud.datastore.emulator.impl.firestore.CloudFirestoreV1WriteStream.write(CloudFirestoreV1WriteStream.java:144)
	at com.google.cloud.datastore.emulator.impl.firestore.CloudFirestoreV1WriteStream.onNext(CloudFirestoreV1WriteStream.java:99)
	at com.google.cloud.datastore.emulator.impl.firestore.CloudFirestoreV1WriteStream.onNext(CloudFirestoreV1WriteStream.java:27)
	at com.google.cloud.datastore.emulator.firestore.webchannel.FirestoreV1WebChannelAdapter$FirestoreWriteHandler.onMessage(FirestoreV1WebChannelAdapter.java:160)
	at com.google.cloud.datastore.emulator.firestore.webchannel.FirestoreV1WebChannelAdapter$FirestoreWriteHandler.onMessage(FirestoreV1WebChannelAdapter.java:130)
	at com.google.net.webchannel.server.v8.ChannelInternalImpl.onMessage(ChannelInternalImpl.java:525)
	at com.google.net.webchannel.server.v8.ForwardChannel.deliverMessage(ForwardChannel.java:115)
	at com.google.net.webchannel.server.v8.ForwardChannel.processPendingRequest(ForwardChannel.java:94)
	at com.google.net.webchannel.server.v8.ForwardChannel.consume(ForwardChannel.java:68)
	at com.google.net.webchannel.server.v8.ForwardChannel.add(ForwardChannel.java:61)
	at com.google.net.webchannel.server.v8.ChannelInternalImpl.handleRequestBody(ChannelInternalImpl.java:290)
	at com.google.net.webchannel.server.v8.ChannelInternalImpl.processSessionRequest(ChannelInternalImpl.java:357)
	at com.google.net.webchannel.server.v8.ChannelInternalImpl.handle(ChannelInternalImpl.java:172)
	at com.google.net.webchannel.server.v8.ChannelInternalImpl.consume(ChannelInternalImpl.java:91)
	at com.google.net.webchannel.server.common.ChannelProcessor.run(ChannelProcessor.java:85)

Aug 08, 2026 3:58:00 PM io.gapi.emulators.netty.HttpVersionRoutingHandler channelRead
INFO: Detected non-HTTP/2 connection.
Aug 08, 2026 3:58:00 PM com.google.cloud.datastore.emulator.firestore.webchannel.FirestoreV1WebChannelAdapter$FirestoreWriteHandler onClose
INFO: channel closed
Aug 08, 2026 3:58:01 PM io.gapi.emulators.netty.HttpVersionRoutingHandler channelRead
INFO: Detected non-HTTP/2 connection.
Aug 08, 2026 3:58:01 PM com.google.cloud.datastore.emulator.firestore.webchannel.FirestoreV1WebChannelAdapter$FirestoreWriteHandler onClose
INFO: channel closed
Aug 08, 2026 3:58:09 PM io.gapi.emulators.netty.HttpVersionRoutingHandler channelRead
INFO: Detected non-HTTP/2 connection.
Aug 08, 2026 3:58:09 PM io.gapi.emulators.netty.HttpVersionRoutingHandler channelRead
INFO: Detected non-HTTP/2 connection.
Aug 08, 2026 3:58:09 PM io.gapi.emulators.netty.HttpVersionRoutingHandler channelRead
INFO: Detected non-HTTP/2 connection.
Aug 08, 2026 3:58:09 PM io.gapi.emulators.netty.HttpVersionRoutingHandler channelRead
INFO: Detected non-HTTP/2 connection.
Aug 08, 2026 3:58:09 PM io.gapi.emulators.netty.HttpVersionRoutingHandler channelRead
INFO: Detected non-HTTP/2 connection.
Aug 08, 2026 3:58:10 PM io.gapi.emulators.netty.HttpVersionRoutingHandler channelRead
INFO: Detected non-HTTP/2 connection.
Aug 08, 2026 3:58:10 PM io.gapi.emulators.netty.HttpVersionRoutingHandler channelRead
INFO: Detected non-HTTP/2 connection.
Aug 08, 2026 3:58:10 PM com.google.cloud.datastore.emulator.impl.util.WrappedStreamObserver onError
WARNING: Operation failed: No matching allow statements
com.google.cloud.datastore.core.exception.DatastoreException: No matching allow statements
	at com.google.cloud.datastore.core.exception.DatastoreException$Builder.build(DatastoreException.java:152)
	at com.google.cloud.datastore.emulator.impl.rules.DefaultEmulatorRulesAuthorizer.verboseError(DefaultEmulatorRulesAuthorizer.java:349)
	at com.google.cloud.datastore.emulator.impl.rules.DefaultEmulatorRulesAuthorizer.withVerboseErrors(DefaultEmulatorRulesAuthorizer.java:326)
	at com.google.cloud.datastore.emulator.impl.rules.DefaultEmulatorRulesAuthorizer.checkCommit(DefaultEmulatorRulesAuthorizer.java:113)
	at com.google.cloud.datastore.emulator.impl.firestore.FirestoreEmulatorHelper.commitHelper(FirestoreEmulatorHelper.java:407)
	at com.google.cloud.datastore.emulator.impl.firestore.FirestoreEmulatorHelper.internalCommit(FirestoreEmulatorHelper.java:348)
	at com.google.cloud.datastore.emulator.impl.firestore.CloudFirestoreV1.internalCommit(CloudFirestoreV1.java:1336)
	at com.google.cloud.datastore.emulator.impl.firestore.CloudFirestoreV1.write(CloudFirestoreV1.java:1321)
	at com.google.cloud.datastore.emulator.impl.firestore.CloudFirestoreV1WriteStream.handleRequest(CloudFirestoreV1WriteStream.java:222)
	at com.google.cloud.datastore.emulator.impl.firestore.CloudFirestoreV1WriteStream.write(CloudFirestoreV1WriteStream.java:144)
	at com.google.cloud.datastore.emulator.impl.firestore.CloudFirestoreV1WriteStream.onNext(CloudFirestoreV1WriteStream.java:99)
	at com.google.cloud.datastore.emulator.impl.firestore.CloudFirestoreV1WriteStream.onNext(CloudFirestoreV1WriteStream.java:27)
	at com.google.cloud.datastore.emulator.firestore.webchannel.FirestoreV1WebChannelAdapter$FirestoreWriteHandler.onMessage(FirestoreV1WebChannelAdapter.java:160)
	at com.google.cloud.datastore.emulator.firestore.webchannel.FirestoreV1WebChannelAdapter$FirestoreWriteHandler.onMessage(FirestoreV1WebChannelAdapter.java:130)
	at com.google.net.webchannel.server.v8.ChannelInternalImpl.onMessage(ChannelInternalImpl.java:525)
	at com.google.net.webchannel.server.v8.ForwardChannel.deliverMessage(ForwardChannel.java:115)
	at com.google.net.webchannel.server.v8.ForwardChannel.processPendingRequest(ForwardChannel.java:94)
	at com.google.net.webchannel.server.v8.ForwardChannel.consume(ForwardChannel.java:68)
	at com.google.net.webchannel.server.v8.ForwardChannel.add(ForwardChannel.java:61)
	at com.google.net.webchannel.server.v8.ChannelInternalImpl.handleRequestBody(ChannelInternalImpl.java:290)
	at com.google.net.webchannel.server.v8.ChannelInternalImpl.processSessionRequest(ChannelInternalImpl.java:357)
	at com.google.net.webchannel.server.v8.ChannelInternalImpl.handle(ChannelInternalImpl.java:172)
	at com.google.net.webchannel.server.v8.ChannelInternalImpl.consume(ChannelInternalImpl.java:91)
	at com.google.net.webchannel.server.common.ChannelProcessor.run(ChannelProcessor.java:85)

Aug 08, 2026 3:58:10 PM io.gapi.emulators.netty.HttpVersionRoutingHandler channelRead
INFO: Detected non-HTTP/2 connection.
Aug 08, 2026 3:58:10 PM com.google.cloud.datastore.emulator.firestore.webchannel.FirestoreV1WebChannelAdapter$FirestoreWriteHandler onClose
INFO: channel closed
Aug 08, 2026 3:58:10 PM io.gapi.emulators.netty.HttpVersionRoutingHandler channelRead
INFO: Detected non-HTTP/2 connection.
Aug 08, 2026 3:58:10 PM com.google.cloud.datastore.emulator.firestore.webchannel.FirestoreV1WebChannelAdapter$FirestoreListenHandler onClose
INFO: channel closed
Aug 08, 2026 3:58:30 PM io.gapi.emulators.netty.HttpVersionRoutingHandler channelRead
INFO: Detected non-HTTP/2 connection.
Aug 08, 2026 3:59:10 PM io.gapi.emulators.netty.HttpVersionRoutingHandler channelRead
INFO: Detected non-HTTP/2 connection.
Aug 08, 2026 3:59:45 PM io.gapi.emulators.netty.HttpVersionRoutingHandler channelRead
INFO: Detected non-HTTP/2 connection.
Aug 08, 2026 4:00:10 PM io.gapi.emulators.netty.HttpVersionRoutingHandler channelRead
INFO: Detected non-HTTP/2 connection.
Aug 08, 2026 4:00:49 PM io.gapi.emulators.netty.HttpVersionRoutingHandler channelRead
INFO: Detected non-HTTP/2 connection.
Aug 08, 2026 4:00:49 PM io.gapi.emulators.netty.HttpVersionRoutingHandler channelRead
INFO: Detected non-HTTP/2 connection.
Aug 08, 2026 4:00:51 PM io.gapi.emulators.netty.HttpVersionRoutingHandler channelRead
INFO: Detected non-HTTP/2 connection.
Aug 08, 2026 4:00:51 PM io.gapi.emulators.netty.HttpVersionRoutingHandler channelRead
INFO: Detected non-HTTP/2 connection.
Aug 08, 2026 4:00:51 PM io.gapi.emulators.netty.HttpVersionRoutingHandler channelRead
INFO: Detected non-HTTP/2 connection.
Aug 08, 2026 4:00:58 PM io.gapi.emulators.netty.HttpVersionRoutingHandler channelRead
INFO: Detected non-HTTP/2 connection.
Aug 08, 2026 4:00:58 PM io.gapi.emulators.netty.HttpVersionRoutingHandler channelRead
INFO: Detected non-HTTP/2 connection.
Aug 08, 2026 4:00:58 PM io.gapi.emulators.netty.HttpVersionRoutingHandler channelRead
INFO: Detected non-HTTP/2 connection.
Aug 08, 2026 4:01:04 PM io.gapi.emulators.netty.HttpVersionRoutingHandler channelRead
INFO: Detected non-HTTP/2 connection.
Aug 08, 2026 4:01:04 PM io.gapi.emulators.netty.HttpVersionRoutingHandler channelRead
INFO: Detected non-HTTP/2 connection.
Aug 08, 2026 4:01:04 PM io.gapi.emulators.netty.HttpVersionRoutingHandler channelRead
INFO: Detected non-HTTP/2 connection.
Aug 08, 2026 4:01:04 PM io.gapi.emulators.netty.HttpVersionRoutingHandler channelRead
INFO: Detected non-HTTP/2 connection.
Aug 08, 2026 4:01:04 PM io.gapi.emulators.netty.HttpVersionRoutingHandler channelRead
INFO: Detected non-HTTP/2 connection.
Aug 08, 2026 4:01:05 PM io.gapi.emulators.netty.HttpVersionRoutingHandler channelRead
INFO: Detected non-HTTP/2 connection.
Aug 08, 2026 4:01:05 PM io.gapi.emulators.netty.HttpVersionRoutingHandler channelRead
INFO: Detected non-HTTP/2 connection.
Aug 08, 2026 4:01:05 PM io.gapi.emulators.netty.HttpVersionRoutingHandler channelRead
INFO: Detected non-HTTP/2 connection.
Aug 08, 2026 4:01:05 PM io.gapi.emulators.netty.HttpVersionRoutingHandler channelRead
INFO: Detected non-HTTP/2 connection.
Aug 08, 2026 4:01:05 PM com.google.cloud.datastore.emulator.impl.util.WrappedStreamObserver onError
WARNING: Operation failed: No matching allow statements
com.google.cloud.datastore.core.exception.DatastoreException: No matching allow statements
	at com.google.cloud.datastore.core.exception.DatastoreException$Builder.build(DatastoreException.java:152)
	at com.google.cloud.datastore.emulator.impl.rules.DefaultEmulatorRulesAuthorizer.verboseError(DefaultEmulatorRulesAuthorizer.java:349)
	at com.google.cloud.datastore.emulator.impl.rules.DefaultEmulatorRulesAuthorizer.withVerboseErrors(DefaultEmulatorRulesAuthorizer.java:326)
	at com.google.cloud.datastore.emulator.impl.rules.DefaultEmulatorRulesAuthorizer.checkCommit(DefaultEmulatorRulesAuthorizer.java:113)
	at com.google.cloud.datastore.emulator.impl.firestore.FirestoreEmulatorHelper.commitHelper(FirestoreEmulatorHelper.java:407)
	at com.google.cloud.datastore.emulator.impl.firestore.FirestoreEmulatorHelper.internalCommit(FirestoreEmulatorHelper.java:348)
	at com.google.cloud.datastore.emulator.impl.firestore.CloudFirestoreV1.internalCommit(CloudFirestoreV1.java:1336)
	at com.google.cloud.datastore.emulator.impl.firestore.CloudFirestoreV1.write(CloudFirestoreV1.java:1321)
	at com.google.cloud.datastore.emulator.impl.firestore.CloudFirestoreV1WriteStream.handleRequest(CloudFirestoreV1WriteStream.java:222)
	at com.google.cloud.datastore.emulator.impl.firestore.CloudFirestoreV1WriteStream.write(CloudFirestoreV1WriteStream.java:144)
	at com.google.cloud.datastore.emulator.impl.firestore.CloudFirestoreV1WriteStream.onNext(CloudFirestoreV1WriteStream.java:99)
	at com.google.cloud.datastore.emulator.impl.firestore.CloudFirestoreV1WriteStream.onNext(CloudFirestoreV1WriteStream.java:27)
	at com.google.cloud.datastore.emulator.firestore.webchannel.FirestoreV1WebChannelAdapter$FirestoreWriteHandler.onMessage(FirestoreV1WebChannelAdapter.java:160)
	at com.google.cloud.datastore.emulator.firestore.webchannel.FirestoreV1WebChannelAdapter$FirestoreWriteHandler.onMessage(FirestoreV1WebChannelAdapter.java:130)
	at com.google.net.webchannel.server.v8.ChannelInternalImpl.onMessage(ChannelInternalImpl.java:525)
	at com.google.net.webchannel.server.v8.ForwardChannel.deliverMessage(ForwardChannel.java:115)
	at com.google.net.webchannel.server.v8.ForwardChannel.processPendingRequest(ForwardChannel.java:94)
	at com.google.net.webchannel.server.v8.ForwardChannel.consume(ForwardChannel.java:68)
	at com.google.net.webchannel.server.v8.ForwardChannel.add(ForwardChannel.java:61)
	at com.google.net.webchannel.server.v8.ChannelInternalImpl.handleRequestBody(ChannelInternalImpl.java:290)
	at com.google.net.webchannel.server.v8.ChannelInternalImpl.processSessionRequest(ChannelInternalImpl.java:357)
	at com.google.net.webchannel.server.v8.ChannelInternalImpl.handle(ChannelInternalImpl.java:172)
	at com.google.net.webchannel.server.v8.ChannelInternalImpl.consume(ChannelInternalImpl.java:91)
	at com.google.net.webchannel.server.common.ChannelProcessor.run(ChannelProcessor.java:85)

Aug 08, 2026 4:01:05 PM io.gapi.emulators.netty.HttpVersionRoutingHandler channelRead
INFO: Detected non-HTTP/2 connection.
Aug 08, 2026 4:01:05 PM io.gapi.emulators.netty.HttpVersionRoutingHandler channelRead
INFO: Detected non-HTTP/2 connection.
Aug 08, 2026 4:01:05 PM io.gapi.emulators.netty.HttpVersionRoutingHandler channelRead
INFO: Detected non-HTTP/2 connection.
Aug 08, 2026 4:01:05 PM io.gapi.emulators.netty.HttpVersionRoutingHandler channelRead
INFO: Detected non-HTTP/2 connection.
Aug 08, 2026 4:01:05 PM com.google.cloud.datastore.emulator.firestore.webchannel.FirestoreV1WebChannelAdapter$FirestoreWriteHandler onClose
INFO: channel closed
Aug 08, 2026 4:01:05 PM io.gapi.emulators.netty.HttpVersionRoutingHandler channelRead
INFO: Detected non-HTTP/2 connection.
Aug 08, 2026 4:01:05 PM io.gapi.emulators.netty.HttpVersionRoutingHandler channelRead
INFO: Detected non-HTTP/2 connection.
Aug 08, 2026 4:01:06 PM io.gapi.emulators.netty.HttpVersionRoutingHandler channelRead
INFO: Detected non-HTTP/2 connection.
Aug 08, 2026 4:01:06 PM io.gapi.emulators.netty.HttpVersionRoutingHandler channelRead
INFO: Detected non-HTTP/2 connection.
Aug 08, 2026 4:01:06 PM com.google.cloud.datastore.emulator.firestore.webchannel.FirestoreV1WebChannelAdapter$FirestoreListenHandler onClose
INFO: channel closed
Aug 08, 2026 4:01:06 PM io.gapi.emulators.netty.HttpVersionRoutingHandler channelRead
INFO: Detected non-HTTP/2 connection.
Aug 08, 2026 4:01:07 PM io.gapi.emulators.netty.HttpVersionRoutingHandler channelRead
INFO: Detected non-HTTP/2 connection.
Aug 08, 2026 4:01:07 PM io.gapi.emulators.netty.HttpVersionRoutingHandler channelRead
INFO: Detected non-HTTP/2 connection.
Aug 08, 2026 4:01:07 PM io.gapi.emulators.netty.HttpVersionRoutingHandler channelRead
INFO: Detected non-HTTP/2 connection.
Aug 08, 2026 4:01:07 PM io.gapi.emulators.netty.HttpVersionRoutingHandler channelRead
INFO: Detected non-HTTP/2 connection.
Aug 08, 2026 4:01:07 PM io.gapi.emulators.netty.HttpVersionRoutingHandler channelRead
INFO: Detected non-HTTP/2 connection.
Aug 08, 2026 4:01:07 PM io.gapi.emulators.netty.HttpVersionRoutingHandler channelRead
INFO: Detected non-HTTP/2 connection.
Aug 08, 2026 4:01:07 PM com.google.cloud.datastore.emulator.impl.util.WrappedStreamObserver onError
WARNING: Operation failed: No matching allow statements
com.google.cloud.datastore.core.exception.DatastoreException: No matching allow statements
	at com.google.cloud.datastore.core.exception.DatastoreException$Builder.build(DatastoreException.java:152)
	at com.google.cloud.datastore.emulator.impl.rules.DefaultEmulatorRulesAuthorizer.verboseError(DefaultEmulatorRulesAuthorizer.java:349)
	at com.google.cloud.datastore.emulator.impl.rules.DefaultEmulatorRulesAuthorizer.withVerboseErrors(DefaultEmulatorRulesAuthorizer.java:326)
	at com.google.cloud.datastore.emulator.impl.rules.DefaultEmulatorRulesAuthorizer.checkCommit(DefaultEmulatorRulesAuthorizer.java:113)
	at com.google.cloud.datastore.emulator.impl.firestore.FirestoreEmulatorHelper.commitHelper(FirestoreEmulatorHelper.java:407)
	at com.google.cloud.datastore.emulator.impl.firestore.FirestoreEmulatorHelper.internalCommit(FirestoreEmulatorHelper.java:348)
	at com.google.cloud.datastore.emulator.impl.firestore.CloudFirestoreV1.internalCommit(CloudFirestoreV1.java:1336)
	at com.google.cloud.datastore.emulator.impl.firestore.CloudFirestoreV1.write(CloudFirestoreV1.java:1321)
	at com.google.cloud.datastore.emulator.impl.firestore.CloudFirestoreV1WriteStream.handleRequest(CloudFirestoreV1WriteStream.java:222)
	at com.google.cloud.datastore.emulator.impl.firestore.CloudFirestoreV1WriteStream.write(CloudFirestoreV1WriteStream.java:144)
	at com.google.cloud.datastore.emulator.impl.firestore.CloudFirestoreV1WriteStream.onNext(CloudFirestoreV1WriteStream.java:99)
	at com.google.cloud.datastore.emulator.impl.firestore.CloudFirestoreV1WriteStream.onNext(CloudFirestoreV1WriteStream.java:27)
	at com.google.cloud.datastore.emulator.firestore.webchannel.FirestoreV1WebChannelAdapter$FirestoreWriteHandler.onMessage(FirestoreV1WebChannelAdapter.java:160)
	at com.google.cloud.datastore.emulator.firestore.webchannel.FirestoreV1WebChannelAdapter$FirestoreWriteHandler.onMessage(FirestoreV1WebChannelAdapter.java:130)
	at com.google.net.webchannel.server.v8.ChannelInternalImpl.onMessage(ChannelInternalImpl.java:525)
	at com.google.net.webchannel.server.v8.ForwardChannel.deliverMessage(ForwardChannel.java:115)
	at com.google.net.webchannel.server.v8.ForwardChannel.processPendingRequest(ForwardChannel.java:94)
	at com.google.net.webchannel.server.v8.ForwardChannel.consume(ForwardChannel.java:68)
	at com.google.net.webchannel.server.v8.ForwardChannel.add(ForwardChannel.java:61)
	at com.google.net.webchannel.server.v8.ChannelInternalImpl.handleRequestBody(ChannelInternalImpl.java:290)
	at com.google.net.webchannel.server.v8.ChannelInternalImpl.processSessionRequest(ChannelInternalImpl.java:357)
	at com.google.net.webchannel.server.v8.ChannelInternalImpl.handle(ChannelInternalImpl.java:172)
	at com.google.net.webchannel.server.v8.ChannelInternalImpl.consume(ChannelInternalImpl.java:91)
	at com.google.net.webchannel.server.common.ChannelProcessor.run(ChannelProcessor.java:85)

Aug 08, 2026 4:01:08 PM io.gapi.emulators.netty.HttpVersionRoutingHandler channelRead
INFO: Detected non-HTTP/2 connection.
Aug 08, 2026 4:01:08 PM com.google.cloud.datastore.emulator.firestore.webchannel.FirestoreV1WebChannelAdapter$FirestoreWriteHandler onClose
INFO: channel closed
Aug 08, 2026 4:01:11 PM io.gapi.emulators.netty.HttpVersionRoutingHandler channelRead
INFO: Detected non-HTTP/2 connection.
Aug 08, 2026 4:01:11 PM io.gapi.emulators.netty.HttpVersionRoutingHandler channelRead
INFO: Detected non-HTTP/2 connection.
Aug 08, 2026 4:01:11 PM io.gapi.emulators.netty.HttpVersionRoutingHandler channelRead
INFO: Detected non-HTTP/2 connection.
Aug 08, 2026 4:01:11 PM io.gapi.emulators.netty.HttpVersionRoutingHandler channelRead
INFO: Detected non-HTTP/2 connection.
Aug 08, 2026 4:01:11 PM io.gapi.emulators.netty.HttpVersionRoutingHandler channelRead
INFO: Detected non-HTTP/2 connection.
Aug 08, 2026 4:01:11 PM io.gapi.emulators.netty.HttpVersionRoutingHandler channelRead
INFO: Detected non-HTTP/2 connection.
Aug 08, 2026 4:01:11 PM io.gapi.emulators.netty.HttpVersionRoutingHandler channelRead
INFO: Detected non-HTTP/2 connection.
Aug 08, 2026 4:01:11 PM io.gapi.emulators.netty.HttpVersionRoutingHandler channelRead
INFO: Detected non-HTTP/2 connection.
Aug 08, 2026 4:01:11 PM com.google.cloud.datastore.emulator.impl.util.WrappedStreamObserver onError
WARNING: Operation failed: No matching allow statements
com.google.cloud.datastore.core.exception.DatastoreException: No matching allow statements
	at com.google.cloud.datastore.core.exception.DatastoreException$Builder.build(DatastoreException.java:152)
	at com.google.cloud.datastore.emulator.impl.rules.DefaultEmulatorRulesAuthorizer.verboseError(DefaultEmulatorRulesAuthorizer.java:349)
	at com.google.cloud.datastore.emulator.impl.rules.DefaultEmulatorRulesAuthorizer.withVerboseErrors(DefaultEmulatorRulesAuthorizer.java:326)
	at com.google.cloud.datastore.emulator.impl.rules.DefaultEmulatorRulesAuthorizer.checkCommit(DefaultEmulatorRulesAuthorizer.java:113)
	at com.google.cloud.datastore.emulator.impl.firestore.FirestoreEmulatorHelper.commitHelper(FirestoreEmulatorHelper.java:407)
	at com.google.cloud.datastore.emulator.impl.firestore.FirestoreEmulatorHelper.internalCommit(FirestoreEmulatorHelper.java:348)
	at com.google.cloud.datastore.emulator.impl.firestore.CloudFirestoreV1.internalCommit(CloudFirestoreV1.java:1336)
	at com.google.cloud.datastore.emulator.impl.firestore.CloudFirestoreV1.write(CloudFirestoreV1.java:1321)
	at com.google.cloud.datastore.emulator.impl.firestore.CloudFirestoreV1WriteStream.handleRequest(CloudFirestoreV1WriteStream.java:222)
	at com.google.cloud.datastore.emulator.impl.firestore.CloudFirestoreV1WriteStream.write(CloudFirestoreV1WriteStream.java:144)
	at com.google.cloud.datastore.emulator.impl.firestore.CloudFirestoreV1WriteStream.onNext(CloudFirestoreV1WriteStream.java:99)
	at com.google.cloud.datastore.emulator.impl.firestore.CloudFirestoreV1WriteStream.onNext(CloudFirestoreV1WriteStream.java:27)
	at com.google.cloud.datastore.emulator.firestore.webchannel.FirestoreV1WebChannelAdapter$FirestoreWriteHandler.onMessage(FirestoreV1WebChannelAdapter.java:160)
	at com.google.cloud.datastore.emulator.firestore.webchannel.FirestoreV1WebChannelAdapter$FirestoreWriteHandler.onMessage(FirestoreV1WebChannelAdapter.java:130)
	at com.google.net.webchannel.server.v8.ChannelInternalImpl.onMessage(ChannelInternalImpl.java:525)
	at com.google.net.webchannel.server.v8.ForwardChannel.deliverMessage(ForwardChannel.java:115)
	at com.google.net.webchannel.server.v8.ForwardChannel.processPendingRequest(ForwardChannel.java:94)
	at com.google.net.webchannel.server.v8.ForwardChannel.consume(ForwardChannel.java:68)
	at com.google.net.webchannel.server.v8.ForwardChannel.add(ForwardChannel.java:61)
	at com.google.net.webchannel.server.v8.ChannelInternalImpl.handleRequestBody(ChannelInternalImpl.java:290)
	at com.google.net.webchannel.server.v8.ChannelInternalImpl.processSessionRequest(ChannelInternalImpl.java:357)
	at com.google.net.webchannel.server.v8.ChannelInternalImpl.handle(ChannelInternalImpl.java:172)
	at com.google.net.webchannel.server.v8.ChannelInternalImpl.consume(ChannelInternalImpl.java:91)
	at com.google.net.webchannel.server.common.ChannelProcessor.run(ChannelProcessor.java:85)

Aug 08, 2026 4:01:11 PM io.gapi.emulators.netty.HttpVersionRoutingHandler channelRead
INFO: Detected non-HTTP/2 connection.
Aug 08, 2026 4:01:11 PM com.google.cloud.datastore.emulator.firestore.webchannel.FirestoreV1WebChannelAdapter$FirestoreListenHandler onClose
INFO: channel closed
Aug 08, 2026 4:01:12 PM io.gapi.emulators.netty.HttpVersionRoutingHandler channelRead
INFO: Detected non-HTTP/2 connection.
Aug 08, 2026 4:01:12 PM io.gapi.emulators.netty.HttpVersionRoutingHandler channelRead
INFO: Detected non-HTTP/2 connection.
Aug 08, 2026 4:01:12 PM io.gapi.emulators.netty.HttpVersionRoutingHandler channelRead
INFO: Detected non-HTTP/2 connection.
Aug 08, 2026 4:01:12 PM com.google.cloud.datastore.emulator.firestore.webchannel.FirestoreV1WebChannelAdapter$FirestoreListenHandler onClose
INFO: channel closed
Aug 08, 2026 4:01:12 PM io.gapi.emulators.netty.HttpVersionRoutingHandler channelRead
INFO: Detected non-HTTP/2 connection.
Aug 08, 2026 4:01:12 PM com.google.cloud.datastore.emulator.firestore.webchannel.FirestoreV1WebChannelAdapter$FirestoreWriteHandler onClose
INFO: channel closed
Aug 08, 2026 4:01:12 PM io.gapi.emulators.netty.HttpVersionRoutingHandler channelRead
INFO: Detected non-HTTP/2 connection.
Aug 08, 2026 4:01:12 PM com.google.cloud.datastore.emulator.firestore.webchannel.FirestoreV1WebChannelAdapter$FirestoreListenHandler onClose
INFO: channel closed
Aug 08, 2026 4:01:13 PM io.gapi.emulators.netty.HttpVersionRoutingHandler channelRead
INFO: Detected non-HTTP/2 connection.
Aug 08, 2026 4:01:13 PM io.gapi.emulators.netty.HttpVersionRoutingHandler channelRead
INFO: Detected non-HTTP/2 connection.
Aug 08, 2026 4:01:13 PM io.gapi.emulators.netty.HttpVersionRoutingHandler channelRead
INFO: Detected non-HTTP/2 connection.
Aug 08, 2026 4:01:13 PM io.gapi.emulators.netty.HttpVersionRoutingHandler channelRead
INFO: Detected non-HTTP/2 connection.
Aug 08, 2026 4:01:13 PM io.gapi.emulators.netty.HttpVersionRoutingHandler channelRead
INFO: Detected non-HTTP/2 connection.
Aug 08, 2026 4:01:13 PM io.gapi.emulators.netty.HttpVersionRoutingHandler channelRead
INFO: Detected non-HTTP/2 connection.
Aug 08, 2026 4:01:13 PM io.gapi.emulators.netty.HttpVersionRoutingHandler channelRead
INFO: Detected non-HTTP/2 connection.
Aug 08, 2026 4:01:13 PM io.gapi.emulators.netty.HttpVersionRoutingHandler channelRead
INFO: Detected non-HTTP/2 connection.
Aug 08, 2026 4:01:13 PM com.google.cloud.datastore.emulator.impl.util.WrappedStreamObserver onError
WARNING: Operation failed: No matching allow statements
com.google.cloud.datastore.core.exception.DatastoreException: No matching allow statements
	at com.google.cloud.datastore.core.exception.DatastoreException$Builder.build(DatastoreException.java:152)
	at com.google.cloud.datastore.emulator.impl.rules.DefaultEmulatorRulesAuthorizer.verboseError(DefaultEmulatorRulesAuthorizer.java:349)
	at com.google.cloud.datastore.emulator.impl.rules.DefaultEmulatorRulesAuthorizer.withVerboseErrors(DefaultEmulatorRulesAuthorizer.java:326)
	at com.google.cloud.datastore.emulator.impl.rules.DefaultEmulatorRulesAuthorizer.checkCommit(DefaultEmulatorRulesAuthorizer.java:113)
	at com.google.cloud.datastore.emulator.impl.firestore.FirestoreEmulatorHelper.commitHelper(FirestoreEmulatorHelper.java:407)
	at com.google.cloud.datastore.emulator.impl.firestore.FirestoreEmulatorHelper.internalCommit(FirestoreEmulatorHelper.java:348)
	at com.google.cloud.datastore.emulator.impl.firestore.CloudFirestoreV1.internalCommit(CloudFirestoreV1.java:1336)
	at com.google.cloud.datastore.emulator.impl.firestore.CloudFirestoreV1.write(CloudFirestoreV1.java:1321)
	at com.google.cloud.datastore.emulator.impl.firestore.CloudFirestoreV1WriteStream.handleRequest(CloudFirestoreV1WriteStream.java:222)
	at com.google.cloud.datastore.emulator.impl.firestore.CloudFirestoreV1WriteStream.write(CloudFirestoreV1WriteStream.java:144)
	at com.google.cloud.datastore.emulator.impl.firestore.CloudFirestoreV1WriteStream.onNext(CloudFirestoreV1WriteStream.java:99)
	at com.google.cloud.datastore.emulator.impl.firestore.CloudFirestoreV1WriteStream.onNext(CloudFirestoreV1WriteStream.java:27)
	at com.google.cloud.datastore.emulator.firestore.webchannel.FirestoreV1WebChannelAdapter$FirestoreWriteHandler.onMessage(FirestoreV1WebChannelAdapter.java:160)
	at com.google.cloud.datastore.emulator.firestore.webchannel.FirestoreV1WebChannelAdapter$FirestoreWriteHandler.onMessage(FirestoreV1WebChannelAdapter.java:130)
	at com.google.net.webchannel.server.v8.ChannelInternalImpl.onMessage(ChannelInternalImpl.java:525)
	at com.google.net.webchannel.server.v8.ForwardChannel.deliverMessage(ForwardChannel.java:115)
	at com.google.net.webchannel.server.v8.ForwardChannel.processPendingRequest(ForwardChannel.java:94)
	at com.google.net.webchannel.server.v8.ForwardChannel.consume(ForwardChannel.java:68)
	at com.google.net.webchannel.server.v8.ForwardChannel.add(ForwardChannel.java:61)
	at com.google.net.webchannel.server.v8.ChannelInternalImpl.handleRequestBody(ChannelInternalImpl.java:290)
	at com.google.net.webchannel.server.v8.ChannelInternalImpl.processSessionRequest(ChannelInternalImpl.java:357)
	at com.google.net.webchannel.server.v8.ChannelInternalImpl.handle(ChannelInternalImpl.java:172)
	at com.google.net.webchannel.server.v8.ChannelInternalImpl.consume(ChannelInternalImpl.java:91)
	at com.google.net.webchannel.server.common.ChannelProcessor.run(ChannelProcessor.java:85)

Aug 08, 2026 4:01:14 PM io.gapi.emulators.netty.HttpVersionRoutingHandler channelRead
INFO: Detected non-HTTP/2 connection.
Aug 08, 2026 4:01:14 PM com.google.cloud.datastore.emulator.firestore.webchannel.FirestoreV1WebChannelAdapter$FirestoreWriteHandler onClose
INFO: channel closed
Aug 08, 2026 4:01:15 PM io.gapi.emulators.netty.HttpVersionRoutingHandler channelRead
INFO: Detected non-HTTP/2 connection.
Aug 08, 2026 4:01:15 PM io.gapi.emulators.netty.HttpVersionRoutingHandler channelRead
INFO: Detected non-HTTP/2 connection.
Aug 08, 2026 4:01:15 PM io.gapi.emulators.netty.HttpVersionRoutingHandler channelRead
INFO: Detected non-HTTP/2 connection.
Aug 08, 2026 4:01:15 PM io.gapi.emulators.netty.HttpVersionRoutingHandler channelRead
INFO: Detected non-HTTP/2 connection.
Aug 08, 2026 4:01:16 PM io.gapi.emulators.netty.HttpVersionRoutingHandler channelRead
INFO: Detected non-HTTP/2 connection.
Aug 08, 2026 4:01:16 PM io.gapi.emulators.netty.HttpVersionRoutingHandler channelRead
INFO: Detected non-HTTP/2 connection.
Aug 08, 2026 4:01:16 PM com.google.cloud.datastore.emulator.impl.util.WrappedStreamObserver onError
WARNING: Operation failed: No matching allow statements
com.google.cloud.datastore.core.exception.DatastoreException: No matching allow statements
	at com.google.cloud.datastore.core.exception.DatastoreException$Builder.build(DatastoreException.java:152)
	at com.google.cloud.datastore.emulator.impl.rules.DefaultEmulatorRulesAuthorizer.verboseError(DefaultEmulatorRulesAuthorizer.java:349)
	at com.google.cloud.datastore.emulator.impl.rules.DefaultEmulatorRulesAuthorizer.withVerboseErrors(DefaultEmulatorRulesAuthorizer.java:326)
	at com.google.cloud.datastore.emulator.impl.rules.DefaultEmulatorRulesAuthorizer.checkCommit(DefaultEmulatorRulesAuthorizer.java:113)
	at com.google.cloud.datastore.emulator.impl.firestore.FirestoreEmulatorHelper.commitHelper(FirestoreEmulatorHelper.java:407)
	at com.google.cloud.datastore.emulator.impl.firestore.FirestoreEmulatorHelper.internalCommit(FirestoreEmulatorHelper.java:348)
	at com.google.cloud.datastore.emulator.impl.firestore.CloudFirestoreV1.internalCommit(CloudFirestoreV1.java:1336)
	at com.google.cloud.datastore.emulator.impl.firestore.CloudFirestoreV1.write(CloudFirestoreV1.java:1321)
	at com.google.cloud.datastore.emulator.impl.firestore.CloudFirestoreV1WriteStream.handleRequest(CloudFirestoreV1WriteStream.java:222)
	at com.google.cloud.datastore.emulator.impl.firestore.CloudFirestoreV1WriteStream.write(CloudFirestoreV1WriteStream.java:144)
	at com.google.cloud.datastore.emulator.impl.firestore.CloudFirestoreV1WriteStream.onNext(CloudFirestoreV1WriteStream.java:99)
	at com.google.cloud.datastore.emulator.impl.firestore.CloudFirestoreV1WriteStream.onNext(CloudFirestoreV1WriteStream.java:27)
	at com.google.cloud.datastore.emulator.firestore.webchannel.FirestoreV1WebChannelAdapter$FirestoreWriteHandler.onMessage(FirestoreV1WebChannelAdapter.java:160)
	at com.google.cloud.datastore.emulator.firestore.webchannel.FirestoreV1WebChannelAdapter$FirestoreWriteHandler.onMessage(FirestoreV1WebChannelAdapter.java:130)
	at com.google.net.webchannel.server.v8.ChannelInternalImpl.onMessage(ChannelInternalImpl.java:525)
	at com.google.net.webchannel.server.v8.ForwardChannel.deliverMessage(ForwardChannel.java:115)
	at com.google.net.webchannel.server.v8.ForwardChannel.processPendingRequest(ForwardChannel.java:94)
	at com.google.net.webchannel.server.v8.ForwardChannel.consume(ForwardChannel.java:68)
	at com.google.net.webchannel.server.v8.ForwardChannel.add(ForwardChannel.java:61)
	at com.google.net.webchannel.server.v8.ChannelInternalImpl.handleRequestBody(ChannelInternalImpl.java:290)
	at com.google.net.webchannel.server.v8.ChannelInternalImpl.processSessionRequest(ChannelInternalImpl.java:357)
	at com.google.net.webchannel.server.v8.ChannelInternalImpl.handle(ChannelInternalImpl.java:172)
	at com.google.net.webchannel.server.v8.ChannelInternalImpl.consume(ChannelInternalImpl.java:91)
	at com.google.net.webchannel.server.common.ChannelProcessor.run(ChannelProcessor.java:85)

Aug 08, 2026 4:01:16 PM io.gapi.emulators.netty.HttpVersionRoutingHandler channelRead
INFO: Detected non-HTTP/2 connection.
Aug 08, 2026 4:01:16 PM com.google.cloud.datastore.emulator.firestore.webchannel.FirestoreV1WebChannelAdapter$FirestoreWriteHandler onClose
INFO: channel closed
Aug 08, 2026 4:01:19 PM io.gapi.emulators.netty.HttpVersionRoutingHandler channelRead
INFO: Detected non-HTTP/2 connection.
Aug 08, 2026 4:01:19 PM io.gapi.emulators.netty.HttpVersionRoutingHandler channelRead
INFO: Detected non-HTTP/2 connection.
Aug 08, 2026 4:01:19 PM io.gapi.emulators.netty.HttpVersionRoutingHandler channelRead
INFO: Detected non-HTTP/2 connection.
Aug 08, 2026 4:01:19 PM io.gapi.emulators.netty.HttpVersionRoutingHandler channelRead
INFO: Detected non-HTTP/2 connection.
Aug 08, 2026 4:01:19 PM io.gapi.emulators.netty.HttpVersionRoutingHandler channelRead
INFO: Detected non-HTTP/2 connection.
Aug 08, 2026 4:01:19 PM io.gapi.emulators.netty.HttpVersionRoutingHandler channelRead
INFO: Detected non-HTTP/2 connection.
Aug 08, 2026 4:01:19 PM com.google.cloud.datastore.emulator.impl.util.WrappedStreamObserver onError
WARNING: Operation failed: No matching allow statements
com.google.cloud.datastore.core.exception.DatastoreException: No matching allow statements
	at com.google.cloud.datastore.core.exception.DatastoreException$Builder.build(DatastoreException.java:152)
	at com.google.cloud.datastore.emulator.impl.rules.DefaultEmulatorRulesAuthorizer.verboseError(DefaultEmulatorRulesAuthorizer.java:349)
	at com.google.cloud.datastore.emulator.impl.rules.DefaultEmulatorRulesAuthorizer.withVerboseErrors(DefaultEmulatorRulesAuthorizer.java:326)
	at com.google.cloud.datastore.emulator.impl.rules.DefaultEmulatorRulesAuthorizer.checkCommit(DefaultEmulatorRulesAuthorizer.java:113)
	at com.google.cloud.datastore.emulator.impl.firestore.FirestoreEmulatorHelper.commitHelper(FirestoreEmulatorHelper.java:407)
	at com.google.cloud.datastore.emulator.impl.firestore.FirestoreEmulatorHelper.internalCommit(FirestoreEmulatorHelper.java:348)
	at com.google.cloud.datastore.emulator.impl.firestore.CloudFirestoreV1.internalCommit(CloudFirestoreV1.java:1336)
	at com.google.cloud.datastore.emulator.impl.firestore.CloudFirestoreV1.write(CloudFirestoreV1.java:1321)
	at com.google.cloud.datastore.emulator.impl.firestore.CloudFirestoreV1WriteStream.handleRequest(CloudFirestoreV1WriteStream.java:222)
	at com.google.cloud.datastore.emulator.impl.firestore.CloudFirestoreV1WriteStream.write(CloudFirestoreV1WriteStream.java:144)
	at com.google.cloud.datastore.emulator.impl.firestore.CloudFirestoreV1WriteStream.onNext(CloudFirestoreV1WriteStream.java:99)
	at com.google.cloud.datastore.emulator.impl.firestore.CloudFirestoreV1WriteStream.onNext(CloudFirestoreV1WriteStream.java:27)
	at com.google.cloud.datastore.emulator.firestore.webchannel.FirestoreV1WebChannelAdapter$FirestoreWriteHandler.onMessage(FirestoreV1WebChannelAdapter.java:160)
	at com.google.cloud.datastore.emulator.firestore.webchannel.FirestoreV1WebChannelAdapter$FirestoreWriteHandler.onMessage(FirestoreV1WebChannelAdapter.java:130)
	at com.google.net.webchannel.server.v8.ChannelInternalImpl.onMessage(ChannelInternalImpl.java:525)
	at com.google.net.webchannel.server.v8.ForwardChannel.deliverMessage(ForwardChannel.java:115)
	at com.google.net.webchannel.server.v8.ForwardChannel.processPendingRequest(ForwardChannel.java:94)
	at com.google.net.webchannel.server.v8.ForwardChannel.consume(ForwardChannel.java:68)
	at com.google.net.webchannel.server.v8.ForwardChannel.add(ForwardChannel.java:61)
	at com.google.net.webchannel.server.v8.ChannelInternalImpl.handleRequestBody(ChannelInternalImpl.java:290)
	at com.google.net.webchannel.server.v8.ChannelInternalImpl.processSessionRequest(ChannelInternalImpl.java:357)
	at com.google.net.webchannel.server.v8.ChannelInternalImpl.handle(ChannelInternalImpl.java:172)
	at com.google.net.webchannel.server.v8.ChannelInternalImpl.consume(ChannelInternalImpl.java:91)
	at com.google.net.webchannel.server.common.ChannelProcessor.run(ChannelProcessor.java:85)

Aug 08, 2026 4:01:19 PM com.google.cloud.datastore.emulator.impl.util.WrappedStreamObserver onError
WARNING: Operation failed: No matching allow statements
com.google.cloud.datastore.core.exception.DatastoreException: No matching allow statements
	at com.google.cloud.datastore.core.exception.DatastoreException$Builder.build(DatastoreException.java:152)
	at com.google.cloud.datastore.emulator.impl.rules.DefaultEmulatorRulesAuthorizer.verboseError(DefaultEmulatorRulesAuthorizer.java:349)
	at com.google.cloud.datastore.emulator.impl.rules.DefaultEmulatorRulesAuthorizer.withVerboseErrors(DefaultEmulatorRulesAuthorizer.java:326)
	at com.google.cloud.datastore.emulator.impl.rules.DefaultEmulatorRulesAuthorizer.checkCommit(DefaultEmulatorRulesAuthorizer.java:113)
	at com.google.cloud.datastore.emulator.impl.firestore.FirestoreEmulatorHelper.commitHelper(FirestoreEmulatorHelper.java:407)
	at com.google.cloud.datastore.emulator.impl.firestore.FirestoreEmulatorHelper.internalCommit(FirestoreEmulatorHelper.java:348)
	at com.google.cloud.datastore.emulator.impl.firestore.CloudFirestoreV1.internalCommit(CloudFirestoreV1.java:1336)
	at com.google.cloud.datastore.emulator.impl.firestore.CloudFirestoreV1.write(CloudFirestoreV1.java:1321)
	at com.google.cloud.datastore.emulator.impl.firestore.CloudFirestoreV1WriteStream.handleRequest(CloudFirestoreV1WriteStream.java:222)
	at com.google.cloud.datastore.emulator.impl.firestore.CloudFirestoreV1WriteStream.write(CloudFirestoreV1WriteStream.java:144)
	at com.google.cloud.datastore.emulator.impl.firestore.CloudFirestoreV1WriteStream.onNext(CloudFirestoreV1WriteStream.java:99)
	at com.google.cloud.datastore.emulator.impl.firestore.CloudFirestoreV1WriteStream.onNext(CloudFirestoreV1WriteStream.java:27)
	at com.google.cloud.datastore.emulator.firestore.webchannel.FirestoreV1WebChannelAdapter$FirestoreWriteHandler.onMessage(FirestoreV1WebChannelAdapter.java:160)
	at com.google.cloud.datastore.emulator.firestore.webchannel.FirestoreV1WebChannelAdapter$FirestoreWriteHandler.onMessage(FirestoreV1WebChannelAdapter.java:130)
	at com.google.net.webchannel.server.v8.ChannelInternalImpl.onMessage(ChannelInternalImpl.java:525)
	at com.google.net.webchannel.server.v8.ForwardChannel.deliverMessage(ForwardChannel.java:115)
	at com.google.net.webchannel.server.v8.ForwardChannel.processPendingRequest(ForwardChannel.java:94)
	at com.google.net.webchannel.server.v8.ForwardChannel.consume(ForwardChannel.java:68)
	at com.google.net.webchannel.server.v8.ForwardChannel.add(ForwardChannel.java:61)
	at com.google.net.webchannel.server.v8.ChannelInternalImpl.handleRequestBody(ChannelInternalImpl.java:290)
	at com.google.net.webchannel.server.v8.ChannelInternalImpl.processSessionRequest(ChannelInternalImpl.java:357)
	at com.google.net.webchannel.server.v8.ChannelInternalImpl.handle(ChannelInternalImpl.java:172)
	at com.google.net.webchannel.server.v8.ChannelInternalImpl.consume(ChannelInternalImpl.java:91)
	at com.google.net.webchannel.server.common.ChannelProcessor.run(ChannelProcessor.java:85)

Aug 08, 2026 4:01:20 PM io.gapi.emulators.netty.HttpVersionRoutingHandler channelRead
INFO: Detected non-HTTP/2 connection.
Aug 08, 2026 4:01:20 PM io.gapi.emulators.netty.HttpVersionRoutingHandler channelRead
INFO: Detected non-HTTP/2 connection.
Aug 08, 2026 4:01:20 PM io.gapi.emulators.netty.HttpVersionRoutingHandler channelRead
INFO: Detected non-HTTP/2 connection.
Aug 08, 2026 4:01:20 PM io.gapi.emulators.netty.HttpVersionRoutingHandler channelRead
INFO: Detected non-HTTP/2 connection.
Aug 08, 2026 4:01:20 PM io.gapi.emulators.netty.HttpVersionRoutingHandler channelRead
INFO: Detected non-HTTP/2 connection.
Aug 08, 2026 4:01:20 PM io.gapi.emulators.netty.HttpVersionRoutingHandler channelRead
INFO: Detected non-HTTP/2 connection.
Aug 08, 2026 4:01:20 PM com.google.cloud.datastore.emulator.firestore.webchannel.FirestoreV1WebChannelAdapter$FirestoreWriteHandler onClose
INFO: channel closed
Aug 08, 2026 4:01:20 PM com.google.cloud.datastore.emulator.impl.util.WrappedStreamObserver onError
WARNING: Operation failed: No matching allow statements
com.google.cloud.datastore.core.exception.DatastoreException: No matching allow statements
	at com.google.cloud.datastore.core.exception.DatastoreException$Builder.build(DatastoreException.java:152)
	at com.google.cloud.datastore.emulator.impl.rules.DefaultEmulatorRulesAuthorizer.verboseError(DefaultEmulatorRulesAuthorizer.java:349)
	at com.google.cloud.datastore.emulator.impl.rules.DefaultEmulatorRulesAuthorizer.withVerboseErrors(DefaultEmulatorRulesAuthorizer.java:326)
	at com.google.cloud.datastore.emulator.impl.rules.DefaultEmulatorRulesAuthorizer.checkCommit(DefaultEmulatorRulesAuthorizer.java:113)
	at com.google.cloud.datastore.emulator.impl.firestore.FirestoreEmulatorHelper.commitHelper(FirestoreEmulatorHelper.java:407)
	at com.google.cloud.datastore.emulator.impl.firestore.FirestoreEmulatorHelper.internalCommit(FirestoreEmulatorHelper.java:348)
	at com.google.cloud.datastore.emulator.impl.firestore.CloudFirestoreV1.internalCommit(CloudFirestoreV1.java:1336)
	at com.google.cloud.datastore.emulator.impl.firestore.CloudFirestoreV1.write(CloudFirestoreV1.java:1321)
	at com.google.cloud.datastore.emulator.impl.firestore.CloudFirestoreV1WriteStream.handleRequest(CloudFirestoreV1WriteStream.java:222)
	at com.google.cloud.datastore.emulator.impl.firestore.CloudFirestoreV1WriteStream.write(CloudFirestoreV1WriteStream.java:144)
	at com.google.cloud.datastore.emulator.impl.firestore.CloudFirestoreV1WriteStream.onNext(CloudFirestoreV1WriteStream.java:99)
	at com.google.cloud.datastore.emulator.impl.firestore.CloudFirestoreV1WriteStream.onNext(CloudFirestoreV1WriteStream.java:27)
	at com.google.cloud.datastore.emulator.firestore.webchannel.FirestoreV1WebChannelAdapter$FirestoreWriteHandler.onMessage(FirestoreV1WebChannelAdapter.java:160)
	at com.google.cloud.datastore.emulator.firestore.webchannel.FirestoreV1WebChannelAdapter$FirestoreWriteHandler.onMessage(FirestoreV1WebChannelAdapter.java:130)
	at com.google.net.webchannel.server.v8.ChannelInternalImpl.onMessage(ChannelInternalImpl.java:525)
	at com.google.net.webchannel.server.v8.ForwardChannel.deliverMessage(ForwardChannel.java:115)
	at com.google.net.webchannel.server.v8.ForwardChannel.processPendingRequest(ForwardChannel.java:94)
	at com.google.net.webchannel.server.v8.ForwardChannel.consume(ForwardChannel.java:68)
	at com.google.net.webchannel.server.v8.ForwardChannel.add(ForwardChannel.java:61)
	at com.google.net.webchannel.server.v8.ChannelInternalImpl.handleRequestBody(ChannelInternalImpl.java:290)
	at com.google.net.webchannel.server.v8.ChannelInternalImpl.processSessionRequest(ChannelInternalImpl.java:357)
	at com.google.net.webchannel.server.v8.ChannelInternalImpl.handle(ChannelInternalImpl.java:172)
	at com.google.net.webchannel.server.v8.ChannelInternalImpl.consume(ChannelInternalImpl.java:91)
	at com.google.net.webchannel.server.common.ChannelProcessor.run(ChannelProcessor.java:85)

Aug 08, 2026 4:01:20 PM io.gapi.emulators.netty.HttpVersionRoutingHandler channelRead
INFO: Detected non-HTTP/2 connection.
Aug 08, 2026 4:01:20 PM io.gapi.emulators.netty.HttpVersionRoutingHandler channelRead
INFO: Detected non-HTTP/2 connection.
Aug 08, 2026 4:01:20 PM com.google.cloud.datastore.emulator.firestore.webchannel.FirestoreV1WebChannelAdapter$FirestoreWriteHandler onClose
INFO: channel closed
Aug 08, 2026 4:01:22 PM io.gapi.emulators.netty.HttpVersionRoutingHandler channelRead
INFO: Detected non-HTTP/2 connection.
Aug 08, 2026 4:01:22 PM io.gapi.emulators.netty.HttpVersionRoutingHandler channelRead
INFO: Detected non-HTTP/2 connection.
Aug 08, 2026 4:01:23 PM io.gapi.emulators.netty.HttpVersionRoutingHandler channelRead
INFO: Detected non-HTTP/2 connection.
Aug 08, 2026 4:01:23 PM com.google.cloud.datastore.emulator.impl.util.WrappedStreamObserver onError
WARNING: Operation failed: No matching allow statements
com.google.cloud.datastore.core.exception.DatastoreException: No matching allow statements
	at com.google.cloud.datastore.core.exception.DatastoreException$Builder.build(DatastoreException.java:152)
	at com.google.cloud.datastore.emulator.impl.rules.DefaultEmulatorRulesAuthorizer.verboseError(DefaultEmulatorRulesAuthorizer.java:349)
	at com.google.cloud.datastore.emulator.impl.rules.DefaultEmulatorRulesAuthorizer.withVerboseErrors(DefaultEmulatorRulesAuthorizer.java:326)
	at com.google.cloud.datastore.emulator.impl.rules.DefaultEmulatorRulesAuthorizer.checkCommit(DefaultEmulatorRulesAuthorizer.java:113)
	at com.google.cloud.datastore.emulator.impl.firestore.FirestoreEmulatorHelper.commitHelper(FirestoreEmulatorHelper.java:407)
	at com.google.cloud.datastore.emulator.impl.firestore.FirestoreEmulatorHelper.internalCommit(FirestoreEmulatorHelper.java:348)
	at com.google.cloud.datastore.emulator.impl.firestore.CloudFirestoreV1.internalCommit(CloudFirestoreV1.java:1336)
	at com.google.cloud.datastore.emulator.impl.firestore.CloudFirestoreV1.write(CloudFirestoreV1.java:1321)
	at com.google.cloud.datastore.emulator.impl.firestore.CloudFirestoreV1WriteStream.handleRequest(CloudFirestoreV1WriteStream.java:222)
	at com.google.cloud.datastore.emulator.impl.firestore.CloudFirestoreV1WriteStream.write(CloudFirestoreV1WriteStream.java:144)
	at com.google.cloud.datastore.emulator.impl.firestore.CloudFirestoreV1WriteStream.onNext(CloudFirestoreV1WriteStream.java:99)
	at com.google.cloud.datastore.emulator.impl.firestore.CloudFirestoreV1WriteStream.onNext(CloudFirestoreV1WriteStream.java:27)
	at com.google.cloud.datastore.emulator.firestore.webchannel.FirestoreV1WebChannelAdapter$FirestoreWriteHandler.onMessage(FirestoreV1WebChannelAdapter.java:160)
	at com.google.cloud.datastore.emulator.firestore.webchannel.FirestoreV1WebChannelAdapter$FirestoreWriteHandler.onMessage(FirestoreV1WebChannelAdapter.java:130)
	at com.google.net.webchannel.server.v8.ChannelInternalImpl.onMessage(ChannelInternalImpl.java:525)
	at com.google.net.webchannel.server.v8.ForwardChannel.deliverMessage(ForwardChannel.java:115)
	at com.google.net.webchannel.server.v8.ForwardChannel.processPendingRequest(ForwardChannel.java:94)
	at com.google.net.webchannel.server.v8.ForwardChannel.consume(ForwardChannel.java:68)
	at com.google.net.webchannel.server.v8.ForwardChannel.add(ForwardChannel.java:61)
	at com.google.net.webchannel.server.v8.ChannelInternalImpl.handleRequestBody(ChannelInternalImpl.java:290)
	at com.google.net.webchannel.server.v8.ChannelInternalImpl.processSessionRequest(ChannelInternalImpl.java:357)
	at com.google.net.webchannel.server.v8.ChannelInternalImpl.handle(ChannelInternalImpl.java:172)
	at com.google.net.webchannel.server.v8.ChannelInternalImpl.consume(ChannelInternalImpl.java:91)
	at com.google.net.webchannel.server.common.ChannelProcessor.run(ChannelProcessor.java:85)

Aug 08, 2026 4:01:23 PM io.gapi.emulators.netty.HttpVersionRoutingHandler channelRead
INFO: Detected non-HTTP/2 connection.
Aug 08, 2026 4:01:23 PM com.google.cloud.datastore.emulator.firestore.webchannel.FirestoreV1WebChannelAdapter$FirestoreWriteHandler onClose
INFO: channel closed
Aug 08, 2026 4:01:35 PM io.gapi.emulators.netty.HttpVersionRoutingHandler channelRead
INFO: Detected non-HTTP/2 connection.
Aug 08, 2026 4:01:35 PM io.gapi.emulators.netty.HttpVersionRoutingHandler channelRead
INFO: Detected non-HTTP/2 connection.
Aug 08, 2026 4:01:35 PM io.gapi.emulators.netty.HttpVersionRoutingHandler channelRead
INFO: Detected non-HTTP/2 connection.
Aug 08, 2026 4:01:35 PM com.google.cloud.datastore.emulator.impl.util.WrappedStreamObserver onError
WARNING: Operation failed: No matching allow statements
com.google.cloud.datastore.core.exception.DatastoreException: No matching allow statements
	at com.google.cloud.datastore.core.exception.DatastoreException$Builder.build(DatastoreException.java:152)
	at com.google.cloud.datastore.emulator.impl.rules.DefaultEmulatorRulesAuthorizer.verboseError(DefaultEmulatorRulesAuthorizer.java:349)
	at com.google.cloud.datastore.emulator.impl.rules.DefaultEmulatorRulesAuthorizer.withVerboseErrors(DefaultEmulatorRulesAuthorizer.java:326)
	at com.google.cloud.datastore.emulator.impl.rules.DefaultEmulatorRulesAuthorizer.checkCommit(DefaultEmulatorRulesAuthorizer.java:113)
	at com.google.cloud.datastore.emulator.impl.firestore.FirestoreEmulatorHelper.commitHelper(FirestoreEmulatorHelper.java:407)
	at com.google.cloud.datastore.emulator.impl.firestore.FirestoreEmulatorHelper.internalCommit(FirestoreEmulatorHelper.java:348)
	at com.google.cloud.datastore.emulator.impl.firestore.CloudFirestoreV1.internalCommit(CloudFirestoreV1.java:1336)
	at com.google.cloud.datastore.emulator.impl.firestore.CloudFirestoreV1.write(CloudFirestoreV1.java:1321)
	at com.google.cloud.datastore.emulator.impl.firestore.CloudFirestoreV1WriteStream.handleRequest(CloudFirestoreV1WriteStream.java:222)
	at com.google.cloud.datastore.emulator.impl.firestore.CloudFirestoreV1WriteStream.write(CloudFirestoreV1WriteStream.java:144)
	at com.google.cloud.datastore.emulator.impl.firestore.CloudFirestoreV1WriteStream.onNext(CloudFirestoreV1WriteStream.java:99)
	at com.google.cloud.datastore.emulator.impl.firestore.CloudFirestoreV1WriteStream.onNext(CloudFirestoreV1WriteStream.java:27)
	at com.google.cloud.datastore.emulator.firestore.webchannel.FirestoreV1WebChannelAdapter$FirestoreWriteHandler.onMessage(FirestoreV1WebChannelAdapter.java:160)
	at com.google.cloud.datastore.emulator.firestore.webchannel.FirestoreV1WebChannelAdapter$FirestoreWriteHandler.onMessage(FirestoreV1WebChannelAdapter.java:130)
	at com.google.net.webchannel.server.v8.ChannelInternalImpl.onMessage(ChannelInternalImpl.java:525)
	at com.google.net.webchannel.server.v8.ForwardChannel.deliverMessage(ForwardChannel.java:115)
	at com.google.net.webchannel.server.v8.ForwardChannel.processPendingRequest(ForwardChannel.java:94)
	at com.google.net.webchannel.server.v8.ForwardChannel.consume(ForwardChannel.java:68)
	at com.google.net.webchannel.server.v8.ForwardChannel.add(ForwardChannel.java:61)
	at com.google.net.webchannel.server.v8.ChannelInternalImpl.handleRequestBody(ChannelInternalImpl.java:290)
	at com.google.net.webchannel.server.v8.ChannelInternalImpl.processSessionRequest(ChannelInternalImpl.java:357)
	at com.google.net.webchannel.server.v8.ChannelInternalImpl.handle(ChannelInternalImpl.java:172)
	at com.google.net.webchannel.server.v8.ChannelInternalImpl.consume(ChannelInternalImpl.java:91)
	at com.google.net.webchannel.server.common.ChannelProcessor.run(ChannelProcessor.java:85)

Aug 08, 2026 4:01:35 PM com.google.cloud.datastore.emulator.impl.util.WrappedStreamObserver onError
WARNING: Operation failed: No matching allow statements
com.google.cloud.datastore.core.exception.DatastoreException: No matching allow statements
	at com.google.cloud.datastore.core.exception.DatastoreException$Builder.build(DatastoreException.java:152)
	at com.google.cloud.datastore.emulator.impl.rules.DefaultEmulatorRulesAuthorizer.verboseError(DefaultEmulatorRulesAuthorizer.java:349)
	at com.google.cloud.datastore.emulator.impl.rules.DefaultEmulatorRulesAuthorizer.withVerboseErrors(DefaultEmulatorRulesAuthorizer.java:326)
	at com.google.cloud.datastore.emulator.impl.rules.DefaultEmulatorRulesAuthorizer.checkCommit(DefaultEmulatorRulesAuthorizer.java:113)
	at com.google.cloud.datastore.emulator.impl.firestore.FirestoreEmulatorHelper.commitHelper(FirestoreEmulatorHelper.java:407)
	at com.google.cloud.datastore.emulator.impl.firestore.FirestoreEmulatorHelper.internalCommit(FirestoreEmulatorHelper.java:348)
	at com.google.cloud.datastore.emulator.impl.firestore.CloudFirestoreV1.internalCommit(CloudFirestoreV1.java:1336)
	at com.google.cloud.datastore.emulator.impl.firestore.CloudFirestoreV1.write(CloudFirestoreV1.java:1321)
	at com.google.cloud.datastore.emulator.impl.firestore.CloudFirestoreV1WriteStream.handleRequest(CloudFirestoreV1WriteStream.java:222)
	at com.google.cloud.datastore.emulator.impl.firestore.CloudFirestoreV1WriteStream.write(CloudFirestoreV1WriteStream.java:144)
	at com.google.cloud.datastore.emulator.impl.firestore.CloudFirestoreV1WriteStream.onNext(CloudFirestoreV1WriteStream.java:99)
	at com.google.cloud.datastore.emulator.impl.firestore.CloudFirestoreV1WriteStream.onNext(CloudFirestoreV1WriteStream.java:27)
	at com.google.cloud.datastore.emulator.firestore.webchannel.FirestoreV1WebChannelAdapter$FirestoreWriteHandler.onMessage(FirestoreV1WebChannelAdapter.java:160)
	at com.google.cloud.datastore.emulator.firestore.webchannel.FirestoreV1WebChannelAdapter$FirestoreWriteHandler.onMessage(FirestoreV1WebChannelAdapter.java:130)
	at com.google.net.webchannel.server.v8.ChannelInternalImpl.onMessage(ChannelInternalImpl.java:525)
	at com.google.net.webchannel.server.v8.ForwardChannel.deliverMessage(ForwardChannel.java:115)
	at com.google.net.webchannel.server.v8.ForwardChannel.processPendingRequest(ForwardChannel.java:94)
	at com.google.net.webchannel.server.v8.ForwardChannel.consume(ForwardChannel.java:68)
	at com.google.net.webchannel.server.v8.ForwardChannel.add(ForwardChannel.java:61)
	at com.google.net.webchannel.server.v8.ChannelInternalImpl.handleRequestBody(ChannelInternalImpl.java:290)
	at com.google.net.webchannel.server.v8.ChannelInternalImpl.processSessionRequest(ChannelInternalImpl.java:357)
	at com.google.net.webchannel.server.v8.ChannelInternalImpl.handle(ChannelInternalImpl.java:172)
	at com.google.net.webchannel.server.v8.ChannelInternalImpl.consume(ChannelInternalImpl.java:91)
	at com.google.net.webchannel.server.common.ChannelProcessor.run(ChannelProcessor.java:85)

Aug 08, 2026 4:01:36 PM io.gapi.emulators.netty.HttpVersionRoutingHandler channelRead
INFO: Detected non-HTTP/2 connection.
Aug 08, 2026 4:01:36 PM io.gapi.emulators.netty.HttpVersionRoutingHandler channelRead
INFO: Detected non-HTTP/2 connection.
Aug 08, 2026 4:01:36 PM com.google.cloud.datastore.emulator.firestore.webchannel.FirestoreV1WebChannelAdapter$FirestoreWriteHandler onClose
INFO: channel closed
Aug 08, 2026 4:01:36 PM io.gapi.emulators.netty.HttpVersionRoutingHandler channelRead
INFO: Detected non-HTTP/2 connection.
Aug 08, 2026 4:01:36 PM io.gapi.emulators.netty.HttpVersionRoutingHandler channelRead
INFO: Detected non-HTTP/2 connection.
Aug 08, 2026 4:01:36 PM com.google.cloud.datastore.emulator.impl.util.WrappedStreamObserver onError
WARNING: Operation failed: No matching allow statements
com.google.cloud.datastore.core.exception.DatastoreException: No matching allow statements
	at com.google.cloud.datastore.core.exception.DatastoreException$Builder.build(DatastoreException.java:152)
	at com.google.cloud.datastore.emulator.impl.rules.DefaultEmulatorRulesAuthorizer.verboseError(DefaultEmulatorRulesAuthorizer.java:349)
	at com.google.cloud.datastore.emulator.impl.rules.DefaultEmulatorRulesAuthorizer.withVerboseErrors(DefaultEmulatorRulesAuthorizer.java:326)
	at com.google.cloud.datastore.emulator.impl.rules.DefaultEmulatorRulesAuthorizer.checkCommit(DefaultEmulatorRulesAuthorizer.java:113)
	at com.google.cloud.datastore.emulator.impl.firestore.FirestoreEmulatorHelper.commitHelper(FirestoreEmulatorHelper.java:407)
	at com.google.cloud.datastore.emulator.impl.firestore.FirestoreEmulatorHelper.internalCommit(FirestoreEmulatorHelper.java:348)
	at com.google.cloud.datastore.emulator.impl.firestore.CloudFirestoreV1.internalCommit(CloudFirestoreV1.java:1336)
	at com.google.cloud.datastore.emulator.impl.firestore.CloudFirestoreV1.write(CloudFirestoreV1.java:1321)
	at com.google.cloud.datastore.emulator.impl.firestore.CloudFirestoreV1WriteStream.handleRequest(CloudFirestoreV1WriteStream.java:222)
	at com.google.cloud.datastore.emulator.impl.firestore.CloudFirestoreV1WriteStream.write(CloudFirestoreV1WriteStream.java:144)
	at com.google.cloud.datastore.emulator.impl.firestore.CloudFirestoreV1WriteStream.onNext(CloudFirestoreV1WriteStream.java:99)
	at com.google.cloud.datastore.emulator.impl.firestore.CloudFirestoreV1WriteStream.onNext(CloudFirestoreV1WriteStream.java:27)
	at com.google.cloud.datastore.emulator.firestore.webchannel.FirestoreV1WebChannelAdapter$FirestoreWriteHandler.onMessage(FirestoreV1WebChannelAdapter.java:160)
	at com.google.cloud.datastore.emulator.firestore.webchannel.FirestoreV1WebChannelAdapter$FirestoreWriteHandler.onMessage(FirestoreV1WebChannelAdapter.java:130)
	at com.google.net.webchannel.server.v8.ChannelInternalImpl.onMessage(ChannelInternalImpl.java:525)
	at com.google.net.webchannel.server.v8.ForwardChannel.deliverMessage(ForwardChannel.java:115)
	at com.google.net.webchannel.server.v8.ForwardChannel.processPendingRequest(ForwardChannel.java:94)
	at com.google.net.webchannel.server.v8.ForwardChannel.consume(ForwardChannel.java:68)
	at com.google.net.webchannel.server.v8.ForwardChannel.add(ForwardChannel.java:61)
	at com.google.net.webchannel.server.v8.ChannelInternalImpl.handleRequestBody(ChannelInternalImpl.java:290)
	at com.google.net.webchannel.server.v8.ChannelInternalImpl.processSessionRequest(ChannelInternalImpl.java:357)
	at com.google.net.webchannel.server.v8.ChannelInternalImpl.handle(ChannelInternalImpl.java:172)
	at com.google.net.webchannel.server.v8.ChannelInternalImpl.consume(ChannelInternalImpl.java:91)
	at com.google.net.webchannel.server.common.ChannelProcessor.run(ChannelProcessor.java:85)

Aug 08, 2026 4:01:37 PM io.gapi.emulators.netty.HttpVersionRoutingHandler channelRead
INFO: Detected non-HTTP/2 connection.
Aug 08, 2026 4:01:37 PM io.gapi.emulators.netty.HttpVersionRoutingHandler channelRead
INFO: Detected non-HTTP/2 connection.
Aug 08, 2026 4:01:37 PM io.gapi.emulators.netty.HttpVersionRoutingHandler channelRead
INFO: Detected non-HTTP/2 connection.
Aug 08, 2026 4:01:37 PM com.google.cloud.datastore.emulator.impl.util.WrappedStreamObserver onError
WARNING: Operation failed: 
false for 'create' @ L28
com.google.cloud.datastore.core.exception.DatastoreException: 
false for 'create' @ L28
	at com.google.cloud.datastore.core.exception.DatastoreException$Builder.build(DatastoreException.java:152)
	at com.google.cloud.datastore.emulator.impl.rules.DefaultEmulatorRulesAuthorizer.verboseError(DefaultEmulatorRulesAuthorizer.java:349)
	at com.google.cloud.datastore.emulator.impl.rules.DefaultEmulatorRulesAuthorizer.withVerboseErrors(DefaultEmulatorRulesAuthorizer.java:326)
	at com.google.cloud.datastore.emulator.impl.rules.DefaultEmulatorRulesAuthorizer.checkCommit(DefaultEmulatorRulesAuthorizer.java:113)
	at com.google.cloud.datastore.emulator.impl.firestore.FirestoreEmulatorHelper.commitHelper(FirestoreEmulatorHelper.java:407)
	at com.google.cloud.datastore.emulator.impl.firestore.FirestoreEmulatorHelper.internalCommit(FirestoreEmulatorHelper.java:348)
	at com.google.cloud.datastore.emulator.impl.firestore.CloudFirestoreV1.internalCommit(CloudFirestoreV1.java:1336)
	at com.google.cloud.datastore.emulator.impl.firestore.CloudFirestoreV1.write(CloudFirestoreV1.java:1321)
	at com.google.cloud.datastore.emulator.impl.firestore.CloudFirestoreV1WriteStream.handleRequest(CloudFirestoreV1WriteStream.java:222)
	at com.google.cloud.datastore.emulator.impl.firestore.CloudFirestoreV1WriteStream.write(CloudFirestoreV1WriteStream.java:144)
	at com.google.cloud.datastore.emulator.impl.firestore.CloudFirestoreV1WriteStream.onNext(CloudFirestoreV1WriteStream.java:99)
	at com.google.cloud.datastore.emulator.impl.firestore.CloudFirestoreV1WriteStream.onNext(CloudFirestoreV1WriteStream.java:27)
	at com.google.cloud.datastore.emulator.firestore.webchannel.FirestoreV1WebChannelAdapter$FirestoreWriteHandler.onMessage(FirestoreV1WebChannelAdapter.java:160)
	at com.google.cloud.datastore.emulator.firestore.webchannel.FirestoreV1WebChannelAdapter$FirestoreWriteHandler.onMessage(FirestoreV1WebChannelAdapter.java:130)
	at com.google.net.webchannel.server.v8.ChannelInternalImpl.onMessage(ChannelInternalImpl.java:525)
	at com.google.net.webchannel.server.v8.ForwardChannel.deliverMessage(ForwardChannel.java:115)
	at com.google.net.webchannel.server.v8.ForwardChannel.processPendingRequest(ForwardChannel.java:94)
	at com.google.net.webchannel.server.v8.ForwardChannel.consume(ForwardChannel.java:68)
	at com.google.net.webchannel.server.v8.ForwardChannel.add(ForwardChannel.java:61)
	at com.google.net.webchannel.server.v8.ChannelInternalImpl.handleRequestBody(ChannelInternalImpl.java:290)
	at com.google.net.webchannel.server.v8.ChannelInternalImpl.processSessionRequest(ChannelInternalImpl.java:357)
	at com.google.net.webchannel.server.v8.ChannelInternalImpl.handle(ChannelInternalImpl.java:172)
	at com.google.net.webchannel.server.v8.ChannelInternalImpl.consume(ChannelInternalImpl.java:91)
	at com.google.net.webchannel.server.common.ChannelProcessor.run(ChannelProcessor.java:85)

Aug 08, 2026 4:01:37 PM io.gapi.emulators.netty.HttpVersionRoutingHandler channelRead
INFO: Detected non-HTTP/2 connection.
Aug 08, 2026 4:01:37 PM com.google.cloud.datastore.emulator.firestore.webchannel.FirestoreV1WebChannelAdapter$FirestoreWriteHandler onClose
INFO: channel closed
Aug 08, 2026 4:01:37 PM io.gapi.emulators.netty.HttpVersionRoutingHandler channelRead
INFO: Detected non-HTTP/2 connection.
Aug 08, 2026 4:01:37 PM com.google.cloud.datastore.emulator.firestore.webchannel.FirestoreV1WebChannelAdapter$FirestoreWriteHandler onClose
INFO: channel closed
Aug 08, 2026 4:01:50 PM io.gapi.emulators.netty.HttpVersionRoutingHandler channelRead
INFO: Detected non-HTTP/2 connection.
Aug 08, 2026 4:02:02 PM io.gapi.emulators.netty.HttpVersionRoutingHandler channelRead
INFO: Detected non-HTTP/2 connection.
Aug 08, 2026 4:02:19 PM io.gapi.emulators.netty.HttpVersionRoutingHandler channelRead
INFO: Detected non-HTTP/2 connection.
Aug 08, 2026 4:02:19 PM com.google.cloud.datastore.emulator.firestore.webchannel.FirestoreV1WebChannelAdapter$FirestoreListenHandler onClose
INFO: channel closed
Aug 08, 2026 4:02:21 PM io.gapi.emulators.netty.HttpVersionRoutingHandler channelRead
INFO: Detected non-HTTP/2 connection.
Aug 08, 2026 4:02:32 PM io.gapi.emulators.netty.HttpVersionRoutingHandler channelRead
INFO: Detected non-HTTP/2 connection.
Aug 08, 2026 4:02:39 PM io.gapi.emulators.netty.HttpVersionRoutingHandler channelRead
INFO: Detected non-HTTP/2 connection.
Aug 08, 2026 4:02:39 PM io.gapi.emulators.netty.HttpVersionRoutingHandler channelRead
INFO: Detected non-HTTP/2 connection.
Aug 08, 2026 4:02:39 PM io.gapi.emulators.netty.HttpVersionRoutingHandler channelRead
INFO: Detected non-HTTP/2 connection.
Aug 08, 2026 4:02:40 PM io.gapi.emulators.netty.HttpVersionRoutingHandler channelRead
INFO: Detected non-HTTP/2 connection.
Aug 08, 2026 4:02:41 PM io.gapi.emulators.netty.HttpVersionRoutingHandler channelRead
INFO: Detected non-HTTP/2 connection.
Aug 08, 2026 4:02:41 PM io.gapi.emulators.netty.HttpVersionRoutingHandler channelRead
INFO: Detected non-HTTP/2 connection.
Aug 08, 2026 4:03:02 PM io.gapi.emulators.netty.HttpVersionRoutingHandler channelRead
INFO: Detected non-HTTP/2 connection.
Aug 08, 2026 4:03:11 PM io.gapi.emulators.netty.HttpVersionRoutingHandler channelRead
INFO: Detected non-HTTP/2 connection.
Aug 08, 2026 4:03:24 PM io.gapi.emulators.netty.HttpVersionRoutingHandler channelRead
INFO: Detected non-HTTP/2 connection.
Aug 08, 2026 4:03:24 PM io.gapi.emulators.netty.HttpVersionRoutingHandler channelRead
INFO: Detected non-HTTP/2 connection.
Aug 08, 2026 4:03:24 PM io.gapi.emulators.netty.HttpVersionRoutingHandler channelRead
INFO: Detected non-HTTP/2 connection.
Aug 08, 2026 4:03:24 PM io.gapi.emulators.netty.HttpVersionRoutingHandler channelRead
INFO: Detected non-HTTP/2 connection.
Aug 08, 2026 4:03:24 PM io.gapi.emulators.netty.HttpVersionRoutingHandler channelRead
INFO: Detected non-HTTP/2 connection.
Aug 08, 2026 4:03:25 PM io.gapi.emulators.netty.HttpVersionRoutingHandler channelRead
INFO: Detected non-HTTP/2 connection.
Aug 08, 2026 4:03:25 PM io.gapi.emulators.netty.HttpVersionRoutingHandler channelRead
INFO: Detected non-HTTP/2 connection.
Aug 08, 2026 4:03:25 PM io.gapi.emulators.netty.HttpVersionRoutingHandler channelRead
INFO: Detected non-HTTP/2 connection.
Aug 08, 2026 4:03:25 PM com.google.cloud.datastore.emulator.impl.util.WrappedStreamObserver onError
WARNING: Operation failed: No matching allow statements
com.google.cloud.datastore.core.exception.DatastoreException: No matching allow statements
	at com.google.cloud.datastore.core.exception.DatastoreException$Builder.build(DatastoreException.java:152)
	at com.google.cloud.datastore.emulator.impl.rules.DefaultEmulatorRulesAuthorizer.verboseError(DefaultEmulatorRulesAuthorizer.java:349)
	at com.google.cloud.datastore.emulator.impl.rules.DefaultEmulatorRulesAuthorizer.withVerboseErrors(DefaultEmulatorRulesAuthorizer.java:326)
	at com.google.cloud.datastore.emulator.impl.rules.DefaultEmulatorRulesAuthorizer.checkCommit(DefaultEmulatorRulesAuthorizer.java:113)
	at com.google.cloud.datastore.emulator.impl.firestore.FirestoreEmulatorHelper.commitHelper(FirestoreEmulatorHelper.java:407)
	at com.google.cloud.datastore.emulator.impl.firestore.FirestoreEmulatorHelper.internalCommit(FirestoreEmulatorHelper.java:348)
	at com.google.cloud.datastore.emulator.impl.firestore.CloudFirestoreV1.internalCommit(CloudFirestoreV1.java:1336)
	at com.google.cloud.datastore.emulator.impl.firestore.CloudFirestoreV1.write(CloudFirestoreV1.java:1321)
	at com.google.cloud.datastore.emulator.impl.firestore.CloudFirestoreV1WriteStream.handleRequest(CloudFirestoreV1WriteStream.java:222)
	at com.google.cloud.datastore.emulator.impl.firestore.CloudFirestoreV1WriteStream.write(CloudFirestoreV1WriteStream.java:144)
	at com.google.cloud.datastore.emulator.impl.firestore.CloudFirestoreV1WriteStream.onNext(CloudFirestoreV1WriteStream.java:99)
	at com.google.cloud.datastore.emulator.impl.firestore.CloudFirestoreV1WriteStream.onNext(CloudFirestoreV1WriteStream.java:27)
	at com.google.cloud.datastore.emulator.firestore.webchannel.FirestoreV1WebChannelAdapter$FirestoreWriteHandler.onMessage(FirestoreV1WebChannelAdapter.java:160)
	at com.google.cloud.datastore.emulator.firestore.webchannel.FirestoreV1WebChannelAdapter$FirestoreWriteHandler.onMessage(FirestoreV1WebChannelAdapter.java:130)
	at com.google.net.webchannel.server.v8.ChannelInternalImpl.onMessage(ChannelInternalImpl.java:525)
	at com.google.net.webchannel.server.v8.ForwardChannel.deliverMessage(ForwardChannel.java:115)
	at com.google.net.webchannel.server.v8.ForwardChannel.processPendingRequest(ForwardChannel.java:94)
	at com.google.net.webchannel.server.v8.ForwardChannel.consume(ForwardChannel.java:68)
	at com.google.net.webchannel.server.v8.ForwardChannel.add(ForwardChannel.java:61)
	at com.google.net.webchannel.server.v8.ChannelInternalImpl.handleRequestBody(ChannelInternalImpl.java:290)
	at com.google.net.webchannel.server.v8.ChannelInternalImpl.processSessionRequest(ChannelInternalImpl.java:357)
	at com.google.net.webchannel.server.v8.ChannelInternalImpl.handle(ChannelInternalImpl.java:172)
	at com.google.net.webchannel.server.v8.ChannelInternalImpl.consume(ChannelInternalImpl.java:91)
	at com.google.net.webchannel.server.common.ChannelProcessor.run(ChannelProcessor.java:85)

Aug 08, 2026 4:03:25 PM io.gapi.emulators.netty.HttpVersionRoutingHandler channelRead
INFO: Detected non-HTTP/2 connection.
Aug 08, 2026 4:03:25 PM com.google.cloud.datastore.emulator.firestore.webchannel.FirestoreV1WebChannelAdapter$FirestoreWriteHandler onClose
INFO: channel closed
Aug 08, 2026 4:03:33 PM io.gapi.emulators.netty.HttpVersionRoutingHandler channelRead
INFO: Detected non-HTTP/2 connection.
Aug 08, 2026 4:03:38 PM io.gapi.emulators.netty.HttpVersionRoutingHandler channelRead
INFO: Detected non-HTTP/2 connection.
Aug 08, 2026 4:03:38 PM io.gapi.emulators.netty.HttpVersionRoutingHandler channelRead
INFO: Detected non-HTTP/2 connection.
Aug 08, 2026 4:03:38 PM io.gapi.emulators.netty.HttpVersionRoutingHandler channelRead
INFO: Detected non-HTTP/2 connection.
Aug 08, 2026 4:03:38 PM io.gapi.emulators.netty.HttpVersionRoutingHandler channelRead
INFO: Detected non-HTTP/2 connection.
Aug 08, 2026 4:03:38 PM io.gapi.emulators.netty.HttpVersionRoutingHandler channelRead
INFO: Detected non-HTTP/2 connection.
Aug 08, 2026 4:03:38 PM io.gapi.emulators.netty.HttpVersionRoutingHandler channelRead
INFO: Detected non-HTTP/2 connection.
Aug 08, 2026 4:03:38 PM io.gapi.emulators.netty.HttpVersionRoutingHandler channelRead
INFO: Detected non-HTTP/2 connection.
Aug 08, 2026 4:03:38 PM io.gapi.emulators.netty.HttpVersionRoutingHandler channelRead
INFO: Detected non-HTTP/2 connection.
Aug 08, 2026 4:03:38 PM com.google.cloud.datastore.emulator.impl.util.WrappedStreamObserver onError
WARNING: Operation failed: No matching allow statements
com.google.cloud.datastore.core.exception.DatastoreException: No matching allow statements
	at com.google.cloud.datastore.core.exception.DatastoreException$Builder.build(DatastoreException.java:152)
	at com.google.cloud.datastore.emulator.impl.rules.DefaultEmulatorRulesAuthorizer.verboseError(DefaultEmulatorRulesAuthorizer.java:349)
	at com.google.cloud.datastore.emulator.impl.rules.DefaultEmulatorRulesAuthorizer.withVerboseErrors(DefaultEmulatorRulesAuthorizer.java:326)
	at com.google.cloud.datastore.emulator.impl.rules.DefaultEmulatorRulesAuthorizer.checkCommit(DefaultEmulatorRulesAuthorizer.java:113)
	at com.google.cloud.datastore.emulator.impl.firestore.FirestoreEmulatorHelper.commitHelper(FirestoreEmulatorHelper.java:407)
	at com.google.cloud.datastore.emulator.impl.firestore.FirestoreEmulatorHelper.internalCommit(FirestoreEmulatorHelper.java:348)
	at com.google.cloud.datastore.emulator.impl.firestore.CloudFirestoreV1.internalCommit(CloudFirestoreV1.java:1336)
	at com.google.cloud.datastore.emulator.impl.firestore.CloudFirestoreV1.write(CloudFirestoreV1.java:1321)
	at com.google.cloud.datastore.emulator.impl.firestore.CloudFirestoreV1WriteStream.handleRequest(CloudFirestoreV1WriteStream.java:222)
	at com.google.cloud.datastore.emulator.impl.firestore.CloudFirestoreV1WriteStream.write(CloudFirestoreV1WriteStream.java:144)
	at com.google.cloud.datastore.emulator.impl.firestore.CloudFirestoreV1WriteStream.onNext(CloudFirestoreV1WriteStream.java:99)
	at com.google.cloud.datastore.emulator.impl.firestore.CloudFirestoreV1WriteStream.onNext(CloudFirestoreV1WriteStream.java:27)
	at com.google.cloud.datastore.emulator.firestore.webchannel.FirestoreV1WebChannelAdapter$FirestoreWriteHandler.onMessage(FirestoreV1WebChannelAdapter.java:160)
	at com.google.cloud.datastore.emulator.firestore.webchannel.FirestoreV1WebChannelAdapter$FirestoreWriteHandler.onMessage(FirestoreV1WebChannelAdapter.java:130)
	at com.google.net.webchannel.server.v8.ChannelInternalImpl.onMessage(ChannelInternalImpl.java:525)
	at com.google.net.webchannel.server.v8.ForwardChannel.deliverMessage(ForwardChannel.java:115)
	at com.google.net.webchannel.server.v8.ForwardChannel.processPendingRequest(ForwardChannel.java:94)
	at com.google.net.webchannel.server.v8.ForwardChannel.consume(ForwardChannel.java:68)
	at com.google.net.webchannel.server.v8.ForwardChannel.add(ForwardChannel.java:61)
	at com.google.net.webchannel.server.v8.ChannelInternalImpl.handleRequestBody(ChannelInternalImpl.java:290)
	at com.google.net.webchannel.server.v8.ChannelInternalImpl.processSessionRequest(ChannelInternalImpl.java:357)
	at com.google.net.webchannel.server.v8.ChannelInternalImpl.handle(ChannelInternalImpl.java:172)
	at com.google.net.webchannel.server.v8.ChannelInternalImpl.consume(ChannelInternalImpl.java:91)
	at com.google.net.webchannel.server.common.ChannelProcessor.run(ChannelProcessor.java:85)

Aug 08, 2026 4:03:39 PM io.gapi.emulators.netty.HttpVersionRoutingHandler channelRead
INFO: Detected non-HTTP/2 connection.
Aug 08, 2026 4:03:39 PM com.google.cloud.datastore.emulator.firestore.webchannel.FirestoreV1WebChannelAdapter$FirestoreWriteHandler onClose
INFO: channel closed
Aug 08, 2026 4:03:40 PM io.gapi.emulators.netty.HttpVersionRoutingHandler channelRead
INFO: Detected non-HTTP/2 connection.
Aug 08, 2026 4:03:40 PM com.google.cloud.datastore.emulator.firestore.webchannel.FirestoreV1WebChannelAdapter$FirestoreListenHandler onClose
INFO: channel closed
Aug 08, 2026 4:03:41 PM io.gapi.emulators.netty.HttpVersionRoutingHandler channelRead
INFO: Detected non-HTTP/2 connection.
Aug 08, 2026 4:04:03 PM io.gapi.emulators.netty.HttpVersionRoutingHandler channelRead
INFO: Detected non-HTTP/2 connection.
Aug 08, 2026 4:04:12 PM io.gapi.emulators.netty.HttpVersionRoutingHandler channelRead
INFO: Detected non-HTTP/2 connection.
Aug 08, 2026 4:04:25 PM io.gapi.emulators.netty.HttpVersionRoutingHandler channelRead
INFO: Detected non-HTTP/2 connection.
Aug 08, 2026 4:04:25 PM io.gapi.emulators.netty.HttpVersionRoutingHandler channelRead
INFO: Detected non-HTTP/2 connection.
Aug 08, 2026 4:04:25 PM io.gapi.emulators.netty.HttpVersionRoutingHandler channelRead
INFO: Detected non-HTTP/2 connection.
Aug 08, 2026 4:04:25 PM io.gapi.emulators.netty.HttpVersionRoutingHandler channelRead
INFO: Detected non-HTTP/2 connection.
Aug 08, 2026 4:04:25 PM com.google.cloud.datastore.emulator.firestore.webchannel.FirestoreV1WebChannelAdapter$FirestoreListenHandler onClose
INFO: channel closed
Aug 08, 2026 4:04:27 PM io.gapi.emulators.netty.HttpVersionRoutingHandler channelRead
INFO: Detected non-HTTP/2 connection.
Aug 08, 2026 4:04:27 PM io.gapi.emulators.netty.HttpVersionRoutingHandler channelRead
INFO: Detected non-HTTP/2 connection.
Aug 08, 2026 4:04:27 PM io.gapi.emulators.netty.HttpVersionRoutingHandler channelRead
INFO: Detected non-HTTP/2 connection.
Aug 08, 2026 4:04:27 PM io.gapi.emulators.netty.HttpVersionRoutingHandler channelRead
INFO: Detected non-HTTP/2 connection.
Aug 08, 2026 4:04:27 PM com.google.cloud.datastore.emulator.firestore.webchannel.FirestoreV1WebChannelAdapter$FirestoreListenHandler onClose
INFO: channel closed
Aug 08, 2026 4:04:30 PM io.gapi.emulators.netty.HttpVersionRoutingHandler channelRead
INFO: Detected non-HTTP/2 connection.
Aug 08, 2026 4:04:30 PM io.gapi.emulators.netty.HttpVersionRoutingHandler channelRead
INFO: Detected non-HTTP/2 connection.
Aug 08, 2026 4:04:30 PM io.gapi.emulators.netty.HttpVersionRoutingHandler channelRead
INFO: Detected non-HTTP/2 connection.
Aug 08, 2026 4:04:30 PM io.gapi.emulators.netty.HttpVersionRoutingHandler channelRead
INFO: Detected non-HTTP/2 connection.
Aug 08, 2026 4:04:30 PM com.google.cloud.datastore.emulator.firestore.webchannel.FirestoreV1WebChannelAdapter$FirestoreListenHandler onClose
INFO: channel closed
Aug 08, 2026 4:04:33 PM io.gapi.emulators.netty.HttpVersionRoutingHandler channelRead
INFO: Detected non-HTTP/2 connection.
Aug 08, 2026 4:04:42 PM io.gapi.emulators.netty.HttpVersionRoutingHandler channelRead
INFO: Detected non-HTTP/2 connection.
Aug 08, 2026 4:05:03 PM io.gapi.emulators.netty.HttpVersionRoutingHandler channelRead
INFO: Detected non-HTTP/2 connection.
Aug 08, 2026 4:05:03 PM io.gapi.emulators.netty.HttpVersionRoutingHandler channelRead
INFO: Detected non-HTTP/2 connection.
Aug 08, 2026 4:05:03 PM io.gapi.emulators.netty.HttpVersionRoutingHandler channelRead
INFO: Detected non-HTTP/2 connection.
Aug 08, 2026 4:05:03 PM io.gapi.emulators.netty.HttpVersionRoutingHandler channelRead
INFO: Detected non-HTTP/2 connection.
Aug 08, 2026 4:05:03 PM io.gapi.emulators.netty.HttpVersionRoutingHandler channelRead
INFO: Detected non-HTTP/2 connection.
Aug 08, 2026 4:05:04 PM io.gapi.emulators.netty.HttpVersionRoutingHandler channelRead
INFO: Detected non-HTTP/2 connection.
Aug 08, 2026 4:05:04 PM io.gapi.emulators.netty.HttpVersionRoutingHandler channelRead
INFO: Detected non-HTTP/2 connection.
Aug 08, 2026 4:05:04 PM io.gapi.emulators.netty.HttpVersionRoutingHandler channelRead
INFO: Detected non-HTTP/2 connection.
Aug 08, 2026 4:05:04 PM io.gapi.emulators.netty.HttpVersionRoutingHandler channelRead
INFO: Detected non-HTTP/2 connection.
Aug 08, 2026 4:05:04 PM com.google.cloud.datastore.emulator.impl.util.WrappedStreamObserver onError
WARNING: Operation failed: No matching allow statements
com.google.cloud.datastore.core.exception.DatastoreException: No matching allow statements
	at com.google.cloud.datastore.core.exception.DatastoreException$Builder.build(DatastoreException.java:152)
	at com.google.cloud.datastore.emulator.impl.rules.DefaultEmulatorRulesAuthorizer.verboseError(DefaultEmulatorRulesAuthorizer.java:349)
	at com.google.cloud.datastore.emulator.impl.rules.DefaultEmulatorRulesAuthorizer.withVerboseErrors(DefaultEmulatorRulesAuthorizer.java:326)
	at com.google.cloud.datastore.emulator.impl.rules.DefaultEmulatorRulesAuthorizer.checkCommit(DefaultEmulatorRulesAuthorizer.java:113)
	at com.google.cloud.datastore.emulator.impl.firestore.FirestoreEmulatorHelper.commitHelper(FirestoreEmulatorHelper.java:407)
	at com.google.cloud.datastore.emulator.impl.firestore.FirestoreEmulatorHelper.internalCommit(FirestoreEmulatorHelper.java:348)
	at com.google.cloud.datastore.emulator.impl.firestore.CloudFirestoreV1.internalCommit(CloudFirestoreV1.java:1336)
	at com.google.cloud.datastore.emulator.impl.firestore.CloudFirestoreV1.write(CloudFirestoreV1.java:1321)
	at com.google.cloud.datastore.emulator.impl.firestore.CloudFirestoreV1WriteStream.handleRequest(CloudFirestoreV1WriteStream.java:222)
	at com.google.cloud.datastore.emulator.impl.firestore.CloudFirestoreV1WriteStream.write(CloudFirestoreV1WriteStream.java:144)
	at com.google.cloud.datastore.emulator.impl.firestore.CloudFirestoreV1WriteStream.onNext(CloudFirestoreV1WriteStream.java:99)
	at com.google.cloud.datastore.emulator.impl.firestore.CloudFirestoreV1WriteStream.onNext(CloudFirestoreV1WriteStream.java:27)
	at com.google.cloud.datastore.emulator.firestore.webchannel.FirestoreV1WebChannelAdapter$FirestoreWriteHandler.onMessage(FirestoreV1WebChannelAdapter.java:160)
	at com.google.cloud.datastore.emulator.firestore.webchannel.FirestoreV1WebChannelAdapter$FirestoreWriteHandler.onMessage(FirestoreV1WebChannelAdapter.java:130)
	at com.google.net.webchannel.server.v8.ChannelInternalImpl.onMessage(ChannelInternalImpl.java:525)
	at com.google.net.webchannel.server.v8.ForwardChannel.deliverMessage(ForwardChannel.java:115)
	at com.google.net.webchannel.server.v8.ForwardChannel.processPendingRequest(ForwardChannel.java:94)
	at com.google.net.webchannel.server.v8.ForwardChannel.consume(ForwardChannel.java:68)
	at com.google.net.webchannel.server.v8.ForwardChannel.add(ForwardChannel.java:61)
	at com.google.net.webchannel.server.v8.ChannelInternalImpl.handleRequestBody(ChannelInternalImpl.java:290)
	at com.google.net.webchannel.server.v8.ChannelInternalImpl.processSessionRequest(ChannelInternalImpl.java:357)
	at com.google.net.webchannel.server.v8.ChannelInternalImpl.handle(ChannelInternalImpl.java:172)
	at com.google.net.webchannel.server.v8.ChannelInternalImpl.consume(ChannelInternalImpl.java:91)
	at com.google.net.webchannel.server.common.ChannelProcessor.run(ChannelProcessor.java:85)

Aug 08, 2026 4:05:04 PM io.gapi.emulators.netty.HttpVersionRoutingHandler channelRead
INFO: Detected non-HTTP/2 connection.
Aug 08, 2026 4:05:04 PM com.google.cloud.datastore.emulator.firestore.webchannel.FirestoreV1WebChannelAdapter$FirestoreWriteHandler onClose
INFO: channel closed
Aug 08, 2026 4:05:12 PM io.gapi.emulators.netty.HttpVersionRoutingHandler channelRead
INFO: Detected non-HTTP/2 connection.
Aug 08, 2026 4:05:34 PM io.gapi.emulators.netty.HttpVersionRoutingHandler channelRead
INFO: Detected non-HTTP/2 connection.
Aug 08, 2026 4:05:34 PM io.gapi.emulators.netty.HttpVersionRoutingHandler channelRead
INFO: Detected non-HTTP/2 connection.
Aug 08, 2026 4:05:34 PM io.gapi.emulators.netty.HttpVersionRoutingHandler channelRead
INFO: Detected non-HTTP/2 connection.
Aug 08, 2026 4:05:34 PM io.gapi.emulators.netty.HttpVersionRoutingHandler channelRead
INFO: Detected non-HTTP/2 connection.
Aug 08, 2026 4:05:36 PM io.gapi.emulators.netty.HttpVersionRoutingHandler channelRead
INFO: Detected non-HTTP/2 connection.
Aug 08, 2026 4:05:43 PM io.gapi.emulators.netty.HttpVersionRoutingHandler channelRead
INFO: Detected non-HTTP/2 connection.
Aug 08, 2026 4:06:04 PM io.gapi.emulators.netty.HttpVersionRoutingHandler channelRead
INFO: Detected non-HTTP/2 connection.
Aug 08, 2026 4:06:05 PM io.gapi.emulators.netty.HttpVersionRoutingHandler channelRead
INFO: Detected non-HTTP/2 connection.
Aug 08, 2026 4:06:06 PM io.gapi.emulators.netty.HttpVersionRoutingHandler channelRead
INFO: Detected non-HTTP/2 connection.
Aug 08, 2026 4:06:21 PM io.gapi.emulators.netty.HttpVersionRoutingHandler channelRead
INFO: Detected non-HTTP/2 connection.
Aug 08, 2026 4:06:22 PM io.gapi.emulators.netty.HttpVersionRoutingHandler channelRead
INFO: Detected non-HTTP/2 connection.
Aug 08, 2026 4:06:22 PM io.gapi.emulators.netty.HttpVersionRoutingHandler channelRead
INFO: Detected non-HTTP/2 connection.
Aug 08, 2026 4:06:22 PM io.gapi.emulators.netty.HttpVersionRoutingHandler channelRead
INFO: Detected non-HTTP/2 connection.
Aug 08, 2026 4:06:22 PM io.gapi.emulators.netty.HttpVersionRoutingHandler channelRead
INFO: Detected non-HTTP/2 connection.
Aug 08, 2026 4:06:27 PM io.gapi.emulators.netty.HttpVersionRoutingHandler channelRead
INFO: Detected non-HTTP/2 connection.
Aug 08, 2026 4:06:27 PM io.gapi.emulators.netty.HttpVersionRoutingHandler channelRead
INFO: Detected non-HTTP/2 connection.
Aug 08, 2026 4:06:28 PM io.gapi.emulators.netty.HttpVersionRoutingHandler channelRead
INFO: Detected non-HTTP/2 connection.
Aug 08, 2026 4:06:29 PM io.gapi.emulators.netty.HttpVersionRoutingHandler channelRead
INFO: Detected non-HTTP/2 connection.
Aug 08, 2026 4:06:35 PM io.gapi.emulators.netty.HttpVersionRoutingHandler channelRead
INFO: Detected non-HTTP/2 connection.
Aug 08, 2026 4:06:59 PM io.gapi.emulators.netty.HttpVersionRoutingHandler channelRead
INFO: Detected non-HTTP/2 connection.
Aug 08, 2026 4:07:05 PM io.gapi.emulators.netty.HttpVersionRoutingHandler channelRead
INFO: Detected non-HTTP/2 connection.
Aug 08, 2026 4:07:23 PM io.gapi.emulators.netty.HttpVersionRoutingHandler channelRead
INFO: Detected non-HTTP/2 connection.
Aug 08, 2026 4:07:23 PM com.google.cloud.datastore.emulator.firestore.webchannel.FirestoreV1WebChannelAdapter$FirestoreListenHandler onClose
INFO: channel closed
Aug 08, 2026 4:07:29 PM io.gapi.emulators.netty.HttpVersionRoutingHandler channelRead
INFO: Detected non-HTTP/2 connection.
Aug 08, 2026 4:07:35 PM io.gapi.emulators.netty.HttpVersionRoutingHandler channelRead
INFO: Detected non-HTTP/2 connection.
Aug 08, 2026 4:08:00 PM io.gapi.emulators.netty.HttpVersionRoutingHandler channelRead
INFO: Detected non-HTTP/2 connection.
Aug 08, 2026 4:08:06 PM io.gapi.emulators.netty.HttpVersionRoutingHandler channelRead
INFO: Detected non-HTTP/2 connection.
Aug 08, 2026 4:08:30 PM io.gapi.emulators.netty.HttpVersionRoutingHandler channelRead
INFO: Detected non-HTTP/2 connection.
Aug 08, 2026 4:08:52 PM io.gapi.emulators.netty.HttpVersionRoutingHandler channelRead
INFO: Detected non-HTTP/2 connection.
Aug 08, 2026 4:09:16 PM io.gapi.emulators.netty.HttpVersionRoutingHandler channelRead
INFO: Detected non-HTTP/2 connection.
Aug 08, 2026 4:09:22 PM io.gapi.emulators.netty.HttpVersionRoutingHandler channelRead
INFO: Detected non-HTTP/2 connection.
Aug 08, 2026 4:09:41 PM io.gapi.emulators.netty.HttpVersionRoutingHandler channelRead
INFO: Detected non-HTTP/2 connection.
Aug 08, 2026 4:09:41 PM io.gapi.emulators.netty.HttpVersionRoutingHandler channelRead
INFO: Detected non-HTTP/2 connection.
Aug 08, 2026 4:09:42 PM io.gapi.emulators.netty.HttpVersionRoutingHandler channelRead
INFO: Detected non-HTTP/2 connection.
Aug 08, 2026 4:09:42 PM io.gapi.emulators.netty.HttpVersionRoutingHandler channelRead
INFO: Detected non-HTTP/2 connection.
Aug 08, 2026 4:09:42 PM io.gapi.emulators.netty.HttpVersionRoutingHandler channelRead
INFO: Detected non-HTTP/2 connection.
Aug 08, 2026 4:09:42 PM io.gapi.emulators.netty.HttpVersionRoutingHandler channelRead
INFO: Detected non-HTTP/2 connection.
Aug 08, 2026 4:09:42 PM com.google.cloud.datastore.emulator.impl.util.WrappedStreamObserver onError
WARNING: Operation failed: No matching allow statements
com.google.cloud.datastore.core.exception.DatastoreException: No matching allow statements
	at com.google.cloud.datastore.core.exception.DatastoreException$Builder.build(DatastoreException.java:152)
	at com.google.cloud.datastore.emulator.impl.rules.DefaultEmulatorRulesAuthorizer.verboseError(DefaultEmulatorRulesAuthorizer.java:349)
	at com.google.cloud.datastore.emulator.impl.rules.DefaultEmulatorRulesAuthorizer.withVerboseErrors(DefaultEmulatorRulesAuthorizer.java:326)
	at com.google.cloud.datastore.emulator.impl.rules.DefaultEmulatorRulesAuthorizer.checkCommit(DefaultEmulatorRulesAuthorizer.java:113)
	at com.google.cloud.datastore.emulator.impl.firestore.FirestoreEmulatorHelper.commitHelper(FirestoreEmulatorHelper.java:407)
	at com.google.cloud.datastore.emulator.impl.firestore.FirestoreEmulatorHelper.internalCommit(FirestoreEmulatorHelper.java:348)
	at com.google.cloud.datastore.emulator.impl.firestore.CloudFirestoreV1.internalCommit(CloudFirestoreV1.java:1336)
	at com.google.cloud.datastore.emulator.impl.firestore.CloudFirestoreV1.write(CloudFirestoreV1.java:1321)
	at com.google.cloud.datastore.emulator.impl.firestore.CloudFirestoreV1WriteStream.handleRequest(CloudFirestoreV1WriteStream.java:222)
	at com.google.cloud.datastore.emulator.impl.firestore.CloudFirestoreV1WriteStream.write(CloudFirestoreV1WriteStream.java:144)
	at com.google.cloud.datastore.emulator.impl.firestore.CloudFirestoreV1WriteStream.onNext(CloudFirestoreV1WriteStream.java:99)
	at com.google.cloud.datastore.emulator.impl.firestore.CloudFirestoreV1WriteStream.onNext(CloudFirestoreV1WriteStream.java:27)
	at com.google.cloud.datastore.emulator.firestore.webchannel.FirestoreV1WebChannelAdapter$FirestoreWriteHandler.onMessage(FirestoreV1WebChannelAdapter.java:160)
	at com.google.cloud.datastore.emulator.firestore.webchannel.FirestoreV1WebChannelAdapter$FirestoreWriteHandler.onMessage(FirestoreV1WebChannelAdapter.java:130)
	at com.google.net.webchannel.server.v8.ChannelInternalImpl.onMessage(ChannelInternalImpl.java:525)
	at com.google.net.webchannel.server.v8.ForwardChannel.deliverMessage(ForwardChannel.java:115)
	at com.google.net.webchannel.server.v8.ForwardChannel.processPendingRequest(ForwardChannel.java:94)
	at com.google.net.webchannel.server.v8.ForwardChannel.consume(ForwardChannel.java:68)
	at com.google.net.webchannel.server.v8.ForwardChannel.add(ForwardChannel.java:61)
	at com.google.net.webchannel.server.v8.ChannelInternalImpl.handleRequestBody(ChannelInternalImpl.java:290)
	at com.google.net.webchannel.server.v8.ChannelInternalImpl.processSessionRequest(ChannelInternalImpl.java:357)
	at com.google.net.webchannel.server.v8.ChannelInternalImpl.handle(ChannelInternalImpl.java:172)
	at com.google.net.webchannel.server.v8.ChannelInternalImpl.consume(ChannelInternalImpl.java:91)
	at com.google.net.webchannel.server.common.ChannelProcessor.run(ChannelProcessor.java:85)

Aug 08, 2026 4:09:42 PM io.gapi.emulators.netty.HttpVersionRoutingHandler channelRead
INFO: Detected non-HTTP/2 connection.
Aug 08, 2026 4:09:42 PM com.google.cloud.datastore.emulator.firestore.webchannel.FirestoreV1WebChannelAdapter$FirestoreWriteHandler onClose
INFO: channel closed
Aug 08, 2026 4:09:46 PM io.gapi.emulators.netty.HttpVersionRoutingHandler channelRead
INFO: Detected non-HTTP/2 connection.
Aug 08, 2026 4:10:12 PM io.gapi.emulators.netty.HttpVersionRoutingHandler channelRead
INFO: Detected non-HTTP/2 connection.
Aug 08, 2026 4:10:16 PM io.gapi.emulators.netty.HttpVersionRoutingHandler channelRead
INFO: Detected non-HTTP/2 connection.
Aug 08, 2026 4:10:43 PM io.gapi.emulators.netty.HttpVersionRoutingHandler channelRead
INFO: Detected non-HTTP/2 connection.
Aug 08, 2026 4:10:47 PM io.gapi.emulators.netty.HttpVersionRoutingHandler channelRead
INFO: Detected non-HTTP/2 connection.
Aug 08, 2026 4:11:07 PM io.gapi.emulators.netty.HttpVersionRoutingHandler channelRead
INFO: Detected non-HTTP/2 connection.
Aug 08, 2026 4:11:07 PM io.gapi.emulators.netty.HttpVersionRoutingHandler channelRead
INFO: Detected non-HTTP/2 connection.
Aug 08, 2026 4:11:08 PM io.gapi.emulators.netty.HttpVersionRoutingHandler channelRead
INFO: Detected non-HTTP/2 connection.
Aug 08, 2026 4:11:08 PM com.google.cloud.datastore.emulator.impl.util.WrappedStreamObserver onError
WARNING: Operation failed: No matching allow statements
com.google.cloud.datastore.core.exception.DatastoreException: No matching allow statements
	at com.google.cloud.datastore.core.exception.DatastoreException$Builder.build(DatastoreException.java:152)
	at com.google.cloud.datastore.emulator.impl.rules.DefaultEmulatorRulesAuthorizer.verboseError(DefaultEmulatorRulesAuthorizer.java:349)
	at com.google.cloud.datastore.emulator.impl.rules.DefaultEmulatorRulesAuthorizer.withVerboseErrors(DefaultEmulatorRulesAuthorizer.java:326)
	at com.google.cloud.datastore.emulator.impl.rules.DefaultEmulatorRulesAuthorizer.checkCommit(DefaultEmulatorRulesAuthorizer.java:113)
	at com.google.cloud.datastore.emulator.impl.firestore.FirestoreEmulatorHelper.commitHelper(FirestoreEmulatorHelper.java:407)
	at com.google.cloud.datastore.emulator.impl.firestore.FirestoreEmulatorHelper.internalCommit(FirestoreEmulatorHelper.java:348)
	at com.google.cloud.datastore.emulator.impl.firestore.CloudFirestoreV1.internalCommit(CloudFirestoreV1.java:1336)
	at com.google.cloud.datastore.emulator.impl.firestore.CloudFirestoreV1.write(CloudFirestoreV1.java:1321)
	at com.google.cloud.datastore.emulator.impl.firestore.CloudFirestoreV1WriteStream.handleRequest(CloudFirestoreV1WriteStream.java:222)
	at com.google.cloud.datastore.emulator.impl.firestore.CloudFirestoreV1WriteStream.write(CloudFirestoreV1WriteStream.java:144)
	at com.google.cloud.datastore.emulator.impl.firestore.CloudFirestoreV1WriteStream.onNext(CloudFirestoreV1WriteStream.java:99)
	at com.google.cloud.datastore.emulator.impl.firestore.CloudFirestoreV1WriteStream.onNext(CloudFirestoreV1WriteStream.java:27)
	at com.google.cloud.datastore.emulator.firestore.webchannel.FirestoreV1WebChannelAdapter$FirestoreWriteHandler.onMessage(FirestoreV1WebChannelAdapter.java:160)
	at com.google.cloud.datastore.emulator.firestore.webchannel.FirestoreV1WebChannelAdapter$FirestoreWriteHandler.onMessage(FirestoreV1WebChannelAdapter.java:130)
	at com.google.net.webchannel.server.v8.ChannelInternalImpl.onMessage(ChannelInternalImpl.java:525)
	at com.google.net.webchannel.server.v8.ForwardChannel.deliverMessage(ForwardChannel.java:115)
	at com.google.net.webchannel.server.v8.ForwardChannel.processPendingRequest(ForwardChannel.java:94)
	at com.google.net.webchannel.server.v8.ForwardChannel.consume(ForwardChannel.java:68)
	at com.google.net.webchannel.server.v8.ForwardChannel.add(ForwardChannel.java:61)
	at com.google.net.webchannel.server.v8.ChannelInternalImpl.handleRequestBody(ChannelInternalImpl.java:290)
	at com.google.net.webchannel.server.v8.ChannelInternalImpl.processSessionRequest(ChannelInternalImpl.java:357)
	at com.google.net.webchannel.server.v8.ChannelInternalImpl.handle(ChannelInternalImpl.java:172)
	at com.google.net.webchannel.server.v8.ChannelInternalImpl.consume(ChannelInternalImpl.java:91)
	at com.google.net.webchannel.server.common.ChannelProcessor.run(ChannelProcessor.java:85)

Aug 08, 2026 4:11:08 PM io.gapi.emulators.netty.HttpVersionRoutingHandler channelRead
INFO: Detected non-HTTP/2 connection.
Aug 08, 2026 4:11:08 PM com.google.cloud.datastore.emulator.firestore.webchannel.FirestoreV1WebChannelAdapter$FirestoreWriteHandler onClose
INFO: channel closed
Aug 08, 2026 4:11:13 PM io.gapi.emulators.netty.HttpVersionRoutingHandler channelRead
INFO: Detected non-HTTP/2 connection.
Aug 08, 2026 4:11:14 PM io.gapi.emulators.netty.HttpVersionRoutingHandler channelRead
INFO: Detected non-HTTP/2 connection.
Aug 08, 2026 4:11:15 PM io.gapi.emulators.netty.HttpVersionRoutingHandler channelRead
INFO: Detected non-HTTP/2 connection.
Aug 08, 2026 4:11:15 PM io.gapi.emulators.netty.HttpVersionRoutingHandler channelRead
INFO: Detected non-HTTP/2 connection.
Aug 08, 2026 4:11:15 PM io.gapi.emulators.netty.HttpVersionRoutingHandler channelRead
INFO: Detected non-HTTP/2 connection.
Aug 08, 2026 4:11:15 PM io.gapi.emulators.netty.HttpVersionRoutingHandler channelRead
INFO: Detected non-HTTP/2 connection.
Aug 08, 2026 4:11:15 PM io.gapi.emulators.netty.HttpVersionRoutingHandler channelRead
INFO: Detected non-HTTP/2 connection.
Aug 08, 2026 4:11:15 PM io.gapi.emulators.netty.HttpVersionRoutingHandler channelRead
INFO: Detected non-HTTP/2 connection.
Aug 08, 2026 4:11:15 PM io.gapi.emulators.netty.HttpVersionRoutingHandler channelRead
INFO: Detected non-HTTP/2 connection.
Aug 08, 2026 4:11:15 PM io.gapi.emulators.netty.HttpVersionRoutingHandler channelRead
INFO: Detected non-HTTP/2 connection.
Aug 08, 2026 4:11:15 PM io.gapi.emulators.netty.HttpVersionRoutingHandler channelRead
INFO: Detected non-HTTP/2 connection.
Aug 08, 2026 4:11:15 PM com.google.cloud.datastore.emulator.impl.util.WrappedStreamObserver onError
WARNING: Operation failed: No matching allow statements
com.google.cloud.datastore.core.exception.DatastoreException: No matching allow statements
	at com.google.cloud.datastore.core.exception.DatastoreException$Builder.build(DatastoreException.java:152)
	at com.google.cloud.datastore.emulator.impl.rules.DefaultEmulatorRulesAuthorizer.verboseError(DefaultEmulatorRulesAuthorizer.java:349)
	at com.google.cloud.datastore.emulator.impl.rules.DefaultEmulatorRulesAuthorizer.withVerboseErrors(DefaultEmulatorRulesAuthorizer.java:326)
	at com.google.cloud.datastore.emulator.impl.rules.DefaultEmulatorRulesAuthorizer.checkCommit(DefaultEmulatorRulesAuthorizer.java:113)
	at com.google.cloud.datastore.emulator.impl.firestore.FirestoreEmulatorHelper.commitHelper(FirestoreEmulatorHelper.java:407)
	at com.google.cloud.datastore.emulator.impl.firestore.FirestoreEmulatorHelper.internalCommit(FirestoreEmulatorHelper.java:348)
	at com.google.cloud.datastore.emulator.impl.firestore.CloudFirestoreV1.internalCommit(CloudFirestoreV1.java:1336)
	at com.google.cloud.datastore.emulator.impl.firestore.CloudFirestoreV1.write(CloudFirestoreV1.java:1321)
	at com.google.cloud.datastore.emulator.impl.firestore.CloudFirestoreV1WriteStream.handleRequest(CloudFirestoreV1WriteStream.java:222)
	at com.google.cloud.datastore.emulator.impl.firestore.CloudFirestoreV1WriteStream.write(CloudFirestoreV1WriteStream.java:144)
	at com.google.cloud.datastore.emulator.impl.firestore.CloudFirestoreV1WriteStream.onNext(CloudFirestoreV1WriteStream.java:99)
	at com.google.cloud.datastore.emulator.impl.firestore.CloudFirestoreV1WriteStream.onNext(CloudFirestoreV1WriteStream.java:27)
	at com.google.cloud.datastore.emulator.firestore.webchannel.FirestoreV1WebChannelAdapter$FirestoreWriteHandler.onMessage(FirestoreV1WebChannelAdapter.java:160)
	at com.google.cloud.datastore.emulator.firestore.webchannel.FirestoreV1WebChannelAdapter$FirestoreWriteHandler.onMessage(FirestoreV1WebChannelAdapter.java:130)
	at com.google.net.webchannel.server.v8.ChannelInternalImpl.onMessage(ChannelInternalImpl.java:525)
	at com.google.net.webchannel.server.v8.ForwardChannel.deliverMessage(ForwardChannel.java:115)
	at com.google.net.webchannel.server.v8.ForwardChannel.processPendingRequest(ForwardChannel.java:94)
	at com.google.net.webchannel.server.v8.ForwardChannel.consume(ForwardChannel.java:68)
	at com.google.net.webchannel.server.v8.ForwardChannel.add(ForwardChannel.java:61)
	at com.google.net.webchannel.server.v8.ChannelInternalImpl.handleRequestBody(ChannelInternalImpl.java:290)
	at com.google.net.webchannel.server.v8.ChannelInternalImpl.processSessionRequest(ChannelInternalImpl.java:357)
	at com.google.net.webchannel.server.v8.ChannelInternalImpl.handle(ChannelInternalImpl.java:172)
	at com.google.net.webchannel.server.v8.ChannelInternalImpl.consume(ChannelInternalImpl.java:91)
	at com.google.net.webchannel.server.common.ChannelProcessor.run(ChannelProcessor.java:85)

Aug 08, 2026 4:11:16 PM io.gapi.emulators.netty.HttpVersionRoutingHandler channelRead
INFO: Detected non-HTTP/2 connection.
Aug 08, 2026 4:11:16 PM com.google.cloud.datastore.emulator.firestore.webchannel.FirestoreV1WebChannelAdapter$FirestoreWriteHandler onClose
INFO: channel closed
Aug 08, 2026 4:11:16 PM io.gapi.emulators.netty.HttpVersionRoutingHandler channelRead
INFO: Detected non-HTTP/2 connection.
Aug 08, 2026 4:11:16 PM io.gapi.emulators.netty.HttpVersionRoutingHandler channelRead
INFO: Detected non-HTTP/2 connection.
Aug 08, 2026 4:11:16 PM com.google.cloud.datastore.emulator.firestore.webchannel.FirestoreV1WebChannelAdapter$FirestoreListenHandler onClose
INFO: channel closed
Aug 08, 2026 4:11:17 PM io.gapi.emulators.netty.HttpVersionRoutingHandler channelRead
INFO: Detected non-HTTP/2 connection.
Aug 08, 2026 4:11:17 PM io.gapi.emulators.netty.HttpVersionRoutingHandler channelRead
INFO: Detected non-HTTP/2 connection.
Aug 08, 2026 4:11:17 PM io.gapi.emulators.netty.HttpVersionRoutingHandler channelRead
INFO: Detected non-HTTP/2 connection.
Aug 08, 2026 4:11:17 PM io.gapi.emulators.netty.HttpVersionRoutingHandler channelRead
INFO: Detected non-HTTP/2 connection.
Aug 08, 2026 4:11:17 PM io.gapi.emulators.netty.HttpVersionRoutingHandler channelRead
INFO: Detected non-HTTP/2 connection.
Aug 08, 2026 4:11:17 PM io.gapi.emulators.netty.HttpVersionRoutingHandler channelRead
INFO: Detected non-HTTP/2 connection.
Aug 08, 2026 4:11:17 PM io.gapi.emulators.netty.HttpVersionRoutingHandler channelRead
INFO: Detected non-HTTP/2 connection.
Aug 08, 2026 4:11:17 PM com.google.cloud.datastore.emulator.impl.util.WrappedStreamObserver onError
WARNING: Operation failed: No matching allow statements
com.google.cloud.datastore.core.exception.DatastoreException: No matching allow statements
	at com.google.cloud.datastore.core.exception.DatastoreException$Builder.build(DatastoreException.java:152)
	at com.google.cloud.datastore.emulator.impl.rules.DefaultEmulatorRulesAuthorizer.verboseError(DefaultEmulatorRulesAuthorizer.java:349)
	at com.google.cloud.datastore.emulator.impl.rules.DefaultEmulatorRulesAuthorizer.withVerboseErrors(DefaultEmulatorRulesAuthorizer.java:326)
	at com.google.cloud.datastore.emulator.impl.rules.DefaultEmulatorRulesAuthorizer.checkCommit(DefaultEmulatorRulesAuthorizer.java:113)
	at com.google.cloud.datastore.emulator.impl.firestore.FirestoreEmulatorHelper.commitHelper(FirestoreEmulatorHelper.java:407)
	at com.google.cloud.datastore.emulator.impl.firestore.FirestoreEmulatorHelper.internalCommit(FirestoreEmulatorHelper.java:348)
	at com.google.cloud.datastore.emulator.impl.firestore.CloudFirestoreV1.internalCommit(CloudFirestoreV1.java:1336)
	at com.google.cloud.datastore.emulator.impl.firestore.CloudFirestoreV1.write(CloudFirestoreV1.java:1321)
	at com.google.cloud.datastore.emulator.impl.firestore.CloudFirestoreV1WriteStream.handleRequest(CloudFirestoreV1WriteStream.java:222)
	at com.google.cloud.datastore.emulator.impl.firestore.CloudFirestoreV1WriteStream.write(CloudFirestoreV1WriteStream.java:144)
	at com.google.cloud.datastore.emulator.impl.firestore.CloudFirestoreV1WriteStream.onNext(CloudFirestoreV1WriteStream.java:99)
	at com.google.cloud.datastore.emulator.impl.firestore.CloudFirestoreV1WriteStream.onNext(CloudFirestoreV1WriteStream.java:27)
	at com.google.cloud.datastore.emulator.firestore.webchannel.FirestoreV1WebChannelAdapter$FirestoreWriteHandler.onMessage(FirestoreV1WebChannelAdapter.java:160)
	at com.google.cloud.datastore.emulator.firestore.webchannel.FirestoreV1WebChannelAdapter$FirestoreWriteHandler.onMessage(FirestoreV1WebChannelAdapter.java:130)
	at com.google.net.webchannel.server.v8.ChannelInternalImpl.onMessage(ChannelInternalImpl.java:525)
	at com.google.net.webchannel.server.v8.ForwardChannel.deliverMessage(ForwardChannel.java:115)
	at com.google.net.webchannel.server.v8.ForwardChannel.processPendingRequest(ForwardChannel.java:94)
	at com.google.net.webchannel.server.v8.ForwardChannel.consume(ForwardChannel.java:68)
	at com.google.net.webchannel.server.v8.ForwardChannel.add(ForwardChannel.java:61)
	at com.google.net.webchannel.server.v8.ChannelInternalImpl.handleRequestBody(ChannelInternalImpl.java:290)
	at com.google.net.webchannel.server.v8.ChannelInternalImpl.processSessionRequest(ChannelInternalImpl.java:357)
	at com.google.net.webchannel.server.v8.ChannelInternalImpl.handle(ChannelInternalImpl.java:172)
	at com.google.net.webchannel.server.v8.ChannelInternalImpl.consume(ChannelInternalImpl.java:91)
	at com.google.net.webchannel.server.common.ChannelProcessor.run(ChannelProcessor.java:85)

Aug 08, 2026 4:11:18 PM io.gapi.emulators.netty.HttpVersionRoutingHandler channelRead
INFO: Detected non-HTTP/2 connection.
Aug 08, 2026 4:11:18 PM io.gapi.emulators.netty.HttpVersionRoutingHandler channelRead
INFO: Detected non-HTTP/2 connection.
Aug 08, 2026 4:11:18 PM com.google.cloud.datastore.emulator.firestore.webchannel.FirestoreV1WebChannelAdapter$FirestoreWriteHandler onClose
INFO: channel closed
Aug 08, 2026 4:11:21 PM io.gapi.emulators.netty.HttpVersionRoutingHandler channelRead
INFO: Detected non-HTTP/2 connection.
Aug 08, 2026 4:11:21 PM io.gapi.emulators.netty.HttpVersionRoutingHandler channelRead
INFO: Detected non-HTTP/2 connection.
Aug 08, 2026 4:11:21 PM io.gapi.emulators.netty.HttpVersionRoutingHandler channelRead
INFO: Detected non-HTTP/2 connection.
Aug 08, 2026 4:11:21 PM io.gapi.emulators.netty.HttpVersionRoutingHandler channelRead
INFO: Detected non-HTTP/2 connection.
Aug 08, 2026 4:11:21 PM io.gapi.emulators.netty.HttpVersionRoutingHandler channelRead
INFO: Detected non-HTTP/2 connection.
Aug 08, 2026 4:11:21 PM com.google.cloud.datastore.emulator.impl.util.WrappedStreamObserver onError
WARNING: Operation failed: No matching allow statements
com.google.cloud.datastore.core.exception.DatastoreException: No matching allow statements
	at com.google.cloud.datastore.core.exception.DatastoreException$Builder.build(DatastoreException.java:152)
	at com.google.cloud.datastore.emulator.impl.rules.DefaultEmulatorRulesAuthorizer.verboseError(DefaultEmulatorRulesAuthorizer.java:349)
	at com.google.cloud.datastore.emulator.impl.rules.DefaultEmulatorRulesAuthorizer.withVerboseErrors(DefaultEmulatorRulesAuthorizer.java:326)
	at com.google.cloud.datastore.emulator.impl.rules.DefaultEmulatorRulesAuthorizer.checkCommit(DefaultEmulatorRulesAuthorizer.java:113)
	at com.google.cloud.datastore.emulator.impl.firestore.FirestoreEmulatorHelper.commitHelper(FirestoreEmulatorHelper.java:407)
	at com.google.cloud.datastore.emulator.impl.firestore.FirestoreEmulatorHelper.internalCommit(FirestoreEmulatorHelper.java:348)
	at com.google.cloud.datastore.emulator.impl.firestore.CloudFirestoreV1.internalCommit(CloudFirestoreV1.java:1336)
	at com.google.cloud.datastore.emulator.impl.firestore.CloudFirestoreV1.write(CloudFirestoreV1.java:1321)
	at com.google.cloud.datastore.emulator.impl.firestore.CloudFirestoreV1WriteStream.handleRequest(CloudFirestoreV1WriteStream.java:222)
	at com.google.cloud.datastore.emulator.impl.firestore.CloudFirestoreV1WriteStream.write(CloudFirestoreV1WriteStream.java:144)
	at com.google.cloud.datastore.emulator.impl.firestore.CloudFirestoreV1WriteStream.onNext(CloudFirestoreV1WriteStream.java:99)
	at com.google.cloud.datastore.emulator.impl.firestore.CloudFirestoreV1WriteStream.onNext(CloudFirestoreV1WriteStream.java:27)
	at com.google.cloud.datastore.emulator.firestore.webchannel.FirestoreV1WebChannelAdapter$FirestoreWriteHandler.onMessage(FirestoreV1WebChannelAdapter.java:160)
	at com.google.cloud.datastore.emulator.firestore.webchannel.FirestoreV1WebChannelAdapter$FirestoreWriteHandler.onMessage(FirestoreV1WebChannelAdapter.java:130)
	at com.google.net.webchannel.server.v8.ChannelInternalImpl.onMessage(ChannelInternalImpl.java:525)
	at com.google.net.webchannel.server.v8.ForwardChannel.deliverMessage(ForwardChannel.java:115)
	at com.google.net.webchannel.server.v8.ForwardChannel.processPendingRequest(ForwardChannel.java:94)
	at com.google.net.webchannel.server.v8.ForwardChannel.consume(ForwardChannel.java:68)
	at com.google.net.webchannel.server.v8.ForwardChannel.add(ForwardChannel.java:61)
	at com.google.net.webchannel.server.v8.ChannelInternalImpl.handleRequestBody(ChannelInternalImpl.java:290)
	at com.google.net.webchannel.server.v8.ChannelInternalImpl.processSessionRequest(ChannelInternalImpl.java:357)
	at com.google.net.webchannel.server.v8.ChannelInternalImpl.handle(ChannelInternalImpl.java:172)
	at com.google.net.webchannel.server.v8.ChannelInternalImpl.consume(ChannelInternalImpl.java:91)
	at com.google.net.webchannel.server.common.ChannelProcessor.run(ChannelProcessor.java:85)

Aug 08, 2026 4:11:21 PM com.google.cloud.datastore.emulator.impl.util.WrappedStreamObserver onError
WARNING: Operation failed: No matching allow statements
com.google.cloud.datastore.core.exception.DatastoreException: No matching allow statements
	at com.google.cloud.datastore.core.exception.DatastoreException$Builder.build(DatastoreException.java:152)
	at com.google.cloud.datastore.emulator.impl.rules.DefaultEmulatorRulesAuthorizer.verboseError(DefaultEmulatorRulesAuthorizer.java:349)
	at com.google.cloud.datastore.emulator.impl.rules.DefaultEmulatorRulesAuthorizer.withVerboseErrors(DefaultEmulatorRulesAuthorizer.java:326)
	at com.google.cloud.datastore.emulator.impl.rules.DefaultEmulatorRulesAuthorizer.checkCommit(DefaultEmulatorRulesAuthorizer.java:113)
	at com.google.cloud.datastore.emulator.impl.firestore.FirestoreEmulatorHelper.commitHelper(FirestoreEmulatorHelper.java:407)
	at com.google.cloud.datastore.emulator.impl.firestore.FirestoreEmulatorHelper.internalCommit(FirestoreEmulatorHelper.java:348)
	at com.google.cloud.datastore.emulator.impl.firestore.CloudFirestoreV1.internalCommit(CloudFirestoreV1.java:1336)
	at com.google.cloud.datastore.emulator.impl.firestore.CloudFirestoreV1.write(CloudFirestoreV1.java:1321)
	at com.google.cloud.datastore.emulator.impl.firestore.CloudFirestoreV1WriteStream.handleRequest(CloudFirestoreV1WriteStream.java:222)
	at com.google.cloud.datastore.emulator.impl.firestore.CloudFirestoreV1WriteStream.write(CloudFirestoreV1WriteStream.java:144)
	at com.google.cloud.datastore.emulator.impl.firestore.CloudFirestoreV1WriteStream.onNext(CloudFirestoreV1WriteStream.java:99)
	at com.google.cloud.datastore.emulator.impl.firestore.CloudFirestoreV1WriteStream.onNext(CloudFirestoreV1WriteStream.java:27)
	at com.google.cloud.datastore.emulator.firestore.webchannel.FirestoreV1WebChannelAdapter$FirestoreWriteHandler.onMessage(FirestoreV1WebChannelAdapter.java:160)
	at com.google.cloud.datastore.emulator.firestore.webchannel.FirestoreV1WebChannelAdapter$FirestoreWriteHandler.onMessage(FirestoreV1WebChannelAdapter.java:130)
	at com.google.net.webchannel.server.v8.ChannelInternalImpl.onMessage(ChannelInternalImpl.java:525)
	at com.google.net.webchannel.server.v8.ForwardChannel.deliverMessage(ForwardChannel.java:115)
	at com.google.net.webchannel.server.v8.ForwardChannel.processPendingRequest(ForwardChannel.java:94)
	at com.google.net.webchannel.server.v8.ForwardChannel.consume(ForwardChannel.java:68)
	at com.google.net.webchannel.server.v8.ForwardChannel.add(ForwardChannel.java:61)
	at com.google.net.webchannel.server.v8.ChannelInternalImpl.handleRequestBody(ChannelInternalImpl.java:290)
	at com.google.net.webchannel.server.v8.ChannelInternalImpl.processSessionRequest(ChannelInternalImpl.java:357)
	at com.google.net.webchannel.server.v8.ChannelInternalImpl.handle(ChannelInternalImpl.java:172)
	at com.google.net.webchannel.server.v8.ChannelInternalImpl.consume(ChannelInternalImpl.java:91)
	at com.google.net.webchannel.server.common.ChannelProcessor.run(ChannelProcessor.java:85)

Aug 08, 2026 4:11:22 PM io.gapi.emulators.netty.HttpVersionRoutingHandler channelRead
INFO: Detected non-HTTP/2 connection.
Aug 08, 2026 4:11:22 PM io.gapi.emulators.netty.HttpVersionRoutingHandler channelRead
INFO: Detected non-HTTP/2 connection.
Aug 08, 2026 4:11:22 PM io.gapi.emulators.netty.HttpVersionRoutingHandler channelRead
INFO: Detected non-HTTP/2 connection.
Aug 08, 2026 4:11:22 PM io.gapi.emulators.netty.HttpVersionRoutingHandler channelRead
INFO: Detected non-HTTP/2 connection.
Aug 08, 2026 4:11:22 PM io.gapi.emulators.netty.HttpVersionRoutingHandler channelRead
INFO: Detected non-HTTP/2 connection.
Aug 08, 2026 4:11:22 PM com.google.cloud.datastore.emulator.impl.util.WrappedStreamObserver onError
WARNING: Operation failed: No matching allow statements
com.google.cloud.datastore.core.exception.DatastoreException: No matching allow statements
	at com.google.cloud.datastore.core.exception.DatastoreException$Builder.build(DatastoreException.java:152)
	at com.google.cloud.datastore.emulator.impl.rules.DefaultEmulatorRulesAuthorizer.verboseError(DefaultEmulatorRulesAuthorizer.java:349)
	at com.google.cloud.datastore.emulator.impl.rules.DefaultEmulatorRulesAuthorizer.withVerboseErrors(DefaultEmulatorRulesAuthorizer.java:326)
	at com.google.cloud.datastore.emulator.impl.rules.DefaultEmulatorRulesAuthorizer.checkCommit(DefaultEmulatorRulesAuthorizer.java:113)
	at com.google.cloud.datastore.emulator.impl.firestore.FirestoreEmulatorHelper.commitHelper(FirestoreEmulatorHelper.java:407)
	at com.google.cloud.datastore.emulator.impl.firestore.FirestoreEmulatorHelper.internalCommit(FirestoreEmulatorHelper.java:348)
	at com.google.cloud.datastore.emulator.impl.firestore.CloudFirestoreV1.internalCommit(CloudFirestoreV1.java:1336)
	at com.google.cloud.datastore.emulator.impl.firestore.CloudFirestoreV1.write(CloudFirestoreV1.java:1321)
	at com.google.cloud.datastore.emulator.impl.firestore.CloudFirestoreV1WriteStream.handleRequest(CloudFirestoreV1WriteStream.java:222)
	at com.google.cloud.datastore.emulator.impl.firestore.CloudFirestoreV1WriteStream.write(CloudFirestoreV1WriteStream.java:144)
	at com.google.cloud.datastore.emulator.impl.firestore.CloudFirestoreV1WriteStream.onNext(CloudFirestoreV1WriteStream.java:99)
	at com.google.cloud.datastore.emulator.impl.firestore.CloudFirestoreV1WriteStream.onNext(CloudFirestoreV1WriteStream.java:27)
	at com.google.cloud.datastore.emulator.firestore.webchannel.FirestoreV1WebChannelAdapter$FirestoreWriteHandler.onMessage(FirestoreV1WebChannelAdapter.java:160)
	at com.google.cloud.datastore.emulator.firestore.webchannel.FirestoreV1WebChannelAdapter$FirestoreWriteHandler.onMessage(FirestoreV1WebChannelAdapter.java:130)
	at com.google.net.webchannel.server.v8.ChannelInternalImpl.onMessage(ChannelInternalImpl.java:525)
	at com.google.net.webchannel.server.v8.ForwardChannel.deliverMessage(ForwardChannel.java:115)
	at com.google.net.webchannel.server.v8.ForwardChannel.processPendingRequest(ForwardChannel.java:94)
	at com.google.net.webchannel.server.v8.ForwardChannel.consume(ForwardChannel.java:68)
	at com.google.net.webchannel.server.v8.ForwardChannel.add(ForwardChannel.java:61)
	at com.google.net.webchannel.server.v8.ChannelInternalImpl.handleRequestBody(ChannelInternalImpl.java:290)
	at com.google.net.webchannel.server.v8.ChannelInternalImpl.processSessionRequest(ChannelInternalImpl.java:357)
	at com.google.net.webchannel.server.v8.ChannelInternalImpl.handle(ChannelInternalImpl.java:172)
	at com.google.net.webchannel.server.v8.ChannelInternalImpl.consume(ChannelInternalImpl.java:91)
	at com.google.net.webchannel.server.common.ChannelProcessor.run(ChannelProcessor.java:85)

Aug 08, 2026 4:11:22 PM io.gapi.emulators.netty.HttpVersionRoutingHandler channelRead
INFO: Detected non-HTTP/2 connection.
Aug 08, 2026 4:11:22 PM io.gapi.emulators.netty.HttpVersionRoutingHandler channelRead
INFO: Detected non-HTTP/2 connection.
Aug 08, 2026 4:11:22 PM io.gapi.emulators.netty.HttpVersionRoutingHandler channelRead
INFO: Detected non-HTTP/2 connection.
Aug 08, 2026 4:11:22 PM com.google.cloud.datastore.emulator.firestore.webchannel.FirestoreV1WebChannelAdapter$FirestoreWriteHandler onClose
INFO: channel closed
Aug 08, 2026 4:11:22 PM com.google.cloud.datastore.emulator.firestore.webchannel.FirestoreV1WebChannelAdapter$FirestoreWriteHandler onClose
INFO: channel closed
Aug 08, 2026 4:11:24 PM io.gapi.emulators.netty.HttpVersionRoutingHandler channelRead
INFO: Detected non-HTTP/2 connection.
Aug 08, 2026 4:11:24 PM io.gapi.emulators.netty.HttpVersionRoutingHandler channelRead
INFO: Detected non-HTTP/2 connection.
Aug 08, 2026 4:11:24 PM io.gapi.emulators.netty.HttpVersionRoutingHandler channelRead
INFO: Detected non-HTTP/2 connection.
Aug 08, 2026 4:11:24 PM com.google.cloud.datastore.emulator.impl.util.WrappedStreamObserver onError
WARNING: Operation failed: No matching allow statements
com.google.cloud.datastore.core.exception.DatastoreException: No matching allow statements
	at com.google.cloud.datastore.core.exception.DatastoreException$Builder.build(DatastoreException.java:152)
	at com.google.cloud.datastore.emulator.impl.rules.DefaultEmulatorRulesAuthorizer.verboseError(DefaultEmulatorRulesAuthorizer.java:349)
	at com.google.cloud.datastore.emulator.impl.rules.DefaultEmulatorRulesAuthorizer.withVerboseErrors(DefaultEmulatorRulesAuthorizer.java:326)
	at com.google.cloud.datastore.emulator.impl.rules.DefaultEmulatorRulesAuthorizer.checkCommit(DefaultEmulatorRulesAuthorizer.java:113)
	at com.google.cloud.datastore.emulator.impl.firestore.FirestoreEmulatorHelper.commitHelper(FirestoreEmulatorHelper.java:407)
	at com.google.cloud.datastore.emulator.impl.firestore.FirestoreEmulatorHelper.internalCommit(FirestoreEmulatorHelper.java:348)
	at com.google.cloud.datastore.emulator.impl.firestore.CloudFirestoreV1.internalCommit(CloudFirestoreV1.java:1336)
	at com.google.cloud.datastore.emulator.impl.firestore.CloudFirestoreV1.write(CloudFirestoreV1.java:1321)
	at com.google.cloud.datastore.emulator.impl.firestore.CloudFirestoreV1WriteStream.handleRequest(CloudFirestoreV1WriteStream.java:222)
	at com.google.cloud.datastore.emulator.impl.firestore.CloudFirestoreV1WriteStream.write(CloudFirestoreV1WriteStream.java:144)
	at com.google.cloud.datastore.emulator.impl.firestore.CloudFirestoreV1WriteStream.onNext(CloudFirestoreV1WriteStream.java:99)
	at com.google.cloud.datastore.emulator.impl.firestore.CloudFirestoreV1WriteStream.onNext(CloudFirestoreV1WriteStream.java:27)
	at com.google.cloud.datastore.emulator.firestore.webchannel.FirestoreV1WebChannelAdapter$FirestoreWriteHandler.onMessage(FirestoreV1WebChannelAdapter.java:160)
	at com.google.cloud.datastore.emulator.firestore.webchannel.FirestoreV1WebChannelAdapter$FirestoreWriteHandler.onMessage(FirestoreV1WebChannelAdapter.java:130)
	at com.google.net.webchannel.server.v8.ChannelInternalImpl.onMessage(ChannelInternalImpl.java:525)
	at com.google.net.webchannel.server.v8.ForwardChannel.deliverMessage(ForwardChannel.java:115)
	at com.google.net.webchannel.server.v8.ForwardChannel.processPendingRequest(ForwardChannel.java:94)
	at com.google.net.webchannel.server.v8.ForwardChannel.consume(ForwardChannel.java:68)
	at com.google.net.webchannel.server.v8.ForwardChannel.add(ForwardChannel.java:61)
	at com.google.net.webchannel.server.v8.ChannelInternalImpl.handleRequestBody(ChannelInternalImpl.java:290)
	at com.google.net.webchannel.server.v8.ChannelInternalImpl.processSessionRequest(ChannelInternalImpl.java:357)
	at com.google.net.webchannel.server.v8.ChannelInternalImpl.handle(ChannelInternalImpl.java:172)
	at com.google.net.webchannel.server.v8.ChannelInternalImpl.consume(ChannelInternalImpl.java:91)
	at com.google.net.webchannel.server.common.ChannelProcessor.run(ChannelProcessor.java:85)

Aug 08, 2026 4:11:25 PM io.gapi.emulators.netty.HttpVersionRoutingHandler channelRead
INFO: Detected non-HTTP/2 connection.
Aug 08, 2026 4:11:25 PM com.google.cloud.datastore.emulator.firestore.webchannel.FirestoreV1WebChannelAdapter$FirestoreWriteHandler onClose
INFO: channel closed
Aug 08, 2026 4:11:31 PM io.gapi.emulators.netty.HttpVersionRoutingHandler channelRead
INFO: Detected non-HTTP/2 connection.
Aug 08, 2026 4:11:31 PM io.gapi.emulators.netty.HttpVersionRoutingHandler channelRead
INFO: Detected non-HTTP/2 connection.
Aug 08, 2026 4:11:32 PM io.gapi.emulators.netty.HttpVersionRoutingHandler channelRead
INFO: Detected non-HTTP/2 connection.
Aug 08, 2026 4:11:32 PM com.google.cloud.datastore.emulator.impl.util.WrappedStreamObserver onError
WARNING: Operation failed: No matching allow statements
com.google.cloud.datastore.core.exception.DatastoreException: No matching allow statements
	at com.google.cloud.datastore.core.exception.DatastoreException$Builder.build(DatastoreException.java:152)
	at com.google.cloud.datastore.emulator.impl.rules.DefaultEmulatorRulesAuthorizer.verboseError(DefaultEmulatorRulesAuthorizer.java:349)
	at com.google.cloud.datastore.emulator.impl.rules.DefaultEmulatorRulesAuthorizer.withVerboseErrors(DefaultEmulatorRulesAuthorizer.java:326)
	at com.google.cloud.datastore.emulator.impl.rules.DefaultEmulatorRulesAuthorizer.checkCommit(DefaultEmulatorRulesAuthorizer.java:113)
	at com.google.cloud.datastore.emulator.impl.firestore.FirestoreEmulatorHelper.commitHelper(FirestoreEmulatorHelper.java:407)
	at com.google.cloud.datastore.emulator.impl.firestore.FirestoreEmulatorHelper.internalCommit(FirestoreEmulatorHelper.java:348)
	at com.google.cloud.datastore.emulator.impl.firestore.CloudFirestoreV1.internalCommit(CloudFirestoreV1.java:1336)
	at com.google.cloud.datastore.emulator.impl.firestore.CloudFirestoreV1.write(CloudFirestoreV1.java:1321)
	at com.google.cloud.datastore.emulator.impl.firestore.CloudFirestoreV1WriteStream.handleRequest(CloudFirestoreV1WriteStream.java:222)
	at com.google.cloud.datastore.emulator.impl.firestore.CloudFirestoreV1WriteStream.write(CloudFirestoreV1WriteStream.java:144)
	at com.google.cloud.datastore.emulator.impl.firestore.CloudFirestoreV1WriteStream.onNext(CloudFirestoreV1WriteStream.java:99)
	at com.google.cloud.datastore.emulator.impl.firestore.CloudFirestoreV1WriteStream.onNext(CloudFirestoreV1WriteStream.java:27)
	at com.google.cloud.datastore.emulator.firestore.webchannel.FirestoreV1WebChannelAdapter$FirestoreWriteHandler.onMessage(FirestoreV1WebChannelAdapter.java:160)
	at com.google.cloud.datastore.emulator.firestore.webchannel.FirestoreV1WebChannelAdapter$FirestoreWriteHandler.onMessage(FirestoreV1WebChannelAdapter.java:130)
	at com.google.net.webchannel.server.v8.ChannelInternalImpl.onMessage(ChannelInternalImpl.java:525)
	at com.google.net.webchannel.server.v8.ForwardChannel.deliverMessage(ForwardChannel.java:115)
	at com.google.net.webchannel.server.v8.ForwardChannel.processPendingRequest(ForwardChannel.java:94)
	at com.google.net.webchannel.server.v8.ForwardChannel.consume(ForwardChannel.java:68)
	at com.google.net.webchannel.server.v8.ForwardChannel.add(ForwardChannel.java:61)
	at com.google.net.webchannel.server.v8.ChannelInternalImpl.handleRequestBody(ChannelInternalImpl.java:290)
	at com.google.net.webchannel.server.v8.ChannelInternalImpl.processSessionRequest(ChannelInternalImpl.java:357)
	at com.google.net.webchannel.server.v8.ChannelInternalImpl.handle(ChannelInternalImpl.java:172)
	at com.google.net.webchannel.server.v8.ChannelInternalImpl.consume(ChannelInternalImpl.java:91)
	at com.google.net.webchannel.server.common.ChannelProcessor.run(ChannelProcessor.java:85)

Aug 08, 2026 4:11:32 PM com.google.cloud.datastore.emulator.impl.util.WrappedStreamObserver onError
WARNING: Operation failed: No matching allow statements
com.google.cloud.datastore.core.exception.DatastoreException: No matching allow statements
	at com.google.cloud.datastore.core.exception.DatastoreException$Builder.build(DatastoreException.java:152)
	at com.google.cloud.datastore.emulator.impl.rules.DefaultEmulatorRulesAuthorizer.verboseError(DefaultEmulatorRulesAuthorizer.java:349)
	at com.google.cloud.datastore.emulator.impl.rules.DefaultEmulatorRulesAuthorizer.withVerboseErrors(DefaultEmulatorRulesAuthorizer.java:326)
	at com.google.cloud.datastore.emulator.impl.rules.DefaultEmulatorRulesAuthorizer.checkCommit(DefaultEmulatorRulesAuthorizer.java:113)
	at com.google.cloud.datastore.emulator.impl.firestore.FirestoreEmulatorHelper.commitHelper(FirestoreEmulatorHelper.java:407)
	at com.google.cloud.datastore.emulator.impl.firestore.FirestoreEmulatorHelper.internalCommit(FirestoreEmulatorHelper.java:348)
	at com.google.cloud.datastore.emulator.impl.firestore.CloudFirestoreV1.internalCommit(CloudFirestoreV1.java:1336)
	at com.google.cloud.datastore.emulator.impl.firestore.CloudFirestoreV1.write(CloudFirestoreV1.java:1321)
	at com.google.cloud.datastore.emulator.impl.firestore.CloudFirestoreV1WriteStream.handleRequest(CloudFirestoreV1WriteStream.java:222)
	at com.google.cloud.datastore.emulator.impl.firestore.CloudFirestoreV1WriteStream.write(CloudFirestoreV1WriteStream.java:144)
	at com.google.cloud.datastore.emulator.impl.firestore.CloudFirestoreV1WriteStream.onNext(CloudFirestoreV1WriteStream.java:99)
	at com.google.cloud.datastore.emulator.impl.firestore.CloudFirestoreV1WriteStream.onNext(CloudFirestoreV1WriteStream.java:27)
	at com.google.cloud.datastore.emulator.firestore.webchannel.FirestoreV1WebChannelAdapter$FirestoreWriteHandler.onMessage(FirestoreV1WebChannelAdapter.java:160)
	at com.google.cloud.datastore.emulator.firestore.webchannel.FirestoreV1WebChannelAdapter$FirestoreWriteHandler.onMessage(FirestoreV1WebChannelAdapter.java:130)
	at com.google.net.webchannel.server.v8.ChannelInternalImpl.onMessage(ChannelInternalImpl.java:525)
	at com.google.net.webchannel.server.v8.ForwardChannel.deliverMessage(ForwardChannel.java:115)
	at com.google.net.webchannel.server.v8.ForwardChannel.processPendingRequest(ForwardChannel.java:94)
	at com.google.net.webchannel.server.v8.ForwardChannel.consume(ForwardChannel.java:68)
	at com.google.net.webchannel.server.v8.ForwardChannel.add(ForwardChannel.java:61)
	at com.google.net.webchannel.server.v8.ChannelInternalImpl.handleRequestBody(ChannelInternalImpl.java:290)
	at com.google.net.webchannel.server.v8.ChannelInternalImpl.processSessionRequest(ChannelInternalImpl.java:357)
	at com.google.net.webchannel.server.v8.ChannelInternalImpl.handle(ChannelInternalImpl.java:172)
	at com.google.net.webchannel.server.v8.ChannelInternalImpl.consume(ChannelInternalImpl.java:91)
	at com.google.net.webchannel.server.common.ChannelProcessor.run(ChannelProcessor.java:85)

Aug 08, 2026 4:11:32 PM io.gapi.emulators.netty.HttpVersionRoutingHandler channelRead
INFO: Detected non-HTTP/2 connection.
Aug 08, 2026 4:11:32 PM io.gapi.emulators.netty.HttpVersionRoutingHandler channelRead
INFO: Detected non-HTTP/2 connection.
Aug 08, 2026 4:11:32 PM com.google.cloud.datastore.emulator.firestore.webchannel.FirestoreV1WebChannelAdapter$FirestoreWriteHandler onClose
INFO: channel closed
Aug 08, 2026 4:11:32 PM io.gapi.emulators.netty.HttpVersionRoutingHandler channelRead
INFO: Detected non-HTTP/2 connection.
Aug 08, 2026 4:11:33 PM io.gapi.emulators.netty.HttpVersionRoutingHandler channelRead
INFO: Detected non-HTTP/2 connection.
Aug 08, 2026 4:11:33 PM com.google.cloud.datastore.emulator.impl.util.WrappedStreamObserver onError
WARNING: Operation failed: No matching allow statements
com.google.cloud.datastore.core.exception.DatastoreException: No matching allow statements
	at com.google.cloud.datastore.core.exception.DatastoreException$Builder.build(DatastoreException.java:152)
	at com.google.cloud.datastore.emulator.impl.rules.DefaultEmulatorRulesAuthorizer.verboseError(DefaultEmulatorRulesAuthorizer.java:349)
	at com.google.cloud.datastore.emulator.impl.rules.DefaultEmulatorRulesAuthorizer.withVerboseErrors(DefaultEmulatorRulesAuthorizer.java:326)
	at com.google.cloud.datastore.emulator.impl.rules.DefaultEmulatorRulesAuthorizer.checkCommit(DefaultEmulatorRulesAuthorizer.java:113)
	at com.google.cloud.datastore.emulator.impl.firestore.FirestoreEmulatorHelper.commitHelper(FirestoreEmulatorHelper.java:407)
	at com.google.cloud.datastore.emulator.impl.firestore.FirestoreEmulatorHelper.internalCommit(FirestoreEmulatorHelper.java:348)
	at com.google.cloud.datastore.emulator.impl.firestore.CloudFirestoreV1.internalCommit(CloudFirestoreV1.java:1336)
	at com.google.cloud.datastore.emulator.impl.firestore.CloudFirestoreV1.write(CloudFirestoreV1.java:1321)
	at com.google.cloud.datastore.emulator.impl.firestore.CloudFirestoreV1WriteStream.handleRequest(CloudFirestoreV1WriteStream.java:222)
	at com.google.cloud.datastore.emulator.impl.firestore.CloudFirestoreV1WriteStream.write(CloudFirestoreV1WriteStream.java:144)
	at com.google.cloud.datastore.emulator.impl.firestore.CloudFirestoreV1WriteStream.onNext(CloudFirestoreV1WriteStream.java:99)
	at com.google.cloud.datastore.emulator.impl.firestore.CloudFirestoreV1WriteStream.onNext(CloudFirestoreV1WriteStream.java:27)
	at com.google.cloud.datastore.emulator.firestore.webchannel.FirestoreV1WebChannelAdapter$FirestoreWriteHandler.onMessage(FirestoreV1WebChannelAdapter.java:160)
	at com.google.cloud.datastore.emulator.firestore.webchannel.FirestoreV1WebChannelAdapter$FirestoreWriteHandler.onMessage(FirestoreV1WebChannelAdapter.java:130)
	at com.google.net.webchannel.server.v8.ChannelInternalImpl.onMessage(ChannelInternalImpl.java:525)
	at com.google.net.webchannel.server.v8.ForwardChannel.deliverMessage(ForwardChannel.java:115)
	at com.google.net.webchannel.server.v8.ForwardChannel.processPendingRequest(ForwardChannel.java:94)
	at com.google.net.webchannel.server.v8.ForwardChannel.consume(ForwardChannel.java:68)
	at com.google.net.webchannel.server.v8.ForwardChannel.add(ForwardChannel.java:61)
	at com.google.net.webchannel.server.v8.ChannelInternalImpl.handleRequestBody(ChannelInternalImpl.java:290)
	at com.google.net.webchannel.server.v8.ChannelInternalImpl.processSessionRequest(ChannelInternalImpl.java:357)
	at com.google.net.webchannel.server.v8.ChannelInternalImpl.handle(ChannelInternalImpl.java:172)
	at com.google.net.webchannel.server.v8.ChannelInternalImpl.consume(ChannelInternalImpl.java:91)
	at com.google.net.webchannel.server.common.ChannelProcessor.run(ChannelProcessor.java:85)

Aug 08, 2026 4:11:33 PM io.gapi.emulators.netty.HttpVersionRoutingHandler channelRead
INFO: Detected non-HTTP/2 connection.
Aug 08, 2026 4:11:33 PM io.gapi.emulators.netty.HttpVersionRoutingHandler channelRead
INFO: Detected non-HTTP/2 connection.
Aug 08, 2026 4:11:33 PM io.gapi.emulators.netty.HttpVersionRoutingHandler channelRead
INFO: Detected non-HTTP/2 connection.
Aug 08, 2026 4:11:33 PM com.google.cloud.datastore.emulator.impl.util.WrappedStreamObserver onError
WARNING: Operation failed: 
false for 'create' @ L28
com.google.cloud.datastore.core.exception.DatastoreException: 
false for 'create' @ L28
	at com.google.cloud.datastore.core.exception.DatastoreException$Builder.build(DatastoreException.java:152)
	at com.google.cloud.datastore.emulator.impl.rules.DefaultEmulatorRulesAuthorizer.verboseError(DefaultEmulatorRulesAuthorizer.java:349)
	at com.google.cloud.datastore.emulator.impl.rules.DefaultEmulatorRulesAuthorizer.withVerboseErrors(DefaultEmulatorRulesAuthorizer.java:326)
	at com.google.cloud.datastore.emulator.impl.rules.DefaultEmulatorRulesAuthorizer.checkCommit(DefaultEmulatorRulesAuthorizer.java:113)
	at com.google.cloud.datastore.emulator.impl.firestore.FirestoreEmulatorHelper.commitHelper(FirestoreEmulatorHelper.java:407)
	at com.google.cloud.datastore.emulator.impl.firestore.FirestoreEmulatorHelper.internalCommit(FirestoreEmulatorHelper.java:348)
	at com.google.cloud.datastore.emulator.impl.firestore.CloudFirestoreV1.internalCommit(CloudFirestoreV1.java:1336)
	at com.google.cloud.datastore.emulator.impl.firestore.CloudFirestoreV1.write(CloudFirestoreV1.java:1321)
	at com.google.cloud.datastore.emulator.impl.firestore.CloudFirestoreV1WriteStream.handleRequest(CloudFirestoreV1WriteStream.java:222)
	at com.google.cloud.datastore.emulator.impl.firestore.CloudFirestoreV1WriteStream.write(CloudFirestoreV1WriteStream.java:144)
	at com.google.cloud.datastore.emulator.impl.firestore.CloudFirestoreV1WriteStream.onNext(CloudFirestoreV1WriteStream.java:99)
	at com.google.cloud.datastore.emulator.impl.firestore.CloudFirestoreV1WriteStream.onNext(CloudFirestoreV1WriteStream.java:27)
	at com.google.cloud.datastore.emulator.firestore.webchannel.FirestoreV1WebChannelAdapter$FirestoreWriteHandler.onMessage(FirestoreV1WebChannelAdapter.java:160)
	at com.google.cloud.datastore.emulator.firestore.webchannel.FirestoreV1WebChannelAdapter$FirestoreWriteHandler.onMessage(FirestoreV1WebChannelAdapter.java:130)
	at com.google.net.webchannel.server.v8.ChannelInternalImpl.onMessage(ChannelInternalImpl.java:525)
	at com.google.net.webchannel.server.v8.ForwardChannel.deliverMessage(ForwardChannel.java:115)
	at com.google.net.webchannel.server.v8.ForwardChannel.processPendingRequest(ForwardChannel.java:94)
	at com.google.net.webchannel.server.v8.ForwardChannel.consume(ForwardChannel.java:68)
	at com.google.net.webchannel.server.v8.ForwardChannel.add(ForwardChannel.java:61)
	at com.google.net.webchannel.server.v8.ChannelInternalImpl.handleRequestBody(ChannelInternalImpl.java:290)
	at com.google.net.webchannel.server.v8.ChannelInternalImpl.processSessionRequest(ChannelInternalImpl.java:357)
	at com.google.net.webchannel.server.v8.ChannelInternalImpl.handle(ChannelInternalImpl.java:172)
	at com.google.net.webchannel.server.v8.ChannelInternalImpl.consume(ChannelInternalImpl.java:91)
	at com.google.net.webchannel.server.common.ChannelProcessor.run(ChannelProcessor.java:85)

Aug 08, 2026 4:11:33 PM io.gapi.emulators.netty.HttpVersionRoutingHandler channelRead
INFO: Detected non-HTTP/2 connection.
Aug 08, 2026 4:11:33 PM com.google.cloud.datastore.emulator.firestore.webchannel.FirestoreV1WebChannelAdapter$FirestoreWriteHandler onClose
INFO: channel closed
Aug 08, 2026 4:11:34 PM io.gapi.emulators.netty.HttpVersionRoutingHandler channelRead
INFO: Detected non-HTTP/2 connection.
Aug 08, 2026 4:11:34 PM com.google.cloud.datastore.emulator.firestore.webchannel.FirestoreV1WebChannelAdapter$FirestoreWriteHandler onClose
INFO: channel closed
Aug 08, 2026 4:11:50 PM io.gapi.emulators.netty.HttpVersionRoutingHandler channelRead
INFO: Detected non-HTTP/2 connection.
Aug 08, 2026 4:11:51 PM io.gapi.emulators.netty.HttpVersionRoutingHandler channelRead
INFO: Detected non-HTTP/2 connection.
Aug 08, 2026 4:11:51 PM io.gapi.emulators.netty.HttpVersionRoutingHandler channelRead
INFO: Detected non-HTTP/2 connection.
Aug 08, 2026 4:11:51 PM io.gapi.emulators.netty.HttpVersionRoutingHandler channelRead
INFO: Detected non-HTTP/2 connection.
Aug 08, 2026 4:11:51 PM io.gapi.emulators.netty.HttpVersionRoutingHandler channelRead
INFO: Detected non-HTTP/2 connection.
Aug 08, 2026 4:11:51 PM io.gapi.emulators.netty.HttpVersionRoutingHandler channelRead
INFO: Detected non-HTTP/2 connection.
Aug 08, 2026 4:11:51 PM com.google.cloud.datastore.emulator.impl.util.WrappedStreamObserver onError
WARNING: Operation failed: No matching allow statements
com.google.cloud.datastore.core.exception.DatastoreException: No matching allow statements
	at com.google.cloud.datastore.core.exception.DatastoreException$Builder.build(DatastoreException.java:152)
	at com.google.cloud.datastore.emulator.impl.rules.DefaultEmulatorRulesAuthorizer.verboseError(DefaultEmulatorRulesAuthorizer.java:349)
	at com.google.cloud.datastore.emulator.impl.rules.DefaultEmulatorRulesAuthorizer.withVerboseErrors(DefaultEmulatorRulesAuthorizer.java:326)
	at com.google.cloud.datastore.emulator.impl.rules.DefaultEmulatorRulesAuthorizer.checkCommit(DefaultEmulatorRulesAuthorizer.java:113)
	at com.google.cloud.datastore.emulator.impl.firestore.FirestoreEmulatorHelper.commitHelper(FirestoreEmulatorHelper.java:407)
	at com.google.cloud.datastore.emulator.impl.firestore.FirestoreEmulatorHelper.internalCommit(FirestoreEmulatorHelper.java:348)
	at com.google.cloud.datastore.emulator.impl.firestore.CloudFirestoreV1.internalCommit(CloudFirestoreV1.java:1336)
	at com.google.cloud.datastore.emulator.impl.firestore.CloudFirestoreV1.write(CloudFirestoreV1.java:1321)
	at com.google.cloud.datastore.emulator.impl.firestore.CloudFirestoreV1WriteStream.handleRequest(CloudFirestoreV1WriteStream.java:222)
	at com.google.cloud.datastore.emulator.impl.firestore.CloudFirestoreV1WriteStream.write(CloudFirestoreV1WriteStream.java:144)
	at com.google.cloud.datastore.emulator.impl.firestore.CloudFirestoreV1WriteStream.onNext(CloudFirestoreV1WriteStream.java:99)
	at com.google.cloud.datastore.emulator.impl.firestore.CloudFirestoreV1WriteStream.onNext(CloudFirestoreV1WriteStream.java:27)
	at com.google.cloud.datastore.emulator.firestore.webchannel.FirestoreV1WebChannelAdapter$FirestoreWriteHandler.onMessage(FirestoreV1WebChannelAdapter.java:160)
	at com.google.cloud.datastore.emulator.firestore.webchannel.FirestoreV1WebChannelAdapter$FirestoreWriteHandler.onMessage(FirestoreV1WebChannelAdapter.java:130)
	at com.google.net.webchannel.server.v8.ChannelInternalImpl.onMessage(ChannelInternalImpl.java:525)
	at com.google.net.webchannel.server.v8.ForwardChannel.deliverMessage(ForwardChannel.java:115)
	at com.google.net.webchannel.server.v8.ForwardChannel.processPendingRequest(ForwardChannel.java:94)
	at com.google.net.webchannel.server.v8.ForwardChannel.consume(ForwardChannel.java:68)
	at com.google.net.webchannel.server.v8.ForwardChannel.add(ForwardChannel.java:61)
	at com.google.net.webchannel.server.v8.ChannelInternalImpl.handleRequestBody(ChannelInternalImpl.java:290)
	at com.google.net.webchannel.server.v8.ChannelInternalImpl.processSessionRequest(ChannelInternalImpl.java:357)
	at com.google.net.webchannel.server.v8.ChannelInternalImpl.handle(ChannelInternalImpl.java:172)
	at com.google.net.webchannel.server.v8.ChannelInternalImpl.consume(ChannelInternalImpl.java:91)
	at com.google.net.webchannel.server.common.ChannelProcessor.run(ChannelProcessor.java:85)

Aug 08, 2026 4:11:52 PM io.gapi.emulators.netty.HttpVersionRoutingHandler channelRead
INFO: Detected non-HTTP/2 connection.
Aug 08, 2026 4:11:52 PM com.google.cloud.datastore.emulator.firestore.webchannel.FirestoreV1WebChannelAdapter$FirestoreWriteHandler onClose
INFO: channel closed
Aug 08, 2026 4:11:52 PM io.gapi.emulators.netty.HttpVersionRoutingHandler channelRead
INFO: Detected non-HTTP/2 connection.
Aug 08, 2026 4:11:52 PM com.google.cloud.datastore.emulator.firestore.webchannel.FirestoreV1WebChannelAdapter$FirestoreListenHandler onClose
INFO: channel closed
Aug 08, 2026 4:11:52 PM io.gapi.emulators.netty.HttpVersionRoutingHandler channelRead
INFO: Detected non-HTTP/2 connection.
Aug 08, 2026 4:11:54 PM io.gapi.emulators.netty.HttpVersionRoutingHandler channelRead
INFO: Detected non-HTTP/2 connection.
Aug 08, 2026 4:11:54 PM io.gapi.emulators.netty.HttpVersionRoutingHandler channelRead
INFO: Detected non-HTTP/2 connection.
Aug 08, 2026 4:11:54 PM io.gapi.emulators.netty.HttpVersionRoutingHandler channelRead
INFO: Detected non-HTTP/2 connection.
Aug 08, 2026 4:11:54 PM io.gapi.emulators.netty.HttpVersionRoutingHandler channelRead
INFO: Detected non-HTTP/2 connection.
Aug 08, 2026 4:11:54 PM io.gapi.emulators.netty.HttpVersionRoutingHandler channelRead
INFO: Detected non-HTTP/2 connection.
Aug 08, 2026 4:11:54 PM io.gapi.emulators.netty.HttpVersionRoutingHandler channelRead
INFO: Detected non-HTTP/2 connection.
Aug 08, 2026 4:11:54 PM io.gapi.emulators.netty.HttpVersionRoutingHandler channelRead
INFO: Detected non-HTTP/2 connection.
Aug 08, 2026 4:11:54 PM com.google.cloud.datastore.emulator.impl.util.WrappedStreamObserver onError
WARNING: Operation failed: No matching allow statements
com.google.cloud.datastore.core.exception.DatastoreException: No matching allow statements
	at com.google.cloud.datastore.core.exception.DatastoreException$Builder.build(DatastoreException.java:152)
	at com.google.cloud.datastore.emulator.impl.rules.DefaultEmulatorRulesAuthorizer.verboseError(DefaultEmulatorRulesAuthorizer.java:349)
	at com.google.cloud.datastore.emulator.impl.rules.DefaultEmulatorRulesAuthorizer.withVerboseErrors(DefaultEmulatorRulesAuthorizer.java:326)
	at com.google.cloud.datastore.emulator.impl.rules.DefaultEmulatorRulesAuthorizer.checkCommit(DefaultEmulatorRulesAuthorizer.java:113)
	at com.google.cloud.datastore.emulator.impl.firestore.FirestoreEmulatorHelper.commitHelper(FirestoreEmulatorHelper.java:407)
	at com.google.cloud.datastore.emulator.impl.firestore.FirestoreEmulatorHelper.internalCommit(FirestoreEmulatorHelper.java:348)
	at com.google.cloud.datastore.emulator.impl.firestore.CloudFirestoreV1.internalCommit(CloudFirestoreV1.java:1336)
	at com.google.cloud.datastore.emulator.impl.firestore.CloudFirestoreV1.write(CloudFirestoreV1.java:1321)
	at com.google.cloud.datastore.emulator.impl.firestore.CloudFirestoreV1WriteStream.handleRequest(CloudFirestoreV1WriteStream.java:222)
	at com.google.cloud.datastore.emulator.impl.firestore.CloudFirestoreV1WriteStream.write(CloudFirestoreV1WriteStream.java:144)
	at com.google.cloud.datastore.emulator.impl.firestore.CloudFirestoreV1WriteStream.onNext(CloudFirestoreV1WriteStream.java:99)
	at com.google.cloud.datastore.emulator.impl.firestore.CloudFirestoreV1WriteStream.onNext(CloudFirestoreV1WriteStream.java:27)
	at com.google.cloud.datastore.emulator.firestore.webchannel.FirestoreV1WebChannelAdapter$FirestoreWriteHandler.onMessage(FirestoreV1WebChannelAdapter.java:160)
	at com.google.cloud.datastore.emulator.firestore.webchannel.FirestoreV1WebChannelAdapter$FirestoreWriteHandler.onMessage(FirestoreV1WebChannelAdapter.java:130)
	at com.google.net.webchannel.server.v8.ChannelInternalImpl.onMessage(ChannelInternalImpl.java:525)
	at com.google.net.webchannel.server.v8.ForwardChannel.deliverMessage(ForwardChannel.java:115)
	at com.google.net.webchannel.server.v8.ForwardChannel.processPendingRequest(ForwardChannel.java:94)
	at com.google.net.webchannel.server.v8.ForwardChannel.consume(ForwardChannel.java:68)
	at com.google.net.webchannel.server.v8.ForwardChannel.add(ForwardChannel.java:61)
	at com.google.net.webchannel.server.v8.ChannelInternalImpl.handleRequestBody(ChannelInternalImpl.java:290)
	at com.google.net.webchannel.server.v8.ChannelInternalImpl.processSessionRequest(ChannelInternalImpl.java:357)
	at com.google.net.webchannel.server.v8.ChannelInternalImpl.handle(ChannelInternalImpl.java:172)
	at com.google.net.webchannel.server.v8.ChannelInternalImpl.consume(ChannelInternalImpl.java:91)
	at com.google.net.webchannel.server.common.ChannelProcessor.run(ChannelProcessor.java:85)

Aug 08, 2026 4:11:54 PM io.gapi.emulators.netty.HttpVersionRoutingHandler channelRead
INFO: Detected non-HTTP/2 connection.
Aug 08, 2026 4:11:55 PM io.gapi.emulators.netty.HttpVersionRoutingHandler channelRead
INFO: Detected non-HTTP/2 connection.
Aug 08, 2026 4:11:55 PM io.gapi.emulators.netty.HttpVersionRoutingHandler channelRead
INFO: Detected non-HTTP/2 connection.
Aug 08, 2026 4:11:55 PM io.gapi.emulators.netty.HttpVersionRoutingHandler channelRead
INFO: Detected non-HTTP/2 connection.
Aug 08, 2026 4:11:55 PM io.gapi.emulators.netty.HttpVersionRoutingHandler channelRead
INFO: Detected non-HTTP/2 connection.
Aug 08, 2026 4:11:55 PM io.gapi.emulators.netty.HttpVersionRoutingHandler channelRead
INFO: Detected non-HTTP/2 connection.
Aug 08, 2026 4:11:55 PM io.gapi.emulators.netty.HttpVersionRoutingHandler channelRead
INFO: Detected non-HTTP/2 connection.
Aug 08, 2026 4:11:55 PM com.google.cloud.datastore.emulator.impl.util.WrappedStreamObserver onError
WARNING: Operation failed: No matching allow statements
com.google.cloud.datastore.core.exception.DatastoreException: No matching allow statements
	at com.google.cloud.datastore.core.exception.DatastoreException$Builder.build(DatastoreException.java:152)
	at com.google.cloud.datastore.emulator.impl.rules.DefaultEmulatorRulesAuthorizer.verboseError(DefaultEmulatorRulesAuthorizer.java:349)
	at com.google.cloud.datastore.emulator.impl.rules.DefaultEmulatorRulesAuthorizer.withVerboseErrors(DefaultEmulatorRulesAuthorizer.java:326)
	at com.google.cloud.datastore.emulator.impl.rules.DefaultEmulatorRulesAuthorizer.checkCommit(DefaultEmulatorRulesAuthorizer.java:113)
	at com.google.cloud.datastore.emulator.impl.firestore.FirestoreEmulatorHelper.commitHelper(FirestoreEmulatorHelper.java:407)
	at com.google.cloud.datastore.emulator.impl.firestore.FirestoreEmulatorHelper.internalCommit(FirestoreEmulatorHelper.java:348)
	at com.google.cloud.datastore.emulator.impl.firestore.CloudFirestoreV1.internalCommit(CloudFirestoreV1.java:1336)
	at com.google.cloud.datastore.emulator.impl.firestore.CloudFirestoreV1.write(CloudFirestoreV1.java:1321)
	at com.google.cloud.datastore.emulator.impl.firestore.CloudFirestoreV1WriteStream.handleRequest(CloudFirestoreV1WriteStream.java:222)
	at com.google.cloud.datastore.emulator.impl.firestore.CloudFirestoreV1WriteStream.write(CloudFirestoreV1WriteStream.java:144)
	at com.google.cloud.datastore.emulator.impl.firestore.CloudFirestoreV1WriteStream.onNext(CloudFirestoreV1WriteStream.java:99)
	at com.google.cloud.datastore.emulator.impl.firestore.CloudFirestoreV1WriteStream.onNext(CloudFirestoreV1WriteStream.java:27)
	at com.google.cloud.datastore.emulator.firestore.webchannel.FirestoreV1WebChannelAdapter$FirestoreWriteHandler.onMessage(FirestoreV1WebChannelAdapter.java:160)
	at com.google.cloud.datastore.emulator.firestore.webchannel.FirestoreV1WebChannelAdapter$FirestoreWriteHandler.onMessage(FirestoreV1WebChannelAdapter.java:130)
	at com.google.net.webchannel.server.v8.ChannelInternalImpl.onMessage(ChannelInternalImpl.java:525)
	at com.google.net.webchannel.server.v8.ForwardChannel.deliverMessage(ForwardChannel.java:115)
	at com.google.net.webchannel.server.v8.ForwardChannel.processPendingRequest(ForwardChannel.java:94)
	at com.google.net.webchannel.server.v8.ForwardChannel.consume(ForwardChannel.java:68)
	at com.google.net.webchannel.server.v8.ForwardChannel.add(ForwardChannel.java:61)
	at com.google.net.webchannel.server.v8.ChannelInternalImpl.handleRequestBody(ChannelInternalImpl.java:290)
	at com.google.net.webchannel.server.v8.ChannelInternalImpl.processSessionRequest(ChannelInternalImpl.java:357)
	at com.google.net.webchannel.server.v8.ChannelInternalImpl.handle(ChannelInternalImpl.java:172)
	at com.google.net.webchannel.server.v8.ChannelInternalImpl.consume(ChannelInternalImpl.java:91)
	at com.google.net.webchannel.server.common.ChannelProcessor.run(ChannelProcessor.java:85)

Aug 08, 2026 4:11:55 PM io.gapi.emulators.netty.HttpVersionRoutingHandler channelRead
INFO: Detected non-HTTP/2 connection.
Aug 08, 2026 4:11:55 PM io.gapi.emulators.netty.HttpVersionRoutingHandler channelRead
INFO: Detected non-HTTP/2 connection.
Aug 08, 2026 4:11:55 PM com.google.cloud.datastore.emulator.firestore.webchannel.FirestoreV1WebChannelAdapter$FirestoreListenHandler onClose
INFO: channel closed
Aug 08, 2026 4:11:55 PM com.google.cloud.datastore.emulator.firestore.webchannel.FirestoreV1WebChannelAdapter$FirestoreWriteHandler onClose
INFO: channel closed
Aug 08, 2026 4:11:55 PM io.gapi.emulators.netty.HttpVersionRoutingHandler channelRead
INFO: Detected non-HTTP/2 connection.
Aug 08, 2026 4:11:55 PM com.google.cloud.datastore.emulator.firestore.webchannel.FirestoreV1WebChannelAdapter$FirestoreWriteHandler onClose
INFO: channel closed
Aug 08, 2026 4:12:06 PM io.gapi.emulators.netty.HttpVersionRoutingHandler channelRead
INFO: Detected non-HTTP/2 connection.
Aug 08, 2026 4:12:06 PM io.gapi.emulators.netty.HttpVersionRoutingHandler channelRead
INFO: Detected non-HTTP/2 connection.
Aug 08, 2026 4:12:06 PM io.gapi.emulators.netty.HttpVersionRoutingHandler channelRead
INFO: Detected non-HTTP/2 connection.
Aug 08, 2026 4:12:07 PM io.gapi.emulators.netty.HttpVersionRoutingHandler channelRead
INFO: Detected non-HTTP/2 connection.
Aug 08, 2026 4:12:07 PM io.gapi.emulators.netty.HttpVersionRoutingHandler channelRead
INFO: Detected non-HTTP/2 connection.
Aug 08, 2026 4:12:07 PM io.gapi.emulators.netty.HttpVersionRoutingHandler channelRead
INFO: Detected non-HTTP/2 connection.
Aug 08, 2026 4:12:14 PM io.gapi.emulators.netty.HttpVersionRoutingHandler channelRead
INFO: Detected non-HTTP/2 connection.
Aug 08, 2026 4:12:14 PM io.gapi.emulators.netty.HttpVersionRoutingHandler channelRead
INFO: Detected non-HTTP/2 connection.
Aug 08, 2026 4:12:14 PM io.gapi.emulators.netty.HttpVersionRoutingHandler channelRead
INFO: Detected non-HTTP/2 connection.
Aug 08, 2026 4:12:14 PM io.gapi.emulators.netty.HttpVersionRoutingHandler channelRead
INFO: Detected non-HTTP/2 connection.
Aug 08, 2026 4:12:14 PM io.gapi.emulators.netty.HttpVersionRoutingHandler channelRead
INFO: Detected non-HTTP/2 connection.
Aug 08, 2026 4:12:15 PM io.gapi.emulators.netty.HttpVersionRoutingHandler channelRead
INFO: Detected non-HTTP/2 connection.
Aug 08, 2026 4:12:15 PM io.gapi.emulators.netty.HttpVersionRoutingHandler channelRead
INFO: Detected non-HTTP/2 connection.
Aug 08, 2026 4:12:15 PM io.gapi.emulators.netty.HttpVersionRoutingHandler channelRead
INFO: Detected non-HTTP/2 connection.
Aug 08, 2026 4:12:15 PM io.gapi.emulators.netty.HttpVersionRoutingHandler channelRead
INFO: Detected non-HTTP/2 connection.
Aug 08, 2026 4:12:15 PM com.google.cloud.datastore.emulator.impl.util.WrappedStreamObserver onError
WARNING: Operation failed: No matching allow statements
com.google.cloud.datastore.core.exception.DatastoreException: No matching allow statements
	at com.google.cloud.datastore.core.exception.DatastoreException$Builder.build(DatastoreException.java:152)
	at com.google.cloud.datastore.emulator.impl.rules.DefaultEmulatorRulesAuthorizer.verboseError(DefaultEmulatorRulesAuthorizer.java:349)
	at com.google.cloud.datastore.emulator.impl.rules.DefaultEmulatorRulesAuthorizer.withVerboseErrors(DefaultEmulatorRulesAuthorizer.java:326)
	at com.google.cloud.datastore.emulator.impl.rules.DefaultEmulatorRulesAuthorizer.checkCommit(DefaultEmulatorRulesAuthorizer.java:113)
	at com.google.cloud.datastore.emulator.impl.firestore.FirestoreEmulatorHelper.commitHelper(FirestoreEmulatorHelper.java:407)
	at com.google.cloud.datastore.emulator.impl.firestore.FirestoreEmulatorHelper.internalCommit(FirestoreEmulatorHelper.java:348)
	at com.google.cloud.datastore.emulator.impl.firestore.CloudFirestoreV1.internalCommit(CloudFirestoreV1.java:1336)
	at com.google.cloud.datastore.emulator.impl.firestore.CloudFirestoreV1.write(CloudFirestoreV1.java:1321)
	at com.google.cloud.datastore.emulator.impl.firestore.CloudFirestoreV1WriteStream.handleRequest(CloudFirestoreV1WriteStream.java:222)
	at com.google.cloud.datastore.emulator.impl.firestore.CloudFirestoreV1WriteStream.write(CloudFirestoreV1WriteStream.java:144)
	at com.google.cloud.datastore.emulator.impl.firestore.CloudFirestoreV1WriteStream.onNext(CloudFirestoreV1WriteStream.java:99)
	at com.google.cloud.datastore.emulator.impl.firestore.CloudFirestoreV1WriteStream.onNext(CloudFirestoreV1WriteStream.java:27)
	at com.google.cloud.datastore.emulator.firestore.webchannel.FirestoreV1WebChannelAdapter$FirestoreWriteHandler.onMessage(FirestoreV1WebChannelAdapter.java:160)
	at com.google.cloud.datastore.emulator.firestore.webchannel.FirestoreV1WebChannelAdapter$FirestoreWriteHandler.onMessage(FirestoreV1WebChannelAdapter.java:130)
	at com.google.net.webchannel.server.v8.ChannelInternalImpl.onMessage(ChannelInternalImpl.java:525)
	at com.google.net.webchannel.server.v8.ForwardChannel.deliverMessage(ForwardChannel.java:115)
	at com.google.net.webchannel.server.v8.ForwardChannel.processPendingRequest(ForwardChannel.java:94)
	at com.google.net.webchannel.server.v8.ForwardChannel.consume(ForwardChannel.java:68)
	at com.google.net.webchannel.server.v8.ForwardChannel.add(ForwardChannel.java:61)
	at com.google.net.webchannel.server.v8.ChannelInternalImpl.handleRequestBody(ChannelInternalImpl.java:290)
	at com.google.net.webchannel.server.v8.ChannelInternalImpl.processSessionRequest(ChannelInternalImpl.java:357)
	at com.google.net.webchannel.server.v8.ChannelInternalImpl.handle(ChannelInternalImpl.java:172)
	at com.google.net.webchannel.server.v8.ChannelInternalImpl.consume(ChannelInternalImpl.java:91)
	at com.google.net.webchannel.server.common.ChannelProcessor.run(ChannelProcessor.java:85)

Aug 08, 2026 4:12:15 PM io.gapi.emulators.netty.HttpVersionRoutingHandler channelRead
INFO: Detected non-HTTP/2 connection.
Aug 08, 2026 4:12:15 PM com.google.cloud.datastore.emulator.firestore.webchannel.FirestoreV1WebChannelAdapter$FirestoreWriteHandler onClose
INFO: channel closed
Aug 08, 2026 4:12:41 PM io.gapi.emulators.netty.HttpVersionRoutingHandler channelRead
INFO: Detected non-HTTP/2 connection.
Aug 08, 2026 4:13:15 PM io.gapi.emulators.netty.HttpVersionRoutingHandler channelRead
INFO: Detected non-HTTP/2 connection.
Aug 08, 2026 4:13:16 PM io.gapi.emulators.netty.HttpVersionRoutingHandler channelRead
INFO: Detected non-HTTP/2 connection.
Aug 08, 2026 4:13:16 PM com.google.cloud.datastore.emulator.firestore.webchannel.FirestoreV1WebChannelAdapter$FirestoreListenHandler onClose
INFO: channel closed
Aug 08, 2026 4:13:41 PM io.gapi.emulators.netty.HttpVersionRoutingHandler channelRead
INFO: Detected non-HTTP/2 connection.
Aug 08, 2026 4:14:15 PM io.gapi.emulators.netty.HttpVersionRoutingHandler channelRead
INFO: Detected non-HTTP/2 connection.
Aug 08, 2026 4:14:41 PM io.gapi.emulators.netty.HttpVersionRoutingHandler channelRead
INFO: Detected non-HTTP/2 connection.
Aug 08, 2026 4:15:15 PM io.gapi.emulators.netty.HttpVersionRoutingHandler channelRead
INFO: Detected non-HTTP/2 connection.
Aug 08, 2026 4:15:57 PM io.gapi.emulators.netty.HttpVersionRoutingHandler channelRead
INFO: Detected non-HTTP/2 connection.
Aug 08, 2026 4:16:01 PM io.gapi.emulators.netty.HttpVersionRoutingHandler channelRead
INFO: Detected non-HTTP/2 connection.
Aug 08, 2026 4:16:57 PM io.gapi.emulators.netty.HttpVersionRoutingHandler channelRead
INFO: Detected non-HTTP/2 connection.
Aug 08, 2026 4:17:01 PM io.gapi.emulators.netty.HttpVersionRoutingHandler channelRead
INFO: Detected non-HTTP/2 connection.
Aug 08, 2026 4:17:34 PM io.gapi.emulators.netty.HttpVersionRoutingHandler channelRead
INFO: Detected non-HTTP/2 connection.
Aug 08, 2026 4:17:47 PM io.gapi.emulators.netty.HttpVersionRoutingHandler channelRead
INFO: Detected non-HTTP/2 connection.
Aug 08, 2026 4:18:04 PM io.gapi.emulators.netty.HttpVersionRoutingHandler channelRead
INFO: Detected non-HTTP/2 connection.
Aug 08, 2026 4:18:23 PM io.gapi.emulators.netty.HttpVersionRoutingHandler channelRead
INFO: Detected non-HTTP/2 connection.
Aug 08, 2026 4:18:23 PM io.gapi.emulators.netty.HttpVersionRoutingHandler channelRead
INFO: Detected non-HTTP/2 connection.
Aug 08, 2026 4:18:23 PM io.gapi.emulators.netty.HttpVersionRoutingHandler channelRead
INFO: Detected non-HTTP/2 connection.
Aug 08, 2026 4:18:23 PM io.gapi.emulators.netty.HttpVersionRoutingHandler channelRead
INFO: Detected non-HTTP/2 connection.
Aug 08, 2026 4:18:23 PM io.gapi.emulators.netty.HttpVersionRoutingHandler channelRead
INFO: Detected non-HTTP/2 connection.
Aug 08, 2026 4:18:23 PM io.gapi.emulators.netty.HttpVersionRoutingHandler channelRead
INFO: Detected non-HTTP/2 connection.
Aug 08, 2026 4:18:24 PM io.gapi.emulators.netty.HttpVersionRoutingHandler channelRead
INFO: Detected non-HTTP/2 connection.
Aug 08, 2026 4:18:24 PM com.google.cloud.datastore.emulator.impl.util.WrappedStreamObserver onError
WARNING: Operation failed: No matching allow statements
com.google.cloud.datastore.core.exception.DatastoreException: No matching allow statements
	at com.google.cloud.datastore.core.exception.DatastoreException$Builder.build(DatastoreException.java:152)
	at com.google.cloud.datastore.emulator.impl.rules.DefaultEmulatorRulesAuthorizer.verboseError(DefaultEmulatorRulesAuthorizer.java:349)
	at com.google.cloud.datastore.emulator.impl.rules.DefaultEmulatorRulesAuthorizer.withVerboseErrors(DefaultEmulatorRulesAuthorizer.java:326)
	at com.google.cloud.datastore.emulator.impl.rules.DefaultEmulatorRulesAuthorizer.checkCommit(DefaultEmulatorRulesAuthorizer.java:113)
	at com.google.cloud.datastore.emulator.impl.firestore.FirestoreEmulatorHelper.commitHelper(FirestoreEmulatorHelper.java:407)
	at com.google.cloud.datastore.emulator.impl.firestore.FirestoreEmulatorHelper.internalCommit(FirestoreEmulatorHelper.java:348)
	at com.google.cloud.datastore.emulator.impl.firestore.CloudFirestoreV1.internalCommit(CloudFirestoreV1.java:1336)
	at com.google.cloud.datastore.emulator.impl.firestore.CloudFirestoreV1.write(CloudFirestoreV1.java:1321)
	at com.google.cloud.datastore.emulator.impl.firestore.CloudFirestoreV1WriteStream.handleRequest(CloudFirestoreV1WriteStream.java:222)
	at com.google.cloud.datastore.emulator.impl.firestore.CloudFirestoreV1WriteStream.write(CloudFirestoreV1WriteStream.java:144)
	at com.google.cloud.datastore.emulator.impl.firestore.CloudFirestoreV1WriteStream.onNext(CloudFirestoreV1WriteStream.java:99)
	at com.google.cloud.datastore.emulator.impl.firestore.CloudFirestoreV1WriteStream.onNext(CloudFirestoreV1WriteStream.java:27)
	at com.google.cloud.datastore.emulator.firestore.webchannel.FirestoreV1WebChannelAdapter$FirestoreWriteHandler.onMessage(FirestoreV1WebChannelAdapter.java:160)
	at com.google.cloud.datastore.emulator.firestore.webchannel.FirestoreV1WebChannelAdapter$FirestoreWriteHandler.onMessage(FirestoreV1WebChannelAdapter.java:130)
	at com.google.net.webchannel.server.v8.ChannelInternalImpl.onMessage(ChannelInternalImpl.java:525)
	at com.google.net.webchannel.server.v8.ForwardChannel.deliverMessage(ForwardChannel.java:115)
	at com.google.net.webchannel.server.v8.ForwardChannel.processPendingRequest(ForwardChannel.java:94)
	at com.google.net.webchannel.server.v8.ForwardChannel.consume(ForwardChannel.java:68)
	at com.google.net.webchannel.server.v8.ForwardChannel.add(ForwardChannel.java:61)
	at com.google.net.webchannel.server.v8.ChannelInternalImpl.handleRequestBody(ChannelInternalImpl.java:290)
	at com.google.net.webchannel.server.v8.ChannelInternalImpl.processSessionRequest(ChannelInternalImpl.java:357)
	at com.google.net.webchannel.server.v8.ChannelInternalImpl.handle(ChannelInternalImpl.java:172)
	at com.google.net.webchannel.server.v8.ChannelInternalImpl.consume(ChannelInternalImpl.java:91)
	at com.google.net.webchannel.server.common.ChannelProcessor.run(ChannelProcessor.java:85)

Aug 08, 2026 4:18:24 PM io.gapi.emulators.netty.HttpVersionRoutingHandler channelRead
INFO: Detected non-HTTP/2 connection.
Aug 08, 2026 4:18:24 PM com.google.cloud.datastore.emulator.firestore.webchannel.FirestoreV1WebChannelAdapter$FirestoreWriteHandler onClose
INFO: channel closed
Aug 08, 2026 4:18:47 PM io.gapi.emulators.netty.HttpVersionRoutingHandler channelRead
INFO: Detected non-HTTP/2 connection.
Aug 08, 2026 4:19:09 PM io.gapi.emulators.netty.HttpVersionRoutingHandler channelRead
INFO: Detected non-HTTP/2 connection.
Aug 08, 2026 4:19:47 PM io.gapi.emulators.netty.HttpVersionRoutingHandler channelRead
INFO: Detected non-HTTP/2 connection.
Aug 08, 2026 4:20:09 PM io.gapi.emulators.netty.HttpVersionRoutingHandler channelRead
INFO: Detected non-HTTP/2 connection.
Aug 08, 2026 4:20:48 PM io.gapi.emulators.netty.HttpVersionRoutingHandler channelRead
INFO: Detected non-HTTP/2 connection.
Aug 08, 2026 4:21:09 PM io.gapi.emulators.netty.HttpVersionRoutingHandler channelRead
INFO: Detected non-HTTP/2 connection.
Aug 08, 2026 4:21:48 PM io.gapi.emulators.netty.HttpVersionRoutingHandler channelRead
INFO: Detected non-HTTP/2 connection.
Aug 08, 2026 4:21:55 PM io.gapi.emulators.netty.HttpVersionRoutingHandler channelRead
INFO: Detected non-HTTP/2 connection.
Aug 08, 2026 4:22:20 PM io.gapi.emulators.netty.HttpVersionRoutingHandler channelRead
INFO: Detected non-HTTP/2 connection.
Aug 08, 2026 4:22:21 PM io.gapi.emulators.netty.HttpVersionRoutingHandler channelRead
INFO: Detected non-HTTP/2 connection.
Aug 08, 2026 4:22:21 PM io.gapi.emulators.netty.HttpVersionRoutingHandler channelRead
INFO: Detected non-HTTP/2 connection.
Aug 08, 2026 4:22:21 PM io.gapi.emulators.netty.HttpVersionRoutingHandler channelRead
INFO: Detected non-HTTP/2 connection.
Aug 08, 2026 4:22:21 PM io.gapi.emulators.netty.HttpVersionRoutingHandler channelRead
INFO: Detected non-HTTP/2 connection.
Aug 08, 2026 4:22:21 PM io.gapi.emulators.netty.HttpVersionRoutingHandler channelRead
INFO: Detected non-HTTP/2 connection.
Aug 08, 2026 4:22:21 PM io.gapi.emulators.netty.HttpVersionRoutingHandler channelRead
INFO: Detected non-HTTP/2 connection.
Aug 08, 2026 4:22:21 PM com.google.cloud.datastore.emulator.impl.util.WrappedStreamObserver onError
WARNING: Operation failed: No matching allow statements
com.google.cloud.datastore.core.exception.DatastoreException: No matching allow statements
	at com.google.cloud.datastore.core.exception.DatastoreException$Builder.build(DatastoreException.java:152)
	at com.google.cloud.datastore.emulator.impl.rules.DefaultEmulatorRulesAuthorizer.verboseError(DefaultEmulatorRulesAuthorizer.java:349)
	at com.google.cloud.datastore.emulator.impl.rules.DefaultEmulatorRulesAuthorizer.withVerboseErrors(DefaultEmulatorRulesAuthorizer.java:326)
	at com.google.cloud.datastore.emulator.impl.rules.DefaultEmulatorRulesAuthorizer.checkCommit(DefaultEmulatorRulesAuthorizer.java:113)
	at com.google.cloud.datastore.emulator.impl.firestore.FirestoreEmulatorHelper.commitHelper(FirestoreEmulatorHelper.java:407)
	at com.google.cloud.datastore.emulator.impl.firestore.FirestoreEmulatorHelper.internalCommit(FirestoreEmulatorHelper.java:348)
	at com.google.cloud.datastore.emulator.impl.firestore.CloudFirestoreV1.internalCommit(CloudFirestoreV1.java:1336)
	at com.google.cloud.datastore.emulator.impl.firestore.CloudFirestoreV1.write(CloudFirestoreV1.java:1321)
	at com.google.cloud.datastore.emulator.impl.firestore.CloudFirestoreV1WriteStream.handleRequest(CloudFirestoreV1WriteStream.java:222)
	at com.google.cloud.datastore.emulator.impl.firestore.CloudFirestoreV1WriteStream.write(CloudFirestoreV1WriteStream.java:144)
	at com.google.cloud.datastore.emulator.impl.firestore.CloudFirestoreV1WriteStream.onNext(CloudFirestoreV1WriteStream.java:99)
	at com.google.cloud.datastore.emulator.impl.firestore.CloudFirestoreV1WriteStream.onNext(CloudFirestoreV1WriteStream.java:27)
	at com.google.cloud.datastore.emulator.firestore.webchannel.FirestoreV1WebChannelAdapter$FirestoreWriteHandler.onMessage(FirestoreV1WebChannelAdapter.java:160)
	at com.google.cloud.datastore.emulator.firestore.webchannel.FirestoreV1WebChannelAdapter$FirestoreWriteHandler.onMessage(FirestoreV1WebChannelAdapter.java:130)
	at com.google.net.webchannel.server.v8.ChannelInternalImpl.onMessage(ChannelInternalImpl.java:525)
	at com.google.net.webchannel.server.v8.ForwardChannel.deliverMessage(ForwardChannel.java:115)
	at com.google.net.webchannel.server.v8.ForwardChannel.processPendingRequest(ForwardChannel.java:94)
	at com.google.net.webchannel.server.v8.ForwardChannel.consume(ForwardChannel.java:68)
	at com.google.net.webchannel.server.v8.ForwardChannel.add(ForwardChannel.java:61)
	at com.google.net.webchannel.server.v8.ChannelInternalImpl.handleRequestBody(ChannelInternalImpl.java:290)
	at com.google.net.webchannel.server.v8.ChannelInternalImpl.processSessionRequest(ChannelInternalImpl.java:357)
	at com.google.net.webchannel.server.v8.ChannelInternalImpl.handle(ChannelInternalImpl.java:172)
	at com.google.net.webchannel.server.v8.ChannelInternalImpl.consume(ChannelInternalImpl.java:91)
	at com.google.net.webchannel.server.common.ChannelProcessor.run(ChannelProcessor.java:85)

Aug 08, 2026 4:22:22 PM io.gapi.emulators.netty.HttpVersionRoutingHandler channelRead
INFO: Detected non-HTTP/2 connection.
Aug 08, 2026 4:22:22 PM com.google.cloud.datastore.emulator.firestore.webchannel.FirestoreV1WebChannelAdapter$FirestoreWriteHandler onClose
INFO: channel closed
Aug 08, 2026 4:22:48 PM io.gapi.emulators.netty.HttpVersionRoutingHandler channelRead
INFO: Detected non-HTTP/2 connection.
Aug 08, 2026 4:22:51 PM io.gapi.emulators.netty.HttpVersionRoutingHandler channelRead
INFO: Detected non-HTTP/2 connection.
Aug 08, 2026 4:22:51 PM io.gapi.emulators.netty.HttpVersionRoutingHandler channelRead
INFO: Detected non-HTTP/2 connection.
Aug 08, 2026 4:22:52 PM io.gapi.emulators.netty.HttpVersionRoutingHandler channelRead
INFO: Detected non-HTTP/2 connection.
Aug 08, 2026 4:22:52 PM com.google.cloud.datastore.emulator.firestore.webchannel.FirestoreV1WebChannelAdapter$FirestoreListenHandler onClose
INFO: channel closed
Aug 08, 2026 4:22:55 PM io.gapi.emulators.netty.HttpVersionRoutingHandler channelRead
INFO: Detected non-HTTP/2 connection.
Aug 08, 2026 4:22:56 PM io.gapi.emulators.netty.HttpVersionRoutingHandler channelRead
INFO: Detected non-HTTP/2 connection.
Aug 08, 2026 4:22:56 PM io.gapi.emulators.netty.HttpVersionRoutingHandler channelRead
INFO: Detected non-HTTP/2 connection.
Aug 08, 2026 4:22:56 PM io.gapi.emulators.netty.HttpVersionRoutingHandler channelRead
INFO: Detected non-HTTP/2 connection.
Aug 08, 2026 4:22:56 PM io.gapi.emulators.netty.HttpVersionRoutingHandler channelRead
INFO: Detected non-HTTP/2 connection.
Aug 08, 2026 4:22:56 PM io.gapi.emulators.netty.HttpVersionRoutingHandler channelRead
INFO: Detected non-HTTP/2 connection.
Aug 08, 2026 4:22:56 PM io.gapi.emulators.netty.HttpVersionRoutingHandler channelRead
INFO: Detected non-HTTP/2 connection.
Aug 08, 2026 4:22:56 PM io.gapi.emulators.netty.HttpVersionRoutingHandler channelRead
INFO: Detected non-HTTP/2 connection.
Aug 08, 2026 4:22:56 PM com.google.cloud.datastore.emulator.firestore.webchannel.FirestoreV1WebChannelAdapter$FirestoreListenHandler onClose
INFO: channel closed
Aug 08, 2026 4:22:56 PM com.google.cloud.datastore.emulator.impl.util.WrappedStreamObserver onError
WARNING: Operation failed: No matching allow statements
com.google.cloud.datastore.core.exception.DatastoreException: No matching allow statements
	at com.google.cloud.datastore.core.exception.DatastoreException$Builder.build(DatastoreException.java:152)
	at com.google.cloud.datastore.emulator.impl.rules.DefaultEmulatorRulesAuthorizer.verboseError(DefaultEmulatorRulesAuthorizer.java:349)
	at com.google.cloud.datastore.emulator.impl.rules.DefaultEmulatorRulesAuthorizer.withVerboseErrors(DefaultEmulatorRulesAuthorizer.java:326)
	at com.google.cloud.datastore.emulator.impl.rules.DefaultEmulatorRulesAuthorizer.checkCommit(DefaultEmulatorRulesAuthorizer.java:113)
	at com.google.cloud.datastore.emulator.impl.firestore.FirestoreEmulatorHelper.commitHelper(FirestoreEmulatorHelper.java:407)
	at com.google.cloud.datastore.emulator.impl.firestore.FirestoreEmulatorHelper.internalCommit(FirestoreEmulatorHelper.java:348)
	at com.google.cloud.datastore.emulator.impl.firestore.CloudFirestoreV1.internalCommit(CloudFirestoreV1.java:1336)
	at com.google.cloud.datastore.emulator.impl.firestore.CloudFirestoreV1.write(CloudFirestoreV1.java:1321)
	at com.google.cloud.datastore.emulator.impl.firestore.CloudFirestoreV1WriteStream.handleRequest(CloudFirestoreV1WriteStream.java:222)
	at com.google.cloud.datastore.emulator.impl.firestore.CloudFirestoreV1WriteStream.write(CloudFirestoreV1WriteStream.java:144)
	at com.google.cloud.datastore.emulator.impl.firestore.CloudFirestoreV1WriteStream.onNext(CloudFirestoreV1WriteStream.java:99)
	at com.google.cloud.datastore.emulator.impl.firestore.CloudFirestoreV1WriteStream.onNext(CloudFirestoreV1WriteStream.java:27)
	at com.google.cloud.datastore.emulator.firestore.webchannel.FirestoreV1WebChannelAdapter$FirestoreWriteHandler.onMessage(FirestoreV1WebChannelAdapter.java:160)
	at com.google.cloud.datastore.emulator.firestore.webchannel.FirestoreV1WebChannelAdapter$FirestoreWriteHandler.onMessage(FirestoreV1WebChannelAdapter.java:130)
	at com.google.net.webchannel.server.v8.ChannelInternalImpl.onMessage(ChannelInternalImpl.java:525)
	at com.google.net.webchannel.server.v8.ForwardChannel.deliverMessage(ForwardChannel.java:115)
	at com.google.net.webchannel.server.v8.ForwardChannel.processPendingRequest(ForwardChannel.java:94)
	at com.google.net.webchannel.server.v8.ForwardChannel.consume(ForwardChannel.java:68)
	at com.google.net.webchannel.server.v8.ForwardChannel.add(ForwardChannel.java:61)
	at com.google.net.webchannel.server.v8.ChannelInternalImpl.handleRequestBody(ChannelInternalImpl.java:290)
	at com.google.net.webchannel.server.v8.ChannelInternalImpl.processSessionRequest(ChannelInternalImpl.java:357)
	at com.google.net.webchannel.server.v8.ChannelInternalImpl.handle(ChannelInternalImpl.java:172)
	at com.google.net.webchannel.server.v8.ChannelInternalImpl.consume(ChannelInternalImpl.java:91)
	at com.google.net.webchannel.server.common.ChannelProcessor.run(ChannelProcessor.java:85)

Aug 08, 2026 4:22:56 PM io.gapi.emulators.netty.HttpVersionRoutingHandler channelRead
INFO: Detected non-HTTP/2 connection.
Aug 08, 2026 4:22:56 PM io.gapi.emulators.netty.HttpVersionRoutingHandler channelRead
INFO: Detected non-HTTP/2 connection.
Aug 08, 2026 4:22:56 PM com.google.cloud.datastore.emulator.firestore.webchannel.FirestoreV1WebChannelAdapter$FirestoreWriteHandler onClose
INFO: channel closed
Aug 08, 2026 4:23:27 PM io.gapi.emulators.netty.HttpVersionRoutingHandler channelRead
INFO: Detected non-HTTP/2 connection.
Aug 08, 2026 4:24:04 PM io.gapi.emulators.netty.HttpVersionRoutingHandler channelRead
INFO: Detected non-HTTP/2 connection.
Aug 08, 2026 4:24:05 PM io.gapi.emulators.netty.HttpVersionRoutingHandler channelRead
INFO: Detected non-HTTP/2 connection.
Aug 08, 2026 4:24:10 PM io.gapi.emulators.netty.HttpVersionRoutingHandler channelRead
INFO: Detected non-HTTP/2 connection.
Aug 08, 2026 4:24:11 PM io.gapi.emulators.netty.HttpVersionRoutingHandler channelRead
INFO: Detected non-HTTP/2 connection.
Aug 08, 2026 4:24:11 PM io.gapi.emulators.netty.HttpVersionRoutingHandler channelRead
INFO: Detected non-HTTP/2 connection.
Aug 08, 2026 4:24:11 PM io.gapi.emulators.netty.HttpVersionRoutingHandler channelRead
INFO: Detected non-HTTP/2 connection.
Aug 08, 2026 4:24:11 PM io.gapi.emulators.netty.HttpVersionRoutingHandler channelRead
INFO: Detected non-HTTP/2 connection.
Aug 08, 2026 4:24:11 PM io.gapi.emulators.netty.HttpVersionRoutingHandler channelRead
INFO: Detected non-HTTP/2 connection.
Aug 08, 2026 4:24:11 PM io.gapi.emulators.netty.HttpVersionRoutingHandler channelRead
INFO: Detected non-HTTP/2 connection.
Aug 08, 2026 4:24:11 PM com.google.cloud.datastore.emulator.impl.util.WrappedStreamObserver onError
WARNING: Operation failed: No matching allow statements
com.google.cloud.datastore.core.exception.DatastoreException: No matching allow statements
	at com.google.cloud.datastore.core.exception.DatastoreException$Builder.build(DatastoreException.java:152)
	at com.google.cloud.datastore.emulator.impl.rules.DefaultEmulatorRulesAuthorizer.verboseError(DefaultEmulatorRulesAuthorizer.java:349)
	at com.google.cloud.datastore.emulator.impl.rules.DefaultEmulatorRulesAuthorizer.withVerboseErrors(DefaultEmulatorRulesAuthorizer.java:326)
	at com.google.cloud.datastore.emulator.impl.rules.DefaultEmulatorRulesAuthorizer.checkCommit(DefaultEmulatorRulesAuthorizer.java:113)
	at com.google.cloud.datastore.emulator.impl.firestore.FirestoreEmulatorHelper.commitHelper(FirestoreEmulatorHelper.java:407)
	at com.google.cloud.datastore.emulator.impl.firestore.FirestoreEmulatorHelper.internalCommit(FirestoreEmulatorHelper.java:348)
	at com.google.cloud.datastore.emulator.impl.firestore.CloudFirestoreV1.internalCommit(CloudFirestoreV1.java:1336)
	at com.google.cloud.datastore.emulator.impl.firestore.CloudFirestoreV1.write(CloudFirestoreV1.java:1321)
	at com.google.cloud.datastore.emulator.impl.firestore.CloudFirestoreV1WriteStream.handleRequest(CloudFirestoreV1WriteStream.java:222)
	at com.google.cloud.datastore.emulator.impl.firestore.CloudFirestoreV1WriteStream.write(CloudFirestoreV1WriteStream.java:144)
	at com.google.cloud.datastore.emulator.impl.firestore.CloudFirestoreV1WriteStream.onNext(CloudFirestoreV1WriteStream.java:99)
	at com.google.cloud.datastore.emulator.impl.firestore.CloudFirestoreV1WriteStream.onNext(CloudFirestoreV1WriteStream.java:27)
	at com.google.cloud.datastore.emulator.firestore.webchannel.FirestoreV1WebChannelAdapter$FirestoreWriteHandler.onMessage(FirestoreV1WebChannelAdapter.java:160)
	at com.google.cloud.datastore.emulator.firestore.webchannel.FirestoreV1WebChannelAdapter$FirestoreWriteHandler.onMessage(FirestoreV1WebChannelAdapter.java:130)
	at com.google.net.webchannel.server.v8.ChannelInternalImpl.onMessage(ChannelInternalImpl.java:525)
	at com.google.net.webchannel.server.v8.ForwardChannel.deliverMessage(ForwardChannel.java:115)
	at com.google.net.webchannel.server.v8.ForwardChannel.processPendingRequest(ForwardChannel.java:94)
	at com.google.net.webchannel.server.v8.ForwardChannel.consume(ForwardChannel.java:68)
	at com.google.net.webchannel.server.v8.ForwardChannel.add(ForwardChannel.java:61)
	at com.google.net.webchannel.server.v8.ChannelInternalImpl.handleRequestBody(ChannelInternalImpl.java:290)
	at com.google.net.webchannel.server.v8.ChannelInternalImpl.processSessionRequest(ChannelInternalImpl.java:357)
	at com.google.net.webchannel.server.v8.ChannelInternalImpl.handle(ChannelInternalImpl.java:172)
	at com.google.net.webchannel.server.v8.ChannelInternalImpl.consume(ChannelInternalImpl.java:91)
	at com.google.net.webchannel.server.common.ChannelProcessor.run(ChannelProcessor.java:85)

Aug 08, 2026 4:24:12 PM io.gapi.emulators.netty.HttpVersionRoutingHandler channelRead
INFO: Detected non-HTTP/2 connection.
Aug 08, 2026 4:24:12 PM com.google.cloud.datastore.emulator.firestore.webchannel.FirestoreV1WebChannelAdapter$FirestoreWriteHandler onClose
INFO: channel closed
Aug 08, 2026 4:24:14 PM io.gapi.emulators.netty.HttpVersionRoutingHandler channelRead
INFO: Detected non-HTTP/2 connection.
Aug 08, 2026 4:24:14 PM io.gapi.emulators.netty.HttpVersionRoutingHandler channelRead
INFO: Detected non-HTTP/2 connection.
Aug 08, 2026 4:24:15 PM io.gapi.emulators.netty.HttpVersionRoutingHandler channelRead
INFO: Detected non-HTTP/2 connection.
Aug 08, 2026 4:24:15 PM io.gapi.emulators.netty.HttpVersionRoutingHandler channelRead
INFO: Detected non-HTTP/2 connection.
Aug 08, 2026 4:24:15 PM io.gapi.emulators.netty.HttpVersionRoutingHandler channelRead
INFO: Detected non-HTTP/2 connection.
Aug 08, 2026 4:24:15 PM io.gapi.emulators.netty.HttpVersionRoutingHandler channelRead
INFO: Detected non-HTTP/2 connection.
Aug 08, 2026 4:24:15 PM com.google.cloud.datastore.emulator.impl.util.WrappedStreamObserver onError
WARNING: Operation failed: No matching allow statements
com.google.cloud.datastore.core.exception.DatastoreException: No matching allow statements
	at com.google.cloud.datastore.core.exception.DatastoreException$Builder.build(DatastoreException.java:152)
	at com.google.cloud.datastore.emulator.impl.rules.DefaultEmulatorRulesAuthorizer.verboseError(DefaultEmulatorRulesAuthorizer.java:349)
	at com.google.cloud.datastore.emulator.impl.rules.DefaultEmulatorRulesAuthorizer.withVerboseErrors(DefaultEmulatorRulesAuthorizer.java:326)
	at com.google.cloud.datastore.emulator.impl.rules.DefaultEmulatorRulesAuthorizer.checkCommit(DefaultEmulatorRulesAuthorizer.java:113)
	at com.google.cloud.datastore.emulator.impl.firestore.FirestoreEmulatorHelper.commitHelper(FirestoreEmulatorHelper.java:407)
	at com.google.cloud.datastore.emulator.impl.firestore.FirestoreEmulatorHelper.internalCommit(FirestoreEmulatorHelper.java:348)
	at com.google.cloud.datastore.emulator.impl.firestore.CloudFirestoreV1.internalCommit(CloudFirestoreV1.java:1336)
	at com.google.cloud.datastore.emulator.impl.firestore.CloudFirestoreV1.write(CloudFirestoreV1.java:1321)
	at com.google.cloud.datastore.emulator.impl.firestore.CloudFirestoreV1WriteStream.handleRequest(CloudFirestoreV1WriteStream.java:222)
	at com.google.cloud.datastore.emulator.impl.firestore.CloudFirestoreV1WriteStream.write(CloudFirestoreV1WriteStream.java:144)
	at com.google.cloud.datastore.emulator.impl.firestore.CloudFirestoreV1WriteStream.onNext(CloudFirestoreV1WriteStream.java:99)
	at com.google.cloud.datastore.emulator.impl.firestore.CloudFirestoreV1WriteStream.onNext(CloudFirestoreV1WriteStream.java:27)
	at com.google.cloud.datastore.emulator.firestore.webchannel.FirestoreV1WebChannelAdapter$FirestoreWriteHandler.onMessage(FirestoreV1WebChannelAdapter.java:160)
	at com.google.cloud.datastore.emulator.firestore.webchannel.FirestoreV1WebChannelAdapter$FirestoreWriteHandler.onMessage(FirestoreV1WebChannelAdapter.java:130)
	at com.google.net.webchannel.server.v8.ChannelInternalImpl.onMessage(ChannelInternalImpl.java:525)
	at com.google.net.webchannel.server.v8.ForwardChannel.deliverMessage(ForwardChannel.java:115)
	at com.google.net.webchannel.server.v8.ForwardChannel.processPendingRequest(ForwardChannel.java:94)
	at com.google.net.webchannel.server.v8.ForwardChannel.consume(ForwardChannel.java:68)
	at com.google.net.webchannel.server.v8.ForwardChannel.add(ForwardChannel.java:61)
	at com.google.net.webchannel.server.v8.ChannelInternalImpl.handleRequestBody(ChannelInternalImpl.java:290)
	at com.google.net.webchannel.server.v8.ChannelInternalImpl.processSessionRequest(ChannelInternalImpl.java:357)
	at com.google.net.webchannel.server.v8.ChannelInternalImpl.handle(ChannelInternalImpl.java:172)
	at com.google.net.webchannel.server.v8.ChannelInternalImpl.consume(ChannelInternalImpl.java:91)
	at com.google.net.webchannel.server.common.ChannelProcessor.run(ChannelProcessor.java:85)

Aug 08, 2026 4:24:15 PM io.gapi.emulators.netty.HttpVersionRoutingHandler channelRead
INFO: Detected non-HTTP/2 connection.
Aug 08, 2026 4:24:15 PM com.google.cloud.datastore.emulator.impl.util.WrappedStreamObserver onError
WARNING: Operation failed: No matching allow statements
com.google.cloud.datastore.core.exception.DatastoreException: No matching allow statements
	at com.google.cloud.datastore.core.exception.DatastoreException$Builder.build(DatastoreException.java:152)
	at com.google.cloud.datastore.emulator.impl.rules.DefaultEmulatorRulesAuthorizer.verboseError(DefaultEmulatorRulesAuthorizer.java:349)
	at com.google.cloud.datastore.emulator.impl.rules.DefaultEmulatorRulesAuthorizer.withVerboseErrors(DefaultEmulatorRulesAuthorizer.java:326)
	at com.google.cloud.datastore.emulator.impl.rules.DefaultEmulatorRulesAuthorizer.checkCommit(DefaultEmulatorRulesAuthorizer.java:113)
	at com.google.cloud.datastore.emulator.impl.firestore.FirestoreEmulatorHelper.commitHelper(FirestoreEmulatorHelper.java:407)
	at com.google.cloud.datastore.emulator.impl.firestore.FirestoreEmulatorHelper.internalCommit(FirestoreEmulatorHelper.java:348)
	at com.google.cloud.datastore.emulator.impl.firestore.CloudFirestoreV1.internalCommit(CloudFirestoreV1.java:1336)
	at com.google.cloud.datastore.emulator.impl.firestore.CloudFirestoreV1.write(CloudFirestoreV1.java:1321)
	at com.google.cloud.datastore.emulator.impl.firestore.CloudFirestoreV1WriteStream.handleRequest(CloudFirestoreV1WriteStream.java:222)
	at com.google.cloud.datastore.emulator.impl.firestore.CloudFirestoreV1WriteStream.write(CloudFirestoreV1WriteStream.java:144)
	at com.google.cloud.datastore.emulator.impl.firestore.CloudFirestoreV1WriteStream.onNext(CloudFirestoreV1WriteStream.java:99)
	at com.google.cloud.datastore.emulator.impl.firestore.CloudFirestoreV1WriteStream.onNext(CloudFirestoreV1WriteStream.java:27)
	at com.google.cloud.datastore.emulator.firestore.webchannel.FirestoreV1WebChannelAdapter$FirestoreWriteHandler.onMessage(FirestoreV1WebChannelAdapter.java:160)
	at com.google.cloud.datastore.emulator.firestore.webchannel.FirestoreV1WebChannelAdapter$FirestoreWriteHandler.onMessage(FirestoreV1WebChannelAdapter.java:130)
	at com.google.net.webchannel.server.v8.ChannelInternalImpl.onMessage(ChannelInternalImpl.java:525)
	at com.google.net.webchannel.server.v8.ForwardChannel.deliverMessage(ForwardChannel.java:115)
	at com.google.net.webchannel.server.v8.ForwardChannel.processPendingRequest(ForwardChannel.java:94)
	at com.google.net.webchannel.server.v8.ForwardChannel.consume(ForwardChannel.java:68)
	at com.google.net.webchannel.server.v8.ForwardChannel.add(ForwardChannel.java:61)
	at com.google.net.webchannel.server.v8.ChannelInternalImpl.handleRequestBody(ChannelInternalImpl.java:290)
	at com.google.net.webchannel.server.v8.ChannelInternalImpl.processSessionRequest(ChannelInternalImpl.java:357)
	at com.google.net.webchannel.server.v8.ChannelInternalImpl.handle(ChannelInternalImpl.java:172)
	at com.google.net.webchannel.server.v8.ChannelInternalImpl.consume(ChannelInternalImpl.java:91)
	at com.google.net.webchannel.server.common.ChannelProcessor.run(ChannelProcessor.java:85)

Aug 08, 2026 4:24:15 PM io.gapi.emulators.netty.HttpVersionRoutingHandler channelRead
INFO: Detected non-HTTP/2 connection.
Aug 08, 2026 4:24:15 PM com.google.cloud.datastore.emulator.firestore.webchannel.FirestoreV1WebChannelAdapter$FirestoreWriteHandler onClose
INFO: channel closed
Aug 08, 2026 4:24:15 PM io.gapi.emulators.netty.HttpVersionRoutingHandler channelRead
INFO: Detected non-HTTP/2 connection.
Aug 08, 2026 4:24:15 PM com.google.cloud.datastore.emulator.firestore.webchannel.FirestoreV1WebChannelAdapter$FirestoreWriteHandler onClose
INFO: channel closed
Aug 08, 2026 4:24:18 PM io.gapi.emulators.netty.HttpVersionRoutingHandler channelRead
INFO: Detected non-HTTP/2 connection.
Aug 08, 2026 4:24:20 PM io.gapi.emulators.netty.HttpVersionRoutingHandler channelRead
INFO: Detected non-HTTP/2 connection.
Aug 08, 2026 4:24:20 PM io.gapi.emulators.netty.HttpVersionRoutingHandler channelRead
INFO: Detected non-HTTP/2 connection.
Aug 08, 2026 4:24:20 PM io.gapi.emulators.netty.HttpVersionRoutingHandler channelRead
INFO: Detected non-HTTP/2 connection.
Aug 08, 2026 4:24:20 PM com.google.cloud.datastore.emulator.impl.util.WrappedStreamObserver onError
WARNING: Operation failed: No matching allow statements
com.google.cloud.datastore.core.exception.DatastoreException: No matching allow statements
	at com.google.cloud.datastore.core.exception.DatastoreException$Builder.build(DatastoreException.java:152)
	at com.google.cloud.datastore.emulator.impl.rules.DefaultEmulatorRulesAuthorizer.verboseError(DefaultEmulatorRulesAuthorizer.java:349)
	at com.google.cloud.datastore.emulator.impl.rules.DefaultEmulatorRulesAuthorizer.withVerboseErrors(DefaultEmulatorRulesAuthorizer.java:326)
	at com.google.cloud.datastore.emulator.impl.rules.DefaultEmulatorRulesAuthorizer.checkCommit(DefaultEmulatorRulesAuthorizer.java:113)
	at com.google.cloud.datastore.emulator.impl.firestore.FirestoreEmulatorHelper.commitHelper(FirestoreEmulatorHelper.java:407)
	at com.google.cloud.datastore.emulator.impl.firestore.FirestoreEmulatorHelper.internalCommit(FirestoreEmulatorHelper.java:348)
	at com.google.cloud.datastore.emulator.impl.firestore.CloudFirestoreV1.internalCommit(CloudFirestoreV1.java:1336)
	at com.google.cloud.datastore.emulator.impl.firestore.CloudFirestoreV1.write(CloudFirestoreV1.java:1321)
	at com.google.cloud.datastore.emulator.impl.firestore.CloudFirestoreV1WriteStream.handleRequest(CloudFirestoreV1WriteStream.java:222)
	at com.google.cloud.datastore.emulator.impl.firestore.CloudFirestoreV1WriteStream.write(CloudFirestoreV1WriteStream.java:144)
	at com.google.cloud.datastore.emulator.impl.firestore.CloudFirestoreV1WriteStream.onNext(CloudFirestoreV1WriteStream.java:99)
	at com.google.cloud.datastore.emulator.impl.firestore.CloudFirestoreV1WriteStream.onNext(CloudFirestoreV1WriteStream.java:27)
	at com.google.cloud.datastore.emulator.firestore.webchannel.FirestoreV1WebChannelAdapter$FirestoreWriteHandler.onMessage(FirestoreV1WebChannelAdapter.java:160)
	at com.google.cloud.datastore.emulator.firestore.webchannel.FirestoreV1WebChannelAdapter$FirestoreWriteHandler.onMessage(FirestoreV1WebChannelAdapter.java:130)
	at com.google.net.webchannel.server.v8.ChannelInternalImpl.onMessage(ChannelInternalImpl.java:525)
	at com.google.net.webchannel.server.v8.ForwardChannel.deliverMessage(ForwardChannel.java:115)
	at com.google.net.webchannel.server.v8.ForwardChannel.processPendingRequest(ForwardChannel.java:94)
	at com.google.net.webchannel.server.v8.ForwardChannel.consume(ForwardChannel.java:68)
	at com.google.net.webchannel.server.v8.ForwardChannel.add(ForwardChannel.java:61)
	at com.google.net.webchannel.server.v8.ChannelInternalImpl.handleRequestBody(ChannelInternalImpl.java:290)
	at com.google.net.webchannel.server.v8.ChannelInternalImpl.processSessionRequest(ChannelInternalImpl.java:357)
	at com.google.net.webchannel.server.v8.ChannelInternalImpl.handle(ChannelInternalImpl.java:172)
	at com.google.net.webchannel.server.v8.ChannelInternalImpl.consume(ChannelInternalImpl.java:91)
	at com.google.net.webchannel.server.common.ChannelProcessor.run(ChannelProcessor.java:85)

Aug 08, 2026 4:24:21 PM io.gapi.emulators.netty.HttpVersionRoutingHandler channelRead
INFO: Detected non-HTTP/2 connection.
Aug 08, 2026 4:24:21 PM com.google.cloud.datastore.emulator.firestore.webchannel.FirestoreV1WebChannelAdapter$FirestoreWriteHandler onClose
INFO: channel closed
Aug 08, 2026 4:24:27 PM io.gapi.emulators.netty.HttpVersionRoutingHandler channelRead
INFO: Detected non-HTTP/2 connection.
Aug 08, 2026 4:24:27 PM io.gapi.emulators.netty.HttpVersionRoutingHandler channelRead
INFO: Detected non-HTTP/2 connection.
Aug 08, 2026 4:24:28 PM io.gapi.emulators.netty.HttpVersionRoutingHandler channelRead
INFO: Detected non-HTTP/2 connection.
Aug 08, 2026 4:24:28 PM com.google.cloud.datastore.emulator.impl.util.WrappedStreamObserver onError
WARNING: Operation failed: No matching allow statements
com.google.cloud.datastore.core.exception.DatastoreException: No matching allow statements
	at com.google.cloud.datastore.core.exception.DatastoreException$Builder.build(DatastoreException.java:152)
	at com.google.cloud.datastore.emulator.impl.rules.DefaultEmulatorRulesAuthorizer.verboseError(DefaultEmulatorRulesAuthorizer.java:349)
	at com.google.cloud.datastore.emulator.impl.rules.DefaultEmulatorRulesAuthorizer.withVerboseErrors(DefaultEmulatorRulesAuthorizer.java:326)
	at com.google.cloud.datastore.emulator.impl.rules.DefaultEmulatorRulesAuthorizer.checkCommit(DefaultEmulatorRulesAuthorizer.java:113)
	at com.google.cloud.datastore.emulator.impl.firestore.FirestoreEmulatorHelper.commitHelper(FirestoreEmulatorHelper.java:407)
	at com.google.cloud.datastore.emulator.impl.firestore.FirestoreEmulatorHelper.internalCommit(FirestoreEmulatorHelper.java:348)
	at com.google.cloud.datastore.emulator.impl.firestore.CloudFirestoreV1.internalCommit(CloudFirestoreV1.java:1336)
	at com.google.cloud.datastore.emulator.impl.firestore.CloudFirestoreV1.write(CloudFirestoreV1.java:1321)
	at com.google.cloud.datastore.emulator.impl.firestore.CloudFirestoreV1WriteStream.handleRequest(CloudFirestoreV1WriteStream.java:222)
	at com.google.cloud.datastore.emulator.impl.firestore.CloudFirestoreV1WriteStream.write(CloudFirestoreV1WriteStream.java:144)
	at com.google.cloud.datastore.emulator.impl.firestore.CloudFirestoreV1WriteStream.onNext(CloudFirestoreV1WriteStream.java:99)
	at com.google.cloud.datastore.emulator.impl.firestore.CloudFirestoreV1WriteStream.onNext(CloudFirestoreV1WriteStream.java:27)
	at com.google.cloud.datastore.emulator.firestore.webchannel.FirestoreV1WebChannelAdapter$FirestoreWriteHandler.onMessage(FirestoreV1WebChannelAdapter.java:160)
	at com.google.cloud.datastore.emulator.firestore.webchannel.FirestoreV1WebChannelAdapter$FirestoreWriteHandler.onMessage(FirestoreV1WebChannelAdapter.java:130)
	at com.google.net.webchannel.server.v8.ChannelInternalImpl.onMessage(ChannelInternalImpl.java:525)
	at com.google.net.webchannel.server.v8.ForwardChannel.deliverMessage(ForwardChannel.java:115)
	at com.google.net.webchannel.server.v8.ForwardChannel.processPendingRequest(ForwardChannel.java:94)
	at com.google.net.webchannel.server.v8.ForwardChannel.consume(ForwardChannel.java:68)
	at com.google.net.webchannel.server.v8.ForwardChannel.add(ForwardChannel.java:61)
	at com.google.net.webchannel.server.v8.ChannelInternalImpl.handleRequestBody(ChannelInternalImpl.java:290)
	at com.google.net.webchannel.server.v8.ChannelInternalImpl.processSessionRequest(ChannelInternalImpl.java:357)
	at com.google.net.webchannel.server.v8.ChannelInternalImpl.handle(ChannelInternalImpl.java:172)
	at com.google.net.webchannel.server.v8.ChannelInternalImpl.consume(ChannelInternalImpl.java:91)
	at com.google.net.webchannel.server.common.ChannelProcessor.run(ChannelProcessor.java:85)

Aug 08, 2026 4:24:28 PM com.google.cloud.datastore.emulator.impl.util.WrappedStreamObserver onError
WARNING: Operation failed: No matching allow statements
com.google.cloud.datastore.core.exception.DatastoreException: No matching allow statements
	at com.google.cloud.datastore.core.exception.DatastoreException$Builder.build(DatastoreException.java:152)
	at com.google.cloud.datastore.emulator.impl.rules.DefaultEmulatorRulesAuthorizer.verboseError(DefaultEmulatorRulesAuthorizer.java:349)
	at com.google.cloud.datastore.emulator.impl.rules.DefaultEmulatorRulesAuthorizer.withVerboseErrors(DefaultEmulatorRulesAuthorizer.java:326)
	at com.google.cloud.datastore.emulator.impl.rules.DefaultEmulatorRulesAuthorizer.checkCommit(DefaultEmulatorRulesAuthorizer.java:113)
	at com.google.cloud.datastore.emulator.impl.firestore.FirestoreEmulatorHelper.commitHelper(FirestoreEmulatorHelper.java:407)
	at com.google.cloud.datastore.emulator.impl.firestore.FirestoreEmulatorHelper.internalCommit(FirestoreEmulatorHelper.java:348)
	at com.google.cloud.datastore.emulator.impl.firestore.CloudFirestoreV1.internalCommit(CloudFirestoreV1.java:1336)
	at com.google.cloud.datastore.emulator.impl.firestore.CloudFirestoreV1.write(CloudFirestoreV1.java:1321)
	at com.google.cloud.datastore.emulator.impl.firestore.CloudFirestoreV1WriteStream.handleRequest(CloudFirestoreV1WriteStream.java:222)
	at com.google.cloud.datastore.emulator.impl.firestore.CloudFirestoreV1WriteStream.write(CloudFirestoreV1WriteStream.java:144)
	at com.google.cloud.datastore.emulator.impl.firestore.CloudFirestoreV1WriteStream.onNext(CloudFirestoreV1WriteStream.java:99)
	at com.google.cloud.datastore.emulator.impl.firestore.CloudFirestoreV1WriteStream.onNext(CloudFirestoreV1WriteStream.java:27)
	at com.google.cloud.datastore.emulator.firestore.webchannel.FirestoreV1WebChannelAdapter$FirestoreWriteHandler.onMessage(FirestoreV1WebChannelAdapter.java:160)
	at com.google.cloud.datastore.emulator.firestore.webchannel.FirestoreV1WebChannelAdapter$FirestoreWriteHandler.onMessage(FirestoreV1WebChannelAdapter.java:130)
	at com.google.net.webchannel.server.v8.ChannelInternalImpl.onMessage(ChannelInternalImpl.java:525)
	at com.google.net.webchannel.server.v8.ForwardChannel.deliverMessage(ForwardChannel.java:115)
	at com.google.net.webchannel.server.v8.ForwardChannel.processPendingRequest(ForwardChannel.java:94)
	at com.google.net.webchannel.server.v8.ForwardChannel.consume(ForwardChannel.java:68)
	at com.google.net.webchannel.server.v8.ForwardChannel.add(ForwardChannel.java:61)
	at com.google.net.webchannel.server.v8.ChannelInternalImpl.handleRequestBody(ChannelInternalImpl.java:290)
	at com.google.net.webchannel.server.v8.ChannelInternalImpl.processSessionRequest(ChannelInternalImpl.java:357)
	at com.google.net.webchannel.server.v8.ChannelInternalImpl.handle(ChannelInternalImpl.java:172)
	at com.google.net.webchannel.server.v8.ChannelInternalImpl.consume(ChannelInternalImpl.java:91)
	at com.google.net.webchannel.server.common.ChannelProcessor.run(ChannelProcessor.java:85)

Aug 08, 2026 4:24:28 PM io.gapi.emulators.netty.HttpVersionRoutingHandler channelRead
INFO: Detected non-HTTP/2 connection.
Aug 08, 2026 4:24:28 PM io.gapi.emulators.netty.HttpVersionRoutingHandler channelRead
INFO: Detected non-HTTP/2 connection.
Aug 08, 2026 4:24:28 PM com.google.cloud.datastore.emulator.firestore.webchannel.FirestoreV1WebChannelAdapter$FirestoreWriteHandler onClose
INFO: channel closed
Aug 08, 2026 4:24:28 PM io.gapi.emulators.netty.HttpVersionRoutingHandler channelRead
INFO: Detected non-HTTP/2 connection.
Aug 08, 2026 4:24:29 PM io.gapi.emulators.netty.HttpVersionRoutingHandler channelRead
INFO: Detected non-HTTP/2 connection.
Aug 08, 2026 4:24:29 PM com.google.cloud.datastore.emulator.impl.util.WrappedStreamObserver onError
WARNING: Operation failed: No matching allow statements
com.google.cloud.datastore.core.exception.DatastoreException: No matching allow statements
	at com.google.cloud.datastore.core.exception.DatastoreException$Builder.build(DatastoreException.java:152)
	at com.google.cloud.datastore.emulator.impl.rules.DefaultEmulatorRulesAuthorizer.verboseError(DefaultEmulatorRulesAuthorizer.java:349)
	at com.google.cloud.datastore.emulator.impl.rules.DefaultEmulatorRulesAuthorizer.withVerboseErrors(DefaultEmulatorRulesAuthorizer.java:326)
	at com.google.cloud.datastore.emulator.impl.rules.DefaultEmulatorRulesAuthorizer.checkCommit(DefaultEmulatorRulesAuthorizer.java:113)
	at com.google.cloud.datastore.emulator.impl.firestore.FirestoreEmulatorHelper.commitHelper(FirestoreEmulatorHelper.java:407)
	at com.google.cloud.datastore.emulator.impl.firestore.FirestoreEmulatorHelper.internalCommit(FirestoreEmulatorHelper.java:348)
	at com.google.cloud.datastore.emulator.impl.firestore.CloudFirestoreV1.internalCommit(CloudFirestoreV1.java:1336)
	at com.google.cloud.datastore.emulator.impl.firestore.CloudFirestoreV1.write(CloudFirestoreV1.java:1321)
	at com.google.cloud.datastore.emulator.impl.firestore.CloudFirestoreV1WriteStream.handleRequest(CloudFirestoreV1WriteStream.java:222)
	at com.google.cloud.datastore.emulator.impl.firestore.CloudFirestoreV1WriteStream.write(CloudFirestoreV1WriteStream.java:144)
	at com.google.cloud.datastore.emulator.impl.firestore.CloudFirestoreV1WriteStream.onNext(CloudFirestoreV1WriteStream.java:99)
	at com.google.cloud.datastore.emulator.impl.firestore.CloudFirestoreV1WriteStream.onNext(CloudFirestoreV1WriteStream.java:27)
	at com.google.cloud.datastore.emulator.firestore.webchannel.FirestoreV1WebChannelAdapter$FirestoreWriteHandler.onMessage(FirestoreV1WebChannelAdapter.java:160)
	at com.google.cloud.datastore.emulator.firestore.webchannel.FirestoreV1WebChannelAdapter$FirestoreWriteHandler.onMessage(FirestoreV1WebChannelAdapter.java:130)
	at com.google.net.webchannel.server.v8.ChannelInternalImpl.onMessage(ChannelInternalImpl.java:525)
	at com.google.net.webchannel.server.v8.ForwardChannel.deliverMessage(ForwardChannel.java:115)
	at com.google.net.webchannel.server.v8.ForwardChannel.processPendingRequest(ForwardChannel.java:94)
	at com.google.net.webchannel.server.v8.ForwardChannel.consume(ForwardChannel.java:68)
	at com.google.net.webchannel.server.v8.ForwardChannel.add(ForwardChannel.java:61)
	at com.google.net.webchannel.server.v8.ChannelInternalImpl.handleRequestBody(ChannelInternalImpl.java:290)
	at com.google.net.webchannel.server.v8.ChannelInternalImpl.processSessionRequest(ChannelInternalImpl.java:357)
	at com.google.net.webchannel.server.v8.ChannelInternalImpl.handle(ChannelInternalImpl.java:172)
	at com.google.net.webchannel.server.v8.ChannelInternalImpl.consume(ChannelInternalImpl.java:91)
	at com.google.net.webchannel.server.common.ChannelProcessor.run(ChannelProcessor.java:85)

Aug 08, 2026 4:24:29 PM io.gapi.emulators.netty.HttpVersionRoutingHandler channelRead
INFO: Detected non-HTTP/2 connection.
Aug 08, 2026 4:24:29 PM io.gapi.emulators.netty.HttpVersionRoutingHandler channelRead
INFO: Detected non-HTTP/2 connection.
Aug 08, 2026 4:24:29 PM io.gapi.emulators.netty.HttpVersionRoutingHandler channelRead
INFO: Detected non-HTTP/2 connection.
Aug 08, 2026 4:24:29 PM com.google.cloud.datastore.emulator.impl.util.WrappedStreamObserver onError
WARNING: Operation failed: 
false for 'create' @ L28
com.google.cloud.datastore.core.exception.DatastoreException: 
false for 'create' @ L28
	at com.google.cloud.datastore.core.exception.DatastoreException$Builder.build(DatastoreException.java:152)
	at com.google.cloud.datastore.emulator.impl.rules.DefaultEmulatorRulesAuthorizer.verboseError(DefaultEmulatorRulesAuthorizer.java:349)
	at com.google.cloud.datastore.emulator.impl.rules.DefaultEmulatorRulesAuthorizer.withVerboseErrors(DefaultEmulatorRulesAuthorizer.java:326)
	at com.google.cloud.datastore.emulator.impl.rules.DefaultEmulatorRulesAuthorizer.checkCommit(DefaultEmulatorRulesAuthorizer.java:113)
	at com.google.cloud.datastore.emulator.impl.firestore.FirestoreEmulatorHelper.commitHelper(FirestoreEmulatorHelper.java:407)
	at com.google.cloud.datastore.emulator.impl.firestore.FirestoreEmulatorHelper.internalCommit(FirestoreEmulatorHelper.java:348)
	at com.google.cloud.datastore.emulator.impl.firestore.CloudFirestoreV1.internalCommit(CloudFirestoreV1.java:1336)
	at com.google.cloud.datastore.emulator.impl.firestore.CloudFirestoreV1.write(CloudFirestoreV1.java:1321)
	at com.google.cloud.datastore.emulator.impl.firestore.CloudFirestoreV1WriteStream.handleRequest(CloudFirestoreV1WriteStream.java:222)
	at com.google.cloud.datastore.emulator.impl.firestore.CloudFirestoreV1WriteStream.write(CloudFirestoreV1WriteStream.java:144)
	at com.google.cloud.datastore.emulator.impl.firestore.CloudFirestoreV1WriteStream.onNext(CloudFirestoreV1WriteStream.java:99)
	at com.google.cloud.datastore.emulator.impl.firestore.CloudFirestoreV1WriteStream.onNext(CloudFirestoreV1WriteStream.java:27)
	at com.google.cloud.datastore.emulator.firestore.webchannel.FirestoreV1WebChannelAdapter$FirestoreWriteHandler.onMessage(FirestoreV1WebChannelAdapter.java:160)
	at com.google.cloud.datastore.emulator.firestore.webchannel.FirestoreV1WebChannelAdapter$FirestoreWriteHandler.onMessage(FirestoreV1WebChannelAdapter.java:130)
	at com.google.net.webchannel.server.v8.ChannelInternalImpl.onMessage(ChannelInternalImpl.java:525)
	at com.google.net.webchannel.server.v8.ForwardChannel.deliverMessage(ForwardChannel.java:115)
	at com.google.net.webchannel.server.v8.ForwardChannel.processPendingRequest(ForwardChannel.java:94)
	at com.google.net.webchannel.server.v8.ForwardChannel.consume(ForwardChannel.java:68)
	at com.google.net.webchannel.server.v8.ForwardChannel.add(ForwardChannel.java:61)
	at com.google.net.webchannel.server.v8.ChannelInternalImpl.handleRequestBody(ChannelInternalImpl.java:290)
	at com.google.net.webchannel.server.v8.ChannelInternalImpl.processSessionRequest(ChannelInternalImpl.java:357)
	at com.google.net.webchannel.server.v8.ChannelInternalImpl.handle(ChannelInternalImpl.java:172)
	at com.google.net.webchannel.server.v8.ChannelInternalImpl.consume(ChannelInternalImpl.java:91)
	at com.google.net.webchannel.server.common.ChannelProcessor.run(ChannelProcessor.java:85)

Aug 08, 2026 4:24:29 PM io.gapi.emulators.netty.HttpVersionRoutingHandler channelRead
INFO: Detected non-HTTP/2 connection.
Aug 08, 2026 4:24:29 PM com.google.cloud.datastore.emulator.firestore.webchannel.FirestoreV1WebChannelAdapter$FirestoreWriteHandler onClose
INFO: channel closed
Aug 08, 2026 4:24:30 PM io.gapi.emulators.netty.HttpVersionRoutingHandler channelRead
INFO: Detected non-HTTP/2 connection.
Aug 08, 2026 4:24:30 PM com.google.cloud.datastore.emulator.firestore.webchannel.FirestoreV1WebChannelAdapter$FirestoreWriteHandler onClose
INFO: channel closed
Aug 08, 2026 4:25:31 PM io.gapi.emulators.netty.HttpVersionRoutingHandler channelRead
INFO: Detected non-HTTP/2 connection.
Aug 08, 2026 4:25:34 PM io.gapi.emulators.netty.HttpVersionRoutingHandler channelRead
INFO: Detected non-HTTP/2 connection.
Aug 08, 2026 4:26:31 PM io.gapi.emulators.netty.HttpVersionRoutingHandler channelRead
INFO: Detected non-HTTP/2 connection.
Aug 08, 2026 4:26:34 PM io.gapi.emulators.netty.HttpVersionRoutingHandler channelRead
INFO: Detected non-HTTP/2 connection.
Aug 08, 2026 4:27:31 PM io.gapi.emulators.netty.HttpVersionRoutingHandler channelRead
INFO: Detected non-HTTP/2 connection.
Aug 08, 2026 4:27:34 PM io.gapi.emulators.netty.HttpVersionRoutingHandler channelRead
INFO: Detected non-HTTP/2 connection.
Aug 08, 2026 4:28:32 PM io.gapi.emulators.netty.HttpVersionRoutingHandler channelRead
INFO: Detected non-HTTP/2 connection.
Aug 08, 2026 4:28:35 PM io.gapi.emulators.netty.HttpVersionRoutingHandler channelRead
INFO: Detected non-HTTP/2 connection.
Aug 08, 2026 4:29:32 PM io.gapi.emulators.netty.HttpVersionRoutingHandler channelRead
INFO: Detected non-HTTP/2 connection.
Aug 08, 2026 4:29:35 PM io.gapi.emulators.netty.HttpVersionRoutingHandler channelRead
INFO: Detected non-HTTP/2 connection.
Aug 08, 2026 4:30:32 PM io.gapi.emulators.netty.HttpVersionRoutingHandler channelRead
INFO: Detected non-HTTP/2 connection.
Aug 08, 2026 4:30:35 PM io.gapi.emulators.netty.HttpVersionRoutingHandler channelRead
INFO: Detected non-HTTP/2 connection.
Aug 08, 2026 4:31:33 PM io.gapi.emulators.netty.HttpVersionRoutingHandler channelRead
INFO: Detected non-HTTP/2 connection.
Aug 08, 2026 4:31:36 PM io.gapi.emulators.netty.HttpVersionRoutingHandler channelRead
INFO: Detected non-HTTP/2 connection.
Aug 08, 2026 4:31:50 PM io.gapi.emulators.netty.HttpVersionRoutingHandler channelRead
INFO: Detected non-HTTP/2 connection.
Aug 08, 2026 4:31:50 PM io.gapi.emulators.netty.HttpVersionRoutingHandler channelRead
INFO: Detected non-HTTP/2 connection.
Aug 08, 2026 4:32:20 PM io.gapi.emulators.netty.HttpVersionRoutingHandler channelRead
INFO: Detected non-HTTP/2 connection.
Aug 08, 2026 4:32:22 PM io.gapi.emulators.netty.HttpVersionRoutingHandler channelRead
INFO: Detected non-HTTP/2 connection.
Aug 08, 2026 4:32:58 PM io.gapi.emulators.netty.HttpVersionRoutingHandler channelRead
INFO: Detected non-HTTP/2 connection.
Aug 08, 2026 4:32:59 PM io.gapi.emulators.netty.HttpVersionRoutingHandler channelRead
INFO: Detected non-HTTP/2 connection.
Aug 08, 2026 4:32:59 PM io.gapi.emulators.netty.HttpVersionRoutingHandler channelRead
INFO: Detected non-HTTP/2 connection.
Aug 08, 2026 4:32:59 PM io.gapi.emulators.netty.HttpVersionRoutingHandler channelRead
INFO: Detected non-HTTP/2 connection.
Aug 08, 2026 4:32:59 PM io.gapi.emulators.netty.HttpVersionRoutingHandler channelRead
INFO: Detected non-HTTP/2 connection.
Aug 08, 2026 4:32:59 PM io.gapi.emulators.netty.HttpVersionRoutingHandler channelRead
INFO: Detected non-HTTP/2 connection.
Aug 08, 2026 4:32:59 PM io.gapi.emulators.netty.HttpVersionRoutingHandler channelRead
INFO: Detected non-HTTP/2 connection.
Aug 08, 2026 4:33:00 PM io.gapi.emulators.netty.HttpVersionRoutingHandler channelRead
INFO: Detected non-HTTP/2 connection.
Aug 08, 2026 4:33:00 PM io.gapi.emulators.netty.HttpVersionRoutingHandler channelRead
INFO: Detected non-HTTP/2 connection.
Aug 08, 2026 4:33:00 PM com.google.cloud.datastore.emulator.impl.util.WrappedStreamObserver onError
WARNING: Operation failed: No matching allow statements
com.google.cloud.datastore.core.exception.DatastoreException: No matching allow statements
	at com.google.cloud.datastore.core.exception.DatastoreException$Builder.build(DatastoreException.java:152)
	at com.google.cloud.datastore.emulator.impl.rules.DefaultEmulatorRulesAuthorizer.verboseError(DefaultEmulatorRulesAuthorizer.java:349)
	at com.google.cloud.datastore.emulator.impl.rules.DefaultEmulatorRulesAuthorizer.withVerboseErrors(DefaultEmulatorRulesAuthorizer.java:326)
	at com.google.cloud.datastore.emulator.impl.rules.DefaultEmulatorRulesAuthorizer.checkCommit(DefaultEmulatorRulesAuthorizer.java:113)
	at com.google.cloud.datastore.emulator.impl.firestore.FirestoreEmulatorHelper.commitHelper(FirestoreEmulatorHelper.java:407)
	at com.google.cloud.datastore.emulator.impl.firestore.FirestoreEmulatorHelper.internalCommit(FirestoreEmulatorHelper.java:348)
	at com.google.cloud.datastore.emulator.impl.firestore.CloudFirestoreV1.internalCommit(CloudFirestoreV1.java:1336)
	at com.google.cloud.datastore.emulator.impl.firestore.CloudFirestoreV1.write(CloudFirestoreV1.java:1321)
	at com.google.cloud.datastore.emulator.impl.firestore.CloudFirestoreV1WriteStream.handleRequest(CloudFirestoreV1WriteStream.java:222)
	at com.google.cloud.datastore.emulator.impl.firestore.CloudFirestoreV1WriteStream.write(CloudFirestoreV1WriteStream.java:144)
	at com.google.cloud.datastore.emulator.impl.firestore.CloudFirestoreV1WriteStream.onNext(CloudFirestoreV1WriteStream.java:99)
	at com.google.cloud.datastore.emulator.impl.firestore.CloudFirestoreV1WriteStream.onNext(CloudFirestoreV1WriteStream.java:27)
	at com.google.cloud.datastore.emulator.firestore.webchannel.FirestoreV1WebChannelAdapter$FirestoreWriteHandler.onMessage(FirestoreV1WebChannelAdapter.java:160)
	at com.google.cloud.datastore.emulator.firestore.webchannel.FirestoreV1WebChannelAdapter$FirestoreWriteHandler.onMessage(FirestoreV1WebChannelAdapter.java:130)
	at com.google.net.webchannel.server.v8.ChannelInternalImpl.onMessage(ChannelInternalImpl.java:525)
	at com.google.net.webchannel.server.v8.ForwardChannel.deliverMessage(ForwardChannel.java:115)
	at com.google.net.webchannel.server.v8.ForwardChannel.processPendingRequest(ForwardChannel.java:94)
	at com.google.net.webchannel.server.v8.ForwardChannel.consume(ForwardChannel.java:68)
	at com.google.net.webchannel.server.v8.ForwardChannel.add(ForwardChannel.java:61)
	at com.google.net.webchannel.server.v8.ChannelInternalImpl.handleRequestBody(ChannelInternalImpl.java:290)
	at com.google.net.webchannel.server.v8.ChannelInternalImpl.processSessionRequest(ChannelInternalImpl.java:357)
	at com.google.net.webchannel.server.v8.ChannelInternalImpl.handle(ChannelInternalImpl.java:172)
	at com.google.net.webchannel.server.v8.ChannelInternalImpl.consume(ChannelInternalImpl.java:91)
	at com.google.net.webchannel.server.common.ChannelProcessor.run(ChannelProcessor.java:85)

Aug 08, 2026 4:33:00 PM io.gapi.emulators.netty.HttpVersionRoutingHandler channelRead
INFO: Detected non-HTTP/2 connection.
Aug 08, 2026 4:33:00 PM com.google.cloud.datastore.emulator.firestore.webchannel.FirestoreV1WebChannelAdapter$FirestoreWriteHandler onClose
INFO: channel closed
Aug 08, 2026 4:33:04 PM io.gapi.emulators.netty.HttpVersionRoutingHandler channelRead
INFO: Detected non-HTTP/2 connection.
Aug 08, 2026 4:33:04 PM io.gapi.emulators.netty.HttpVersionRoutingHandler channelRead
INFO: Detected non-HTTP/2 connection.
Aug 08, 2026 4:33:04 PM io.gapi.emulators.netty.HttpVersionRoutingHandler channelRead
INFO: Detected non-HTTP/2 connection.
Aug 08, 2026 4:33:04 PM io.gapi.emulators.netty.HttpVersionRoutingHandler channelRead
INFO: Detected non-HTTP/2 connection.
Aug 08, 2026 4:33:04 PM io.gapi.emulators.netty.HttpVersionRoutingHandler channelRead
INFO: Detected non-HTTP/2 connection.
Aug 08, 2026 4:33:04 PM io.gapi.emulators.netty.HttpVersionRoutingHandler channelRead
INFO: Detected non-HTTP/2 connection.
Aug 08, 2026 4:33:04 PM com.google.cloud.datastore.emulator.impl.util.WrappedStreamObserver onError
WARNING: Operation failed: No matching allow statements
com.google.cloud.datastore.core.exception.DatastoreException: No matching allow statements
	at com.google.cloud.datastore.core.exception.DatastoreException$Builder.build(DatastoreException.java:152)
	at com.google.cloud.datastore.emulator.impl.rules.DefaultEmulatorRulesAuthorizer.verboseError(DefaultEmulatorRulesAuthorizer.java:349)
	at com.google.cloud.datastore.emulator.impl.rules.DefaultEmulatorRulesAuthorizer.withVerboseErrors(DefaultEmulatorRulesAuthorizer.java:326)
	at com.google.cloud.datastore.emulator.impl.rules.DefaultEmulatorRulesAuthorizer.checkCommit(DefaultEmulatorRulesAuthorizer.java:113)
	at com.google.cloud.datastore.emulator.impl.firestore.FirestoreEmulatorHelper.commitHelper(FirestoreEmulatorHelper.java:407)
	at com.google.cloud.datastore.emulator.impl.firestore.FirestoreEmulatorHelper.internalCommit(FirestoreEmulatorHelper.java:348)
	at com.google.cloud.datastore.emulator.impl.firestore.CloudFirestoreV1.internalCommit(CloudFirestoreV1.java:1336)
	at com.google.cloud.datastore.emulator.impl.firestore.CloudFirestoreV1.write(CloudFirestoreV1.java:1321)
	at com.google.cloud.datastore.emulator.impl.firestore.CloudFirestoreV1WriteStream.handleRequest(CloudFirestoreV1WriteStream.java:222)
	at com.google.cloud.datastore.emulator.impl.firestore.CloudFirestoreV1WriteStream.write(CloudFirestoreV1WriteStream.java:144)
	at com.google.cloud.datastore.emulator.impl.firestore.CloudFirestoreV1WriteStream.onNext(CloudFirestoreV1WriteStream.java:99)
	at com.google.cloud.datastore.emulator.impl.firestore.CloudFirestoreV1WriteStream.onNext(CloudFirestoreV1WriteStream.java:27)
	at com.google.cloud.datastore.emulator.firestore.webchannel.FirestoreV1WebChannelAdapter$FirestoreWriteHandler.onMessage(FirestoreV1WebChannelAdapter.java:160)
	at com.google.cloud.datastore.emulator.firestore.webchannel.FirestoreV1WebChannelAdapter$FirestoreWriteHandler.onMessage(FirestoreV1WebChannelAdapter.java:130)
	at com.google.net.webchannel.server.v8.ChannelInternalImpl.onMessage(ChannelInternalImpl.java:525)
	at com.google.net.webchannel.server.v8.ForwardChannel.deliverMessage(ForwardChannel.java:115)
	at com.google.net.webchannel.server.v8.ForwardChannel.processPendingRequest(ForwardChannel.java:94)
	at com.google.net.webchannel.server.v8.ForwardChannel.consume(ForwardChannel.java:68)
	at com.google.net.webchannel.server.v8.ForwardChannel.add(ForwardChannel.java:61)
	at com.google.net.webchannel.server.v8.ChannelInternalImpl.handleRequestBody(ChannelInternalImpl.java:290)
	at com.google.net.webchannel.server.v8.ChannelInternalImpl.processSessionRequest(ChannelInternalImpl.java:357)
	at com.google.net.webchannel.server.v8.ChannelInternalImpl.handle(ChannelInternalImpl.java:172)
	at com.google.net.webchannel.server.v8.ChannelInternalImpl.consume(ChannelInternalImpl.java:91)
	at com.google.net.webchannel.server.common.ChannelProcessor.run(ChannelProcessor.java:85)

Aug 08, 2026 4:33:05 PM io.gapi.emulators.netty.HttpVersionRoutingHandler channelRead
INFO: Detected non-HTTP/2 connection.
Aug 08, 2026 4:33:05 PM io.gapi.emulators.netty.HttpVersionRoutingHandler channelRead
INFO: Detected non-HTTP/2 connection.
Aug 08, 2026 4:33:05 PM com.google.cloud.datastore.emulator.firestore.webchannel.FirestoreV1WebChannelAdapter$FirestoreWriteHandler onClose
INFO: channel closed
Aug 08, 2026 4:33:05 PM com.google.cloud.datastore.emulator.impl.util.WrappedStreamObserver onError
WARNING: Operation failed: No matching allow statements
com.google.cloud.datastore.core.exception.DatastoreException: No matching allow statements
	at com.google.cloud.datastore.core.exception.DatastoreException$Builder.build(DatastoreException.java:152)
	at com.google.cloud.datastore.emulator.impl.rules.DefaultEmulatorRulesAuthorizer.verboseError(DefaultEmulatorRulesAuthorizer.java:349)
	at com.google.cloud.datastore.emulator.impl.rules.DefaultEmulatorRulesAuthorizer.withVerboseErrors(DefaultEmulatorRulesAuthorizer.java:326)
	at com.google.cloud.datastore.emulator.impl.rules.DefaultEmulatorRulesAuthorizer.checkCommit(DefaultEmulatorRulesAuthorizer.java:113)
	at com.google.cloud.datastore.emulator.impl.firestore.FirestoreEmulatorHelper.commitHelper(FirestoreEmulatorHelper.java:407)
	at com.google.cloud.datastore.emulator.impl.firestore.FirestoreEmulatorHelper.internalCommit(FirestoreEmulatorHelper.java:348)
	at com.google.cloud.datastore.emulator.impl.firestore.CloudFirestoreV1.internalCommit(CloudFirestoreV1.java:1336)
	at com.google.cloud.datastore.emulator.impl.firestore.CloudFirestoreV1.write(CloudFirestoreV1.java:1321)
	at com.google.cloud.datastore.emulator.impl.firestore.CloudFirestoreV1WriteStream.handleRequest(CloudFirestoreV1WriteStream.java:222)
	at com.google.cloud.datastore.emulator.impl.firestore.CloudFirestoreV1WriteStream.write(CloudFirestoreV1WriteStream.java:144)
	at com.google.cloud.datastore.emulator.impl.firestore.CloudFirestoreV1WriteStream.onNext(CloudFirestoreV1WriteStream.java:99)
	at com.google.cloud.datastore.emulator.impl.firestore.CloudFirestoreV1WriteStream.onNext(CloudFirestoreV1WriteStream.java:27)
	at com.google.cloud.datastore.emulator.firestore.webchannel.FirestoreV1WebChannelAdapter$FirestoreWriteHandler.onMessage(FirestoreV1WebChannelAdapter.java:160)
	at com.google.cloud.datastore.emulator.firestore.webchannel.FirestoreV1WebChannelAdapter$FirestoreWriteHandler.onMessage(FirestoreV1WebChannelAdapter.java:130)
	at com.google.net.webchannel.server.v8.ChannelInternalImpl.onMessage(ChannelInternalImpl.java:525)
	at com.google.net.webchannel.server.v8.ForwardChannel.deliverMessage(ForwardChannel.java:115)
	at com.google.net.webchannel.server.v8.ForwardChannel.processPendingRequest(ForwardChannel.java:94)
	at com.google.net.webchannel.server.v8.ForwardChannel.consume(ForwardChannel.java:68)
	at com.google.net.webchannel.server.v8.ForwardChannel.add(ForwardChannel.java:61)
	at com.google.net.webchannel.server.v8.ChannelInternalImpl.handleRequestBody(ChannelInternalImpl.java:290)
	at com.google.net.webchannel.server.v8.ChannelInternalImpl.processSessionRequest(ChannelInternalImpl.java:357)
	at com.google.net.webchannel.server.v8.ChannelInternalImpl.handle(ChannelInternalImpl.java:172)
	at com.google.net.webchannel.server.v8.ChannelInternalImpl.consume(ChannelInternalImpl.java:91)
	at com.google.net.webchannel.server.common.ChannelProcessor.run(ChannelProcessor.java:85)

Aug 08, 2026 4:33:05 PM io.gapi.emulators.netty.HttpVersionRoutingHandler channelRead
INFO: Detected non-HTTP/2 connection.
Aug 08, 2026 4:33:05 PM com.google.cloud.datastore.emulator.firestore.webchannel.FirestoreV1WebChannelAdapter$FirestoreWriteHandler onClose
INFO: channel closed
Aug 08, 2026 4:33:07 PM io.gapi.emulators.netty.HttpVersionRoutingHandler channelRead
INFO: Detected non-HTTP/2 connection.
Aug 08, 2026 4:33:09 PM io.gapi.emulators.netty.HttpVersionRoutingHandler channelRead
INFO: Detected non-HTTP/2 connection.
Aug 08, 2026 4:33:09 PM io.gapi.emulators.netty.HttpVersionRoutingHandler channelRead
INFO: Detected non-HTTP/2 connection.
Aug 08, 2026 4:33:10 PM io.gapi.emulators.netty.HttpVersionRoutingHandler channelRead
INFO: Detected non-HTTP/2 connection.
Aug 08, 2026 4:33:10 PM com.google.cloud.datastore.emulator.impl.util.WrappedStreamObserver onError
WARNING: Operation failed: No matching allow statements
com.google.cloud.datastore.core.exception.DatastoreException: No matching allow statements
	at com.google.cloud.datastore.core.exception.DatastoreException$Builder.build(DatastoreException.java:152)
	at com.google.cloud.datastore.emulator.impl.rules.DefaultEmulatorRulesAuthorizer.verboseError(DefaultEmulatorRulesAuthorizer.java:349)
	at com.google.cloud.datastore.emulator.impl.rules.DefaultEmulatorRulesAuthorizer.withVerboseErrors(DefaultEmulatorRulesAuthorizer.java:326)
	at com.google.cloud.datastore.emulator.impl.rules.DefaultEmulatorRulesAuthorizer.checkCommit(DefaultEmulatorRulesAuthorizer.java:113)
	at com.google.cloud.datastore.emulator.impl.firestore.FirestoreEmulatorHelper.commitHelper(FirestoreEmulatorHelper.java:407)
	at com.google.cloud.datastore.emulator.impl.firestore.FirestoreEmulatorHelper.internalCommit(FirestoreEmulatorHelper.java:348)
	at com.google.cloud.datastore.emulator.impl.firestore.CloudFirestoreV1.internalCommit(CloudFirestoreV1.java:1336)
	at com.google.cloud.datastore.emulator.impl.firestore.CloudFirestoreV1.write(CloudFirestoreV1.java:1321)
	at com.google.cloud.datastore.emulator.impl.firestore.CloudFirestoreV1WriteStream.handleRequest(CloudFirestoreV1WriteStream.java:222)
	at com.google.cloud.datastore.emulator.impl.firestore.CloudFirestoreV1WriteStream.write(CloudFirestoreV1WriteStream.java:144)
	at com.google.cloud.datastore.emulator.impl.firestore.CloudFirestoreV1WriteStream.onNext(CloudFirestoreV1WriteStream.java:99)
	at com.google.cloud.datastore.emulator.impl.firestore.CloudFirestoreV1WriteStream.onNext(CloudFirestoreV1WriteStream.java:27)
	at com.google.cloud.datastore.emulator.firestore.webchannel.FirestoreV1WebChannelAdapter$FirestoreWriteHandler.onMessage(FirestoreV1WebChannelAdapter.java:160)
	at com.google.cloud.datastore.emulator.firestore.webchannel.FirestoreV1WebChannelAdapter$FirestoreWriteHandler.onMessage(FirestoreV1WebChannelAdapter.java:130)
	at com.google.net.webchannel.server.v8.ChannelInternalImpl.onMessage(ChannelInternalImpl.java:525)
	at com.google.net.webchannel.server.v8.ForwardChannel.deliverMessage(ForwardChannel.java:115)
	at com.google.net.webchannel.server.v8.ForwardChannel.processPendingRequest(ForwardChannel.java:94)
	at com.google.net.webchannel.server.v8.ForwardChannel.consume(ForwardChannel.java:68)
	at com.google.net.webchannel.server.v8.ForwardChannel.add(ForwardChannel.java:61)
	at com.google.net.webchannel.server.v8.ChannelInternalImpl.handleRequestBody(ChannelInternalImpl.java:290)
	at com.google.net.webchannel.server.v8.ChannelInternalImpl.processSessionRequest(ChannelInternalImpl.java:357)
	at com.google.net.webchannel.server.v8.ChannelInternalImpl.handle(ChannelInternalImpl.java:172)
	at com.google.net.webchannel.server.v8.ChannelInternalImpl.consume(ChannelInternalImpl.java:91)
	at com.google.net.webchannel.server.common.ChannelProcessor.run(ChannelProcessor.java:85)

Aug 08, 2026 4:33:10 PM io.gapi.emulators.netty.HttpVersionRoutingHandler channelRead
INFO: Detected non-HTTP/2 connection.
Aug 08, 2026 4:33:10 PM com.google.cloud.datastore.emulator.firestore.webchannel.FirestoreV1WebChannelAdapter$FirestoreWriteHandler onClose
INFO: channel closed
Aug 08, 2026 4:33:17 PM io.gapi.emulators.netty.HttpVersionRoutingHandler channelRead
INFO: Detected non-HTTP/2 connection.
Aug 08, 2026 4:33:17 PM io.gapi.emulators.netty.HttpVersionRoutingHandler channelRead
INFO: Detected non-HTTP/2 connection.
Aug 08, 2026 4:33:17 PM io.gapi.emulators.netty.HttpVersionRoutingHandler channelRead
INFO: Detected non-HTTP/2 connection.
Aug 08, 2026 4:33:17 PM com.google.cloud.datastore.emulator.impl.util.WrappedStreamObserver onError
WARNING: Operation failed: No matching allow statements
com.google.cloud.datastore.core.exception.DatastoreException: No matching allow statements
	at com.google.cloud.datastore.core.exception.DatastoreException$Builder.build(DatastoreException.java:152)
	at com.google.cloud.datastore.emulator.impl.rules.DefaultEmulatorRulesAuthorizer.verboseError(DefaultEmulatorRulesAuthorizer.java:349)
	at com.google.cloud.datastore.emulator.impl.rules.DefaultEmulatorRulesAuthorizer.withVerboseErrors(DefaultEmulatorRulesAuthorizer.java:326)
	at com.google.cloud.datastore.emulator.impl.rules.DefaultEmulatorRulesAuthorizer.checkCommit(DefaultEmulatorRulesAuthorizer.java:113)
	at com.google.cloud.datastore.emulator.impl.firestore.FirestoreEmulatorHelper.commitHelper(FirestoreEmulatorHelper.java:407)
	at com.google.cloud.datastore.emulator.impl.firestore.FirestoreEmulatorHelper.internalCommit(FirestoreEmulatorHelper.java:348)
	at com.google.cloud.datastore.emulator.impl.firestore.CloudFirestoreV1.internalCommit(CloudFirestoreV1.java:1336)
	at com.google.cloud.datastore.emulator.impl.firestore.CloudFirestoreV1.write(CloudFirestoreV1.java:1321)
	at com.google.cloud.datastore.emulator.impl.firestore.CloudFirestoreV1WriteStream.handleRequest(CloudFirestoreV1WriteStream.java:222)
	at com.google.cloud.datastore.emulator.impl.firestore.CloudFirestoreV1WriteStream.write(CloudFirestoreV1WriteStream.java:144)
	at com.google.cloud.datastore.emulator.impl.firestore.CloudFirestoreV1WriteStream.onNext(CloudFirestoreV1WriteStream.java:99)
	at com.google.cloud.datastore.emulator.impl.firestore.CloudFirestoreV1WriteStream.onNext(CloudFirestoreV1WriteStream.java:27)
	at com.google.cloud.datastore.emulator.firestore.webchannel.FirestoreV1WebChannelAdapter$FirestoreWriteHandler.onMessage(FirestoreV1WebChannelAdapter.java:160)
	at com.google.cloud.datastore.emulator.firestore.webchannel.FirestoreV1WebChannelAdapter$FirestoreWriteHandler.onMessage(FirestoreV1WebChannelAdapter.java:130)
	at com.google.net.webchannel.server.v8.ChannelInternalImpl.onMessage(ChannelInternalImpl.java:525)
	at com.google.net.webchannel.server.v8.ForwardChannel.deliverMessage(ForwardChannel.java:115)
	at com.google.net.webchannel.server.v8.ForwardChannel.processPendingRequest(ForwardChannel.java:94)
	at com.google.net.webchannel.server.v8.ForwardChannel.consume(ForwardChannel.java:68)
	at com.google.net.webchannel.server.v8.ForwardChannel.add(ForwardChannel.java:61)
	at com.google.net.webchannel.server.v8.ChannelInternalImpl.handleRequestBody(ChannelInternalImpl.java:290)
	at com.google.net.webchannel.server.v8.ChannelInternalImpl.processSessionRequest(ChannelInternalImpl.java:357)
	at com.google.net.webchannel.server.v8.ChannelInternalImpl.handle(ChannelInternalImpl.java:172)
	at com.google.net.webchannel.server.v8.ChannelInternalImpl.consume(ChannelInternalImpl.java:91)
	at com.google.net.webchannel.server.common.ChannelProcessor.run(ChannelProcessor.java:85)

Aug 08, 2026 4:33:17 PM com.google.cloud.datastore.emulator.impl.util.WrappedStreamObserver onError
WARNING: Operation failed: No matching allow statements
com.google.cloud.datastore.core.exception.DatastoreException: No matching allow statements
	at com.google.cloud.datastore.core.exception.DatastoreException$Builder.build(DatastoreException.java:152)
	at com.google.cloud.datastore.emulator.impl.rules.DefaultEmulatorRulesAuthorizer.verboseError(DefaultEmulatorRulesAuthorizer.java:349)
	at com.google.cloud.datastore.emulator.impl.rules.DefaultEmulatorRulesAuthorizer.withVerboseErrors(DefaultEmulatorRulesAuthorizer.java:326)
	at com.google.cloud.datastore.emulator.impl.rules.DefaultEmulatorRulesAuthorizer.checkCommit(DefaultEmulatorRulesAuthorizer.java:113)
	at com.google.cloud.datastore.emulator.impl.firestore.FirestoreEmulatorHelper.commitHelper(FirestoreEmulatorHelper.java:407)
	at com.google.cloud.datastore.emulator.impl.firestore.FirestoreEmulatorHelper.internalCommit(FirestoreEmulatorHelper.java:348)
	at com.google.cloud.datastore.emulator.impl.firestore.CloudFirestoreV1.internalCommit(CloudFirestoreV1.java:1336)
	at com.google.cloud.datastore.emulator.impl.firestore.CloudFirestoreV1.write(CloudFirestoreV1.java:1321)
	at com.google.cloud.datastore.emulator.impl.firestore.CloudFirestoreV1WriteStream.handleRequest(CloudFirestoreV1WriteStream.java:222)
	at com.google.cloud.datastore.emulator.impl.firestore.CloudFirestoreV1WriteStream.write(CloudFirestoreV1WriteStream.java:144)
	at com.google.cloud.datastore.emulator.impl.firestore.CloudFirestoreV1WriteStream.onNext(CloudFirestoreV1WriteStream.java:99)
	at com.google.cloud.datastore.emulator.impl.firestore.CloudFirestoreV1WriteStream.onNext(CloudFirestoreV1WriteStream.java:27)
	at com.google.cloud.datastore.emulator.firestore.webchannel.FirestoreV1WebChannelAdapter$FirestoreWriteHandler.onMessage(FirestoreV1WebChannelAdapter.java:160)
	at com.google.cloud.datastore.emulator.firestore.webchannel.FirestoreV1WebChannelAdapter$FirestoreWriteHandler.onMessage(FirestoreV1WebChannelAdapter.java:130)
	at com.google.net.webchannel.server.v8.ChannelInternalImpl.onMessage(ChannelInternalImpl.java:525)
	at com.google.net.webchannel.server.v8.ForwardChannel.deliverMessage(ForwardChannel.java:115)
	at com.google.net.webchannel.server.v8.ForwardChannel.processPendingRequest(ForwardChannel.java:94)
	at com.google.net.webchannel.server.v8.ForwardChannel.consume(ForwardChannel.java:68)
	at com.google.net.webchannel.server.v8.ForwardChannel.add(ForwardChannel.java:61)
	at com.google.net.webchannel.server.v8.ChannelInternalImpl.handleRequestBody(ChannelInternalImpl.java:290)
	at com.google.net.webchannel.server.v8.ChannelInternalImpl.processSessionRequest(ChannelInternalImpl.java:357)
	at com.google.net.webchannel.server.v8.ChannelInternalImpl.handle(ChannelInternalImpl.java:172)
	at com.google.net.webchannel.server.v8.ChannelInternalImpl.consume(ChannelInternalImpl.java:91)
	at com.google.net.webchannel.server.common.ChannelProcessor.run(ChannelProcessor.java:85)

Aug 08, 2026 4:33:18 PM io.gapi.emulators.netty.HttpVersionRoutingHandler channelRead
INFO: Detected non-HTTP/2 connection.
Aug 08, 2026 4:33:18 PM io.gapi.emulators.netty.HttpVersionRoutingHandler channelRead
INFO: Detected non-HTTP/2 connection.
Aug 08, 2026 4:33:18 PM com.google.cloud.datastore.emulator.firestore.webchannel.FirestoreV1WebChannelAdapter$FirestoreWriteHandler onClose
INFO: channel closed
Aug 08, 2026 4:33:18 PM io.gapi.emulators.netty.HttpVersionRoutingHandler channelRead
INFO: Detected non-HTTP/2 connection.
Aug 08, 2026 4:33:18 PM io.gapi.emulators.netty.HttpVersionRoutingHandler channelRead
INFO: Detected non-HTTP/2 connection.
Aug 08, 2026 4:33:18 PM com.google.cloud.datastore.emulator.impl.util.WrappedStreamObserver onError
WARNING: Operation failed: No matching allow statements
com.google.cloud.datastore.core.exception.DatastoreException: No matching allow statements
	at com.google.cloud.datastore.core.exception.DatastoreException$Builder.build(DatastoreException.java:152)
	at com.google.cloud.datastore.emulator.impl.rules.DefaultEmulatorRulesAuthorizer.verboseError(DefaultEmulatorRulesAuthorizer.java:349)
	at com.google.cloud.datastore.emulator.impl.rules.DefaultEmulatorRulesAuthorizer.withVerboseErrors(DefaultEmulatorRulesAuthorizer.java:326)
	at com.google.cloud.datastore.emulator.impl.rules.DefaultEmulatorRulesAuthorizer.checkCommit(DefaultEmulatorRulesAuthorizer.java:113)
	at com.google.cloud.datastore.emulator.impl.firestore.FirestoreEmulatorHelper.commitHelper(FirestoreEmulatorHelper.java:407)
	at com.google.cloud.datastore.emulator.impl.firestore.FirestoreEmulatorHelper.internalCommit(FirestoreEmulatorHelper.java:348)
	at com.google.cloud.datastore.emulator.impl.firestore.CloudFirestoreV1.internalCommit(CloudFirestoreV1.java:1336)
	at com.google.cloud.datastore.emulator.impl.firestore.CloudFirestoreV1.write(CloudFirestoreV1.java:1321)
	at com.google.cloud.datastore.emulator.impl.firestore.CloudFirestoreV1WriteStream.handleRequest(CloudFirestoreV1WriteStream.java:222)
	at com.google.cloud.datastore.emulator.impl.firestore.CloudFirestoreV1WriteStream.write(CloudFirestoreV1WriteStream.java:144)
	at com.google.cloud.datastore.emulator.impl.firestore.CloudFirestoreV1WriteStream.onNext(CloudFirestoreV1WriteStream.java:99)
	at com.google.cloud.datastore.emulator.impl.firestore.CloudFirestoreV1WriteStream.onNext(CloudFirestoreV1WriteStream.java:27)
	at com.google.cloud.datastore.emulator.firestore.webchannel.FirestoreV1WebChannelAdapter$FirestoreWriteHandler.onMessage(FirestoreV1WebChannelAdapter.java:160)
	at com.google.cloud.datastore.emulator.firestore.webchannel.FirestoreV1WebChannelAdapter$FirestoreWriteHandler.onMessage(FirestoreV1WebChannelAdapter.java:130)
	at com.google.net.webchannel.server.v8.ChannelInternalImpl.onMessage(ChannelInternalImpl.java:525)
	at com.google.net.webchannel.server.v8.ForwardChannel.deliverMessage(ForwardChannel.java:115)
	at com.google.net.webchannel.server.v8.ForwardChannel.processPendingRequest(ForwardChannel.java:94)
	at com.google.net.webchannel.server.v8.ForwardChannel.consume(ForwardChannel.java:68)
	at com.google.net.webchannel.server.v8.ForwardChannel.add(ForwardChannel.java:61)
	at com.google.net.webchannel.server.v8.ChannelInternalImpl.handleRequestBody(ChannelInternalImpl.java:290)
	at com.google.net.webchannel.server.v8.ChannelInternalImpl.processSessionRequest(ChannelInternalImpl.java:357)
	at com.google.net.webchannel.server.v8.ChannelInternalImpl.handle(ChannelInternalImpl.java:172)
	at com.google.net.webchannel.server.v8.ChannelInternalImpl.consume(ChannelInternalImpl.java:91)
	at com.google.net.webchannel.server.common.ChannelProcessor.run(ChannelProcessor.java:85)

Aug 08, 2026 4:33:19 PM io.gapi.emulators.netty.HttpVersionRoutingHandler channelRead
INFO: Detected non-HTTP/2 connection.
Aug 08, 2026 4:33:19 PM io.gapi.emulators.netty.HttpVersionRoutingHandler channelRead
INFO: Detected non-HTTP/2 connection.
Aug 08, 2026 4:33:19 PM io.gapi.emulators.netty.HttpVersionRoutingHandler channelRead
INFO: Detected non-HTTP/2 connection.
Aug 08, 2026 4:33:19 PM com.google.cloud.datastore.emulator.impl.util.WrappedStreamObserver onError
WARNING: Operation failed: 
false for 'create' @ L28
com.google.cloud.datastore.core.exception.DatastoreException: 
false for 'create' @ L28
	at com.google.cloud.datastore.core.exception.DatastoreException$Builder.build(DatastoreException.java:152)
	at com.google.cloud.datastore.emulator.impl.rules.DefaultEmulatorRulesAuthorizer.verboseError(DefaultEmulatorRulesAuthorizer.java:349)
	at com.google.cloud.datastore.emulator.impl.rules.DefaultEmulatorRulesAuthorizer.withVerboseErrors(DefaultEmulatorRulesAuthorizer.java:326)
	at com.google.cloud.datastore.emulator.impl.rules.DefaultEmulatorRulesAuthorizer.checkCommit(DefaultEmulatorRulesAuthorizer.java:113)
	at com.google.cloud.datastore.emulator.impl.firestore.FirestoreEmulatorHelper.commitHelper(FirestoreEmulatorHelper.java:407)
	at com.google.cloud.datastore.emulator.impl.firestore.FirestoreEmulatorHelper.internalCommit(FirestoreEmulatorHelper.java:348)
	at com.google.cloud.datastore.emulator.impl.firestore.CloudFirestoreV1.internalCommit(CloudFirestoreV1.java:1336)
	at com.google.cloud.datastore.emulator.impl.firestore.CloudFirestoreV1.write(CloudFirestoreV1.java:1321)
	at com.google.cloud.datastore.emulator.impl.firestore.CloudFirestoreV1WriteStream.handleRequest(CloudFirestoreV1WriteStream.java:222)
	at com.google.cloud.datastore.emulator.impl.firestore.CloudFirestoreV1WriteStream.write(CloudFirestoreV1WriteStream.java:144)
	at com.google.cloud.datastore.emulator.impl.firestore.CloudFirestoreV1WriteStream.onNext(CloudFirestoreV1WriteStream.java:99)
	at com.google.cloud.datastore.emulator.impl.firestore.CloudFirestoreV1WriteStream.onNext(CloudFirestoreV1WriteStream.java:27)
	at com.google.cloud.datastore.emulator.firestore.webchannel.FirestoreV1WebChannelAdapter$FirestoreWriteHandler.onMessage(FirestoreV1WebChannelAdapter.java:160)
	at com.google.cloud.datastore.emulator.firestore.webchannel.FirestoreV1WebChannelAdapter$FirestoreWriteHandler.onMessage(FirestoreV1WebChannelAdapter.java:130)
	at com.google.net.webchannel.server.v8.ChannelInternalImpl.onMessage(ChannelInternalImpl.java:525)
	at com.google.net.webchannel.server.v8.ForwardChannel.deliverMessage(ForwardChannel.java:115)
	at com.google.net.webchannel.server.v8.ForwardChannel.processPendingRequest(ForwardChannel.java:94)
	at com.google.net.webchannel.server.v8.ForwardChannel.consume(ForwardChannel.java:68)
	at com.google.net.webchannel.server.v8.ForwardChannel.add(ForwardChannel.java:61)
	at com.google.net.webchannel.server.v8.ChannelInternalImpl.handleRequestBody(ChannelInternalImpl.java:290)
	at com.google.net.webchannel.server.v8.ChannelInternalImpl.processSessionRequest(ChannelInternalImpl.java:357)
	at com.google.net.webchannel.server.v8.ChannelInternalImpl.handle(ChannelInternalImpl.java:172)
	at com.google.net.webchannel.server.v8.ChannelInternalImpl.consume(ChannelInternalImpl.java:91)
	at com.google.net.webchannel.server.common.ChannelProcessor.run(ChannelProcessor.java:85)

Aug 08, 2026 4:33:19 PM io.gapi.emulators.netty.HttpVersionRoutingHandler channelRead
INFO: Detected non-HTTP/2 connection.
Aug 08, 2026 4:33:19 PM com.google.cloud.datastore.emulator.firestore.webchannel.FirestoreV1WebChannelAdapter$FirestoreWriteHandler onClose
INFO: channel closed
Aug 08, 2026 4:33:19 PM io.gapi.emulators.netty.HttpVersionRoutingHandler channelRead
INFO: Detected non-HTTP/2 connection.
Aug 08, 2026 4:33:19 PM com.google.cloud.datastore.emulator.firestore.webchannel.FirestoreV1WebChannelAdapter$FirestoreWriteHandler onClose
INFO: channel closed
Aug 08, 2026 4:33:23 PM io.gapi.emulators.netty.HttpVersionRoutingHandler channelRead
INFO: Detected non-HTTP/2 connection.
Aug 08, 2026 4:33:23 PM io.gapi.emulators.netty.HttpVersionRoutingHandler channelRead
INFO: Detected non-HTTP/2 connection.
Aug 08, 2026 4:33:23 PM io.gapi.emulators.netty.HttpVersionRoutingHandler channelRead
INFO: Detected non-HTTP/2 connection.
Aug 08, 2026 4:33:23 PM io.gapi.emulators.netty.HttpVersionRoutingHandler channelRead
INFO: Detected non-HTTP/2 connection.
Aug 08, 2026 4:33:23 PM io.gapi.emulators.netty.HttpVersionRoutingHandler channelRead
INFO: Detected non-HTTP/2 connection.
Aug 08, 2026 4:33:23 PM io.gapi.emulators.netty.HttpVersionRoutingHandler channelRead
INFO: Detected non-HTTP/2 connection.
Aug 08, 2026 4:33:23 PM com.google.cloud.datastore.emulator.impl.util.WrappedStreamObserver onError
WARNING: Operation failed: No matching allow statements
com.google.cloud.datastore.core.exception.DatastoreException: No matching allow statements
	at com.google.cloud.datastore.core.exception.DatastoreException$Builder.build(DatastoreException.java:152)
	at com.google.cloud.datastore.emulator.impl.rules.DefaultEmulatorRulesAuthorizer.verboseError(DefaultEmulatorRulesAuthorizer.java:349)
	at com.google.cloud.datastore.emulator.impl.rules.DefaultEmulatorRulesAuthorizer.withVerboseErrors(DefaultEmulatorRulesAuthorizer.java:326)
	at com.google.cloud.datastore.emulator.impl.rules.DefaultEmulatorRulesAuthorizer.checkCommit(DefaultEmulatorRulesAuthorizer.java:113)
	at com.google.cloud.datastore.emulator.impl.firestore.FirestoreEmulatorHelper.commitHelper(FirestoreEmulatorHelper.java:407)
	at com.google.cloud.datastore.emulator.impl.firestore.FirestoreEmulatorHelper.internalCommit(FirestoreEmulatorHelper.java:348)
	at com.google.cloud.datastore.emulator.impl.firestore.CloudFirestoreV1.internalCommit(CloudFirestoreV1.java:1336)
	at com.google.cloud.datastore.emulator.impl.firestore.CloudFirestoreV1.write(CloudFirestoreV1.java:1321)
	at com.google.cloud.datastore.emulator.impl.firestore.CloudFirestoreV1WriteStream.handleRequest(CloudFirestoreV1WriteStream.java:222)
	at com.google.cloud.datastore.emulator.impl.firestore.CloudFirestoreV1WriteStream.write(CloudFirestoreV1WriteStream.java:144)
	at com.google.cloud.datastore.emulator.impl.firestore.CloudFirestoreV1WriteStream.onNext(CloudFirestoreV1WriteStream.java:99)
	at com.google.cloud.datastore.emulator.impl.firestore.CloudFirestoreV1WriteStream.onNext(CloudFirestoreV1WriteStream.java:27)
	at com.google.cloud.datastore.emulator.firestore.webchannel.FirestoreV1WebChannelAdapter$FirestoreWriteHandler.onMessage(FirestoreV1WebChannelAdapter.java:160)
	at com.google.cloud.datastore.emulator.firestore.webchannel.FirestoreV1WebChannelAdapter$FirestoreWriteHandler.onMessage(FirestoreV1WebChannelAdapter.java:130)
	at com.google.net.webchannel.server.v8.ChannelInternalImpl.onMessage(ChannelInternalImpl.java:525)
	at com.google.net.webchannel.server.v8.ForwardChannel.deliverMessage(ForwardChannel.java:115)
	at com.google.net.webchannel.server.v8.ForwardChannel.processPendingRequest(ForwardChannel.java:94)
	at com.google.net.webchannel.server.v8.ForwardChannel.consume(ForwardChannel.java:68)
	at com.google.net.webchannel.server.v8.ForwardChannel.add(ForwardChannel.java:61)
	at com.google.net.webchannel.server.v8.ChannelInternalImpl.handleRequestBody(ChannelInternalImpl.java:290)
	at com.google.net.webchannel.server.v8.ChannelInternalImpl.processSessionRequest(ChannelInternalImpl.java:357)
	at com.google.net.webchannel.server.v8.ChannelInternalImpl.handle(ChannelInternalImpl.java:172)
	at com.google.net.webchannel.server.v8.ChannelInternalImpl.consume(ChannelInternalImpl.java:91)
	at com.google.net.webchannel.server.common.ChannelProcessor.run(ChannelProcessor.java:85)

Aug 08, 2026 4:33:23 PM io.gapi.emulators.netty.HttpVersionRoutingHandler channelRead
INFO: Detected non-HTTP/2 connection.
Aug 08, 2026 4:33:23 PM com.google.cloud.datastore.emulator.firestore.webchannel.FirestoreV1WebChannelAdapter$FirestoreListenHandler onClose
INFO: channel closed
Aug 08, 2026 4:33:24 PM io.gapi.emulators.netty.HttpVersionRoutingHandler channelRead
INFO: Detected non-HTTP/2 connection.
Aug 08, 2026 4:33:24 PM com.google.cloud.datastore.emulator.firestore.webchannel.FirestoreV1WebChannelAdapter$FirestoreWriteHandler onClose
INFO: channel closed
Aug 08, 2026 4:34:07 PM io.gapi.emulators.netty.HttpVersionRoutingHandler channelRead
INFO: Detected non-HTTP/2 connection.
Aug 08, 2026 4:34:23 PM io.gapi.emulators.netty.HttpVersionRoutingHandler channelRead
INFO: Detected non-HTTP/2 connection.
Aug 08, 2026 4:35:07 PM io.gapi.emulators.netty.HttpVersionRoutingHandler channelRead
INFO: Detected non-HTTP/2 connection.
Aug 08, 2026 4:35:39 PM io.gapi.emulators.netty.HttpVersionRoutingHandler channelRead
INFO: Detected non-HTTP/2 connection.
Aug 08, 2026 4:35:41 PM io.gapi.emulators.netty.HttpVersionRoutingHandler channelRead
INFO: Detected non-HTTP/2 connection.
Aug 08, 2026 4:35:41 PM io.gapi.emulators.netty.HttpVersionRoutingHandler channelRead
INFO: Detected non-HTTP/2 connection.
Aug 08, 2026 4:35:42 PM io.gapi.emulators.netty.HttpVersionRoutingHandler channelRead
INFO: Detected non-HTTP/2 connection.
Aug 08, 2026 4:35:42 PM io.gapi.emulators.netty.HttpVersionRoutingHandler channelRead
INFO: Detected non-HTTP/2 connection.
Aug 08, 2026 4:35:42 PM io.gapi.emulators.netty.HttpVersionRoutingHandler channelRead
INFO: Detected non-HTTP/2 connection.
Aug 08, 2026 4:35:42 PM io.gapi.emulators.netty.HttpVersionRoutingHandler channelRead
INFO: Detected non-HTTP/2 connection.
Aug 08, 2026 4:35:42 PM io.gapi.emulators.netty.HttpVersionRoutingHandler channelRead
INFO: Detected non-HTTP/2 connection.
Aug 08, 2026 4:35:42 PM com.google.cloud.datastore.emulator.impl.util.WrappedStreamObserver onError
WARNING: Operation failed: No matching allow statements
com.google.cloud.datastore.core.exception.DatastoreException: No matching allow statements
	at com.google.cloud.datastore.core.exception.DatastoreException$Builder.build(DatastoreException.java:152)
	at com.google.cloud.datastore.emulator.impl.rules.DefaultEmulatorRulesAuthorizer.verboseError(DefaultEmulatorRulesAuthorizer.java:349)
	at com.google.cloud.datastore.emulator.impl.rules.DefaultEmulatorRulesAuthorizer.withVerboseErrors(DefaultEmulatorRulesAuthorizer.java:326)
	at com.google.cloud.datastore.emulator.impl.rules.DefaultEmulatorRulesAuthorizer.checkCommit(DefaultEmulatorRulesAuthorizer.java:113)
	at com.google.cloud.datastore.emulator.impl.firestore.FirestoreEmulatorHelper.commitHelper(FirestoreEmulatorHelper.java:407)
	at com.google.cloud.datastore.emulator.impl.firestore.FirestoreEmulatorHelper.internalCommit(FirestoreEmulatorHelper.java:348)
	at com.google.cloud.datastore.emulator.impl.firestore.CloudFirestoreV1.internalCommit(CloudFirestoreV1.java:1336)
	at com.google.cloud.datastore.emulator.impl.firestore.CloudFirestoreV1.write(CloudFirestoreV1.java:1321)
	at com.google.cloud.datastore.emulator.impl.firestore.CloudFirestoreV1WriteStream.handleRequest(CloudFirestoreV1WriteStream.java:222)
	at com.google.cloud.datastore.emulator.impl.firestore.CloudFirestoreV1WriteStream.write(CloudFirestoreV1WriteStream.java:144)
	at com.google.cloud.datastore.emulator.impl.firestore.CloudFirestoreV1WriteStream.onNext(CloudFirestoreV1WriteStream.java:99)
	at com.google.cloud.datastore.emulator.impl.firestore.CloudFirestoreV1WriteStream.onNext(CloudFirestoreV1WriteStream.java:27)
	at com.google.cloud.datastore.emulator.firestore.webchannel.FirestoreV1WebChannelAdapter$FirestoreWriteHandler.onMessage(FirestoreV1WebChannelAdapter.java:160)
	at com.google.cloud.datastore.emulator.firestore.webchannel.FirestoreV1WebChannelAdapter$FirestoreWriteHandler.onMessage(FirestoreV1WebChannelAdapter.java:130)
	at com.google.net.webchannel.server.v8.ChannelInternalImpl.onMessage(ChannelInternalImpl.java:525)
	at com.google.net.webchannel.server.v8.ForwardChannel.deliverMessage(ForwardChannel.java:115)
	at com.google.net.webchannel.server.v8.ForwardChannel.processPendingRequest(ForwardChannel.java:94)
	at com.google.net.webchannel.server.v8.ForwardChannel.consume(ForwardChannel.java:68)
	at com.google.net.webchannel.server.v8.ForwardChannel.add(ForwardChannel.java:61)
	at com.google.net.webchannel.server.v8.ChannelInternalImpl.handleRequestBody(ChannelInternalImpl.java:290)
	at com.google.net.webchannel.server.v8.ChannelInternalImpl.processSessionRequest(ChannelInternalImpl.java:357)
	at com.google.net.webchannel.server.v8.ChannelInternalImpl.handle(ChannelInternalImpl.java:172)
	at com.google.net.webchannel.server.v8.ChannelInternalImpl.consume(ChannelInternalImpl.java:91)
	at com.google.net.webchannel.server.common.ChannelProcessor.run(ChannelProcessor.java:85)

Aug 08, 2026 4:35:43 PM io.gapi.emulators.netty.HttpVersionRoutingHandler channelRead
INFO: Detected non-HTTP/2 connection.
Aug 08, 2026 4:35:43 PM com.google.cloud.datastore.emulator.firestore.webchannel.FirestoreV1WebChannelAdapter$FirestoreWriteHandler onClose
INFO: channel closed
Aug 08, 2026 4:36:08 PM io.gapi.emulators.netty.HttpVersionRoutingHandler channelRead
INFO: Detected non-HTTP/2 connection.
Aug 08, 2026 4:36:38 PM io.gapi.emulators.netty.HttpVersionRoutingHandler channelRead
INFO: Detected non-HTTP/2 connection.
Aug 08, 2026 4:36:39 PM io.gapi.emulators.netty.HttpVersionRoutingHandler channelRead
INFO: Detected non-HTTP/2 connection.
Aug 08, 2026 4:36:39 PM io.gapi.emulators.netty.HttpVersionRoutingHandler channelRead
INFO: Detected non-HTTP/2 connection.
Aug 08, 2026 4:36:39 PM io.gapi.emulators.netty.HttpVersionRoutingHandler channelRead
INFO: Detected non-HTTP/2 connection.
Aug 08, 2026 4:36:39 PM io.gapi.emulators.netty.HttpVersionRoutingHandler channelRead
INFO: Detected non-HTTP/2 connection.
Aug 08, 2026 4:36:39 PM io.gapi.emulators.netty.HttpVersionRoutingHandler channelRead
INFO: Detected non-HTTP/2 connection.
Aug 08, 2026 4:36:39 PM io.gapi.emulators.netty.HttpVersionRoutingHandler channelRead
INFO: Detected non-HTTP/2 connection.
Aug 08, 2026 4:36:39 PM io.gapi.emulators.netty.HttpVersionRoutingHandler channelRead
INFO: Detected non-HTTP/2 connection.
Aug 08, 2026 4:36:39 PM io.gapi.emulators.netty.HttpVersionRoutingHandler channelRead
INFO: Detected non-HTTP/2 connection.
Aug 08, 2026 4:36:39 PM com.google.cloud.datastore.emulator.impl.util.WrappedStreamObserver onError
WARNING: Operation failed: No matching allow statements
com.google.cloud.datastore.core.exception.DatastoreException: No matching allow statements
	at com.google.cloud.datastore.core.exception.DatastoreException$Builder.build(DatastoreException.java:152)
	at com.google.cloud.datastore.emulator.impl.rules.DefaultEmulatorRulesAuthorizer.verboseError(DefaultEmulatorRulesAuthorizer.java:349)
	at com.google.cloud.datastore.emulator.impl.rules.DefaultEmulatorRulesAuthorizer.withVerboseErrors(DefaultEmulatorRulesAuthorizer.java:326)
	at com.google.cloud.datastore.emulator.impl.rules.DefaultEmulatorRulesAuthorizer.checkCommit(DefaultEmulatorRulesAuthorizer.java:113)
	at com.google.cloud.datastore.emulator.impl.firestore.FirestoreEmulatorHelper.commitHelper(FirestoreEmulatorHelper.java:407)
	at com.google.cloud.datastore.emulator.impl.firestore.FirestoreEmulatorHelper.internalCommit(FirestoreEmulatorHelper.java:348)
	at com.google.cloud.datastore.emulator.impl.firestore.CloudFirestoreV1.internalCommit(CloudFirestoreV1.java:1336)
	at com.google.cloud.datastore.emulator.impl.firestore.CloudFirestoreV1.write(CloudFirestoreV1.java:1321)
	at com.google.cloud.datastore.emulator.impl.firestore.CloudFirestoreV1WriteStream.handleRequest(CloudFirestoreV1WriteStream.java:222)
	at com.google.cloud.datastore.emulator.impl.firestore.CloudFirestoreV1WriteStream.write(CloudFirestoreV1WriteStream.java:144)
	at com.google.cloud.datastore.emulator.impl.firestore.CloudFirestoreV1WriteStream.onNext(CloudFirestoreV1WriteStream.java:99)
	at com.google.cloud.datastore.emulator.impl.firestore.CloudFirestoreV1WriteStream.onNext(CloudFirestoreV1WriteStream.java:27)
	at com.google.cloud.datastore.emulator.firestore.webchannel.FirestoreV1WebChannelAdapter$FirestoreWriteHandler.onMessage(FirestoreV1WebChannelAdapter.java:160)
	at com.google.cloud.datastore.emulator.firestore.webchannel.FirestoreV1WebChannelAdapter$FirestoreWriteHandler.onMessage(FirestoreV1WebChannelAdapter.java:130)
	at com.google.net.webchannel.server.v8.ChannelInternalImpl.onMessage(ChannelInternalImpl.java:525)
	at com.google.net.webchannel.server.v8.ForwardChannel.deliverMessage(ForwardChannel.java:115)
	at com.google.net.webchannel.server.v8.ForwardChannel.processPendingRequest(ForwardChannel.java:94)
	at com.google.net.webchannel.server.v8.ForwardChannel.consume(ForwardChannel.java:68)
	at com.google.net.webchannel.server.v8.ForwardChannel.add(ForwardChannel.java:61)
	at com.google.net.webchannel.server.v8.ChannelInternalImpl.handleRequestBody(ChannelInternalImpl.java:290)
	at com.google.net.webchannel.server.v8.ChannelInternalImpl.processSessionRequest(ChannelInternalImpl.java:357)
	at com.google.net.webchannel.server.v8.ChannelInternalImpl.handle(ChannelInternalImpl.java:172)
	at com.google.net.webchannel.server.v8.ChannelInternalImpl.consume(ChannelInternalImpl.java:91)
	at com.google.net.webchannel.server.common.ChannelProcessor.run(ChannelProcessor.java:85)

Aug 08, 2026 4:36:40 PM io.gapi.emulators.netty.HttpVersionRoutingHandler channelRead
INFO: Detected non-HTTP/2 connection.
Aug 08, 2026 4:36:40 PM com.google.cloud.datastore.emulator.firestore.webchannel.FirestoreV1WebChannelAdapter$FirestoreWriteHandler onClose
INFO: channel closed
Aug 08, 2026 4:36:42 PM io.gapi.emulators.netty.HttpVersionRoutingHandler channelRead
INFO: Detected non-HTTP/2 connection.
Aug 08, 2026 4:36:43 PM io.gapi.emulators.netty.HttpVersionRoutingHandler channelRead
INFO: Detected non-HTTP/2 connection.
Aug 08, 2026 4:36:43 PM io.gapi.emulators.netty.HttpVersionRoutingHandler channelRead
INFO: Detected non-HTTP/2 connection.
Aug 08, 2026 4:36:43 PM io.gapi.emulators.netty.HttpVersionRoutingHandler channelRead
INFO: Detected non-HTTP/2 connection.
Aug 08, 2026 4:36:44 PM io.gapi.emulators.netty.HttpVersionRoutingHandler channelRead
INFO: Detected non-HTTP/2 connection.
Aug 08, 2026 4:36:44 PM io.gapi.emulators.netty.HttpVersionRoutingHandler channelRead
INFO: Detected non-HTTP/2 connection.
Aug 08, 2026 4:36:44 PM io.gapi.emulators.netty.HttpVersionRoutingHandler channelRead
INFO: Detected non-HTTP/2 connection.
Aug 08, 2026 4:36:44 PM com.google.cloud.datastore.emulator.impl.util.WrappedStreamObserver onError
WARNING: Operation failed: No matching allow statements
com.google.cloud.datastore.core.exception.DatastoreException: No matching allow statements
	at com.google.cloud.datastore.core.exception.DatastoreException$Builder.build(DatastoreException.java:152)
	at com.google.cloud.datastore.emulator.impl.rules.DefaultEmulatorRulesAuthorizer.verboseError(DefaultEmulatorRulesAuthorizer.java:349)
	at com.google.cloud.datastore.emulator.impl.rules.DefaultEmulatorRulesAuthorizer.withVerboseErrors(DefaultEmulatorRulesAuthorizer.java:326)
	at com.google.cloud.datastore.emulator.impl.rules.DefaultEmulatorRulesAuthorizer.checkCommit(DefaultEmulatorRulesAuthorizer.java:113)
	at com.google.cloud.datastore.emulator.impl.firestore.FirestoreEmulatorHelper.commitHelper(FirestoreEmulatorHelper.java:407)
	at com.google.cloud.datastore.emulator.impl.firestore.FirestoreEmulatorHelper.internalCommit(FirestoreEmulatorHelper.java:348)
	at com.google.cloud.datastore.emulator.impl.firestore.CloudFirestoreV1.internalCommit(CloudFirestoreV1.java:1336)
	at com.google.cloud.datastore.emulator.impl.firestore.CloudFirestoreV1.write(CloudFirestoreV1.java:1321)
	at com.google.cloud.datastore.emulator.impl.firestore.CloudFirestoreV1WriteStream.handleRequest(CloudFirestoreV1WriteStream.java:222)
	at com.google.cloud.datastore.emulator.impl.firestore.CloudFirestoreV1WriteStream.write(CloudFirestoreV1WriteStream.java:144)
	at com.google.cloud.datastore.emulator.impl.firestore.CloudFirestoreV1WriteStream.onNext(CloudFirestoreV1WriteStream.java:99)
	at com.google.cloud.datastore.emulator.impl.firestore.CloudFirestoreV1WriteStream.onNext(CloudFirestoreV1WriteStream.java:27)
	at com.google.cloud.datastore.emulator.firestore.webchannel.FirestoreV1WebChannelAdapter$FirestoreWriteHandler.onMessage(FirestoreV1WebChannelAdapter.java:160)
	at com.google.cloud.datastore.emulator.firestore.webchannel.FirestoreV1WebChannelAdapter$FirestoreWriteHandler.onMessage(FirestoreV1WebChannelAdapter.java:130)
	at com.google.net.webchannel.server.v8.ChannelInternalImpl.onMessage(ChannelInternalImpl.java:525)
	at com.google.net.webchannel.server.v8.ForwardChannel.deliverMessage(ForwardChannel.java:115)
	at com.google.net.webchannel.server.v8.ForwardChannel.processPendingRequest(ForwardChannel.java:94)
	at com.google.net.webchannel.server.v8.ForwardChannel.consume(ForwardChannel.java:68)
	at com.google.net.webchannel.server.v8.ForwardChannel.add(ForwardChannel.java:61)
	at com.google.net.webchannel.server.v8.ChannelInternalImpl.handleRequestBody(ChannelInternalImpl.java:290)
	at com.google.net.webchannel.server.v8.ChannelInternalImpl.processSessionRequest(ChannelInternalImpl.java:357)
	at com.google.net.webchannel.server.v8.ChannelInternalImpl.handle(ChannelInternalImpl.java:172)
	at com.google.net.webchannel.server.v8.ChannelInternalImpl.consume(ChannelInternalImpl.java:91)
	at com.google.net.webchannel.server.common.ChannelProcessor.run(ChannelProcessor.java:85)

Aug 08, 2026 4:36:44 PM io.gapi.emulators.netty.HttpVersionRoutingHandler channelRead
INFO: Detected non-HTTP/2 connection.
Aug 08, 2026 4:36:44 PM io.gapi.emulators.netty.HttpVersionRoutingHandler channelRead
INFO: Detected non-HTTP/2 connection.
Aug 08, 2026 4:36:44 PM com.google.cloud.datastore.emulator.firestore.webchannel.FirestoreV1WebChannelAdapter$FirestoreWriteHandler onClose
INFO: channel closed
Aug 08, 2026 4:36:44 PM com.google.cloud.datastore.emulator.impl.util.WrappedStreamObserver onError
WARNING: Operation failed: No matching allow statements
com.google.cloud.datastore.core.exception.DatastoreException: No matching allow statements
	at com.google.cloud.datastore.core.exception.DatastoreException$Builder.build(DatastoreException.java:152)
	at com.google.cloud.datastore.emulator.impl.rules.DefaultEmulatorRulesAuthorizer.verboseError(DefaultEmulatorRulesAuthorizer.java:349)
	at com.google.cloud.datastore.emulator.impl.rules.DefaultEmulatorRulesAuthorizer.withVerboseErrors(DefaultEmulatorRulesAuthorizer.java:326)
	at com.google.cloud.datastore.emulator.impl.rules.DefaultEmulatorRulesAuthorizer.checkCommit(DefaultEmulatorRulesAuthorizer.java:113)
	at com.google.cloud.datastore.emulator.impl.firestore.FirestoreEmulatorHelper.commitHelper(FirestoreEmulatorHelper.java:407)
	at com.google.cloud.datastore.emulator.impl.firestore.FirestoreEmulatorHelper.internalCommit(FirestoreEmulatorHelper.java:348)
	at com.google.cloud.datastore.emulator.impl.firestore.CloudFirestoreV1.internalCommit(CloudFirestoreV1.java:1336)
	at com.google.cloud.datastore.emulator.impl.firestore.CloudFirestoreV1.write(CloudFirestoreV1.java:1321)
	at com.google.cloud.datastore.emulator.impl.firestore.CloudFirestoreV1WriteStream.handleRequest(CloudFirestoreV1WriteStream.java:222)
	at com.google.cloud.datastore.emulator.impl.firestore.CloudFirestoreV1WriteStream.write(CloudFirestoreV1WriteStream.java:144)
	at com.google.cloud.datastore.emulator.impl.firestore.CloudFirestoreV1WriteStream.onNext(CloudFirestoreV1WriteStream.java:99)
	at com.google.cloud.datastore.emulator.impl.firestore.CloudFirestoreV1WriteStream.onNext(CloudFirestoreV1WriteStream.java:27)
	at com.google.cloud.datastore.emulator.firestore.webchannel.FirestoreV1WebChannelAdapter$FirestoreWriteHandler.onMessage(FirestoreV1WebChannelAdapter.java:160)
	at com.google.cloud.datastore.emulator.firestore.webchannel.FirestoreV1WebChannelAdapter$FirestoreWriteHandler.onMessage(FirestoreV1WebChannelAdapter.java:130)
	at com.google.net.webchannel.server.v8.ChannelInternalImpl.onMessage(ChannelInternalImpl.java:525)
	at com.google.net.webchannel.server.v8.ForwardChannel.deliverMessage(ForwardChannel.java:115)
	at com.google.net.webchannel.server.v8.ForwardChannel.processPendingRequest(ForwardChannel.java:94)
	at com.google.net.webchannel.server.v8.ForwardChannel.consume(ForwardChannel.java:68)
	at com.google.net.webchannel.server.v8.ForwardChannel.add(ForwardChannel.java:61)
	at com.google.net.webchannel.server.v8.ChannelInternalImpl.handleRequestBody(ChannelInternalImpl.java:290)
	at com.google.net.webchannel.server.v8.ChannelInternalImpl.processSessionRequest(ChannelInternalImpl.java:357)
	at com.google.net.webchannel.server.v8.ChannelInternalImpl.handle(ChannelInternalImpl.java:172)
	at com.google.net.webchannel.server.v8.ChannelInternalImpl.consume(ChannelInternalImpl.java:91)
	at com.google.net.webchannel.server.common.ChannelProcessor.run(ChannelProcessor.java:85)

Aug 08, 2026 4:36:45 PM io.gapi.emulators.netty.HttpVersionRoutingHandler channelRead
INFO: Detected non-HTTP/2 connection.
Aug 08, 2026 4:36:45 PM com.google.cloud.datastore.emulator.firestore.webchannel.FirestoreV1WebChannelAdapter$FirestoreWriteHandler onClose
INFO: channel closed
Aug 08, 2026 4:36:47 PM io.gapi.emulators.netty.HttpVersionRoutingHandler channelRead
INFO: Detected non-HTTP/2 connection.
Aug 08, 2026 4:36:49 PM io.gapi.emulators.netty.HttpVersionRoutingHandler channelRead
INFO: Detected non-HTTP/2 connection.
Aug 08, 2026 4:36:49 PM io.gapi.emulators.netty.HttpVersionRoutingHandler channelRead
INFO: Detected non-HTTP/2 connection.
Aug 08, 2026 4:36:49 PM io.gapi.emulators.netty.HttpVersionRoutingHandler channelRead
INFO: Detected non-HTTP/2 connection.
Aug 08, 2026 4:36:49 PM com.google.cloud.datastore.emulator.impl.util.WrappedStreamObserver onError
WARNING: Operation failed: No matching allow statements
com.google.cloud.datastore.core.exception.DatastoreException: No matching allow statements
	at com.google.cloud.datastore.core.exception.DatastoreException$Builder.build(DatastoreException.java:152)
	at com.google.cloud.datastore.emulator.impl.rules.DefaultEmulatorRulesAuthorizer.verboseError(DefaultEmulatorRulesAuthorizer.java:349)
	at com.google.cloud.datastore.emulator.impl.rules.DefaultEmulatorRulesAuthorizer.withVerboseErrors(DefaultEmulatorRulesAuthorizer.java:326)
	at com.google.cloud.datastore.emulator.impl.rules.DefaultEmulatorRulesAuthorizer.checkCommit(DefaultEmulatorRulesAuthorizer.java:113)
	at com.google.cloud.datastore.emulator.impl.firestore.FirestoreEmulatorHelper.commitHelper(FirestoreEmulatorHelper.java:407)
	at com.google.cloud.datastore.emulator.impl.firestore.FirestoreEmulatorHelper.internalCommit(FirestoreEmulatorHelper.java:348)
	at com.google.cloud.datastore.emulator.impl.firestore.CloudFirestoreV1.internalCommit(CloudFirestoreV1.java:1336)
	at com.google.cloud.datastore.emulator.impl.firestore.CloudFirestoreV1.write(CloudFirestoreV1.java:1321)
	at com.google.cloud.datastore.emulator.impl.firestore.CloudFirestoreV1WriteStream.handleRequest(CloudFirestoreV1WriteStream.java:222)
	at com.google.cloud.datastore.emulator.impl.firestore.CloudFirestoreV1WriteStream.write(CloudFirestoreV1WriteStream.java:144)
	at com.google.cloud.datastore.emulator.impl.firestore.CloudFirestoreV1WriteStream.onNext(CloudFirestoreV1WriteStream.java:99)
	at com.google.cloud.datastore.emulator.impl.firestore.CloudFirestoreV1WriteStream.onNext(CloudFirestoreV1WriteStream.java:27)
	at com.google.cloud.datastore.emulator.firestore.webchannel.FirestoreV1WebChannelAdapter$FirestoreWriteHandler.onMessage(FirestoreV1WebChannelAdapter.java:160)
	at com.google.cloud.datastore.emulator.firestore.webchannel.FirestoreV1WebChannelAdapter$FirestoreWriteHandler.onMessage(FirestoreV1WebChannelAdapter.java:130)
	at com.google.net.webchannel.server.v8.ChannelInternalImpl.onMessage(ChannelInternalImpl.java:525)
	at com.google.net.webchannel.server.v8.ForwardChannel.deliverMessage(ForwardChannel.java:115)
	at com.google.net.webchannel.server.v8.ForwardChannel.processPendingRequest(ForwardChannel.java:94)
	at com.google.net.webchannel.server.v8.ForwardChannel.consume(ForwardChannel.java:68)
	at com.google.net.webchannel.server.v8.ForwardChannel.add(ForwardChannel.java:61)
	at com.google.net.webchannel.server.v8.ChannelInternalImpl.handleRequestBody(ChannelInternalImpl.java:290)
	at com.google.net.webchannel.server.v8.ChannelInternalImpl.processSessionRequest(ChannelInternalImpl.java:357)
	at com.google.net.webchannel.server.v8.ChannelInternalImpl.handle(ChannelInternalImpl.java:172)
	at com.google.net.webchannel.server.v8.ChannelInternalImpl.consume(ChannelInternalImpl.java:91)
	at com.google.net.webchannel.server.common.ChannelProcessor.run(ChannelProcessor.java:85)

Aug 08, 2026 4:36:50 PM io.gapi.emulators.netty.HttpVersionRoutingHandler channelRead
INFO: Detected non-HTTP/2 connection.
Aug 08, 2026 4:36:50 PM com.google.cloud.datastore.emulator.firestore.webchannel.FirestoreV1WebChannelAdapter$FirestoreWriteHandler onClose
INFO: channel closed
Aug 08, 2026 4:36:58 PM io.gapi.emulators.netty.HttpVersionRoutingHandler channelRead
INFO: Detected non-HTTP/2 connection.
Aug 08, 2026 4:36:58 PM io.gapi.emulators.netty.HttpVersionRoutingHandler channelRead
INFO: Detected non-HTTP/2 connection.
Aug 08, 2026 4:36:59 PM io.gapi.emulators.netty.HttpVersionRoutingHandler channelRead
INFO: Detected non-HTTP/2 connection.
Aug 08, 2026 4:36:59 PM com.google.cloud.datastore.emulator.impl.util.WrappedStreamObserver onError
WARNING: Operation failed: No matching allow statements
com.google.cloud.datastore.core.exception.DatastoreException: No matching allow statements
	at com.google.cloud.datastore.core.exception.DatastoreException$Builder.build(DatastoreException.java:152)
	at com.google.cloud.datastore.emulator.impl.rules.DefaultEmulatorRulesAuthorizer.verboseError(DefaultEmulatorRulesAuthorizer.java:349)
	at com.google.cloud.datastore.emulator.impl.rules.DefaultEmulatorRulesAuthorizer.withVerboseErrors(DefaultEmulatorRulesAuthorizer.java:326)
	at com.google.cloud.datastore.emulator.impl.rules.DefaultEmulatorRulesAuthorizer.checkCommit(DefaultEmulatorRulesAuthorizer.java:113)
	at com.google.cloud.datastore.emulator.impl.firestore.FirestoreEmulatorHelper.commitHelper(FirestoreEmulatorHelper.java:407)
	at com.google.cloud.datastore.emulator.impl.firestore.FirestoreEmulatorHelper.internalCommit(FirestoreEmulatorHelper.java:348)
	at com.google.cloud.datastore.emulator.impl.firestore.CloudFirestoreV1.internalCommit(CloudFirestoreV1.java:1336)
	at com.google.cloud.datastore.emulator.impl.firestore.CloudFirestoreV1.write(CloudFirestoreV1.java:1321)
	at com.google.cloud.datastore.emulator.impl.firestore.CloudFirestoreV1WriteStream.handleRequest(CloudFirestoreV1WriteStream.java:222)
	at com.google.cloud.datastore.emulator.impl.firestore.CloudFirestoreV1WriteStream.write(CloudFirestoreV1WriteStream.java:144)
	at com.google.cloud.datastore.emulator.impl.firestore.CloudFirestoreV1WriteStream.onNext(CloudFirestoreV1WriteStream.java:99)
	at com.google.cloud.datastore.emulator.impl.firestore.CloudFirestoreV1WriteStream.onNext(CloudFirestoreV1WriteStream.java:27)
	at com.google.cloud.datastore.emulator.firestore.webchannel.FirestoreV1WebChannelAdapter$FirestoreWriteHandler.onMessage(FirestoreV1WebChannelAdapter.java:160)
	at com.google.cloud.datastore.emulator.firestore.webchannel.FirestoreV1WebChannelAdapter$FirestoreWriteHandler.onMessage(FirestoreV1WebChannelAdapter.java:130)
	at com.google.net.webchannel.server.v8.ChannelInternalImpl.onMessage(ChannelInternalImpl.java:525)
	at com.google.net.webchannel.server.v8.ForwardChannel.deliverMessage(ForwardChannel.java:115)
	at com.google.net.webchannel.server.v8.ForwardChannel.processPendingRequest(ForwardChannel.java:94)
	at com.google.net.webchannel.server.v8.ForwardChannel.consume(ForwardChannel.java:68)
	at com.google.net.webchannel.server.v8.ForwardChannel.add(ForwardChannel.java:61)
	at com.google.net.webchannel.server.v8.ChannelInternalImpl.handleRequestBody(ChannelInternalImpl.java:290)
	at com.google.net.webchannel.server.v8.ChannelInternalImpl.processSessionRequest(ChannelInternalImpl.java:357)
	at com.google.net.webchannel.server.v8.ChannelInternalImpl.handle(ChannelInternalImpl.java:172)
	at com.google.net.webchannel.server.v8.ChannelInternalImpl.consume(ChannelInternalImpl.java:91)
	at com.google.net.webchannel.server.common.ChannelProcessor.run(ChannelProcessor.java:85)

Aug 08, 2026 4:36:59 PM com.google.cloud.datastore.emulator.impl.util.WrappedStreamObserver onError
WARNING: Operation failed: No matching allow statements
com.google.cloud.datastore.core.exception.DatastoreException: No matching allow statements
	at com.google.cloud.datastore.core.exception.DatastoreException$Builder.build(DatastoreException.java:152)
	at com.google.cloud.datastore.emulator.impl.rules.DefaultEmulatorRulesAuthorizer.verboseError(DefaultEmulatorRulesAuthorizer.java:349)
	at com.google.cloud.datastore.emulator.impl.rules.DefaultEmulatorRulesAuthorizer.withVerboseErrors(DefaultEmulatorRulesAuthorizer.java:326)
	at com.google.cloud.datastore.emulator.impl.rules.DefaultEmulatorRulesAuthorizer.checkCommit(DefaultEmulatorRulesAuthorizer.java:113)
	at com.google.cloud.datastore.emulator.impl.firestore.FirestoreEmulatorHelper.commitHelper(FirestoreEmulatorHelper.java:407)
	at com.google.cloud.datastore.emulator.impl.firestore.FirestoreEmulatorHelper.internalCommit(FirestoreEmulatorHelper.java:348)
	at com.google.cloud.datastore.emulator.impl.firestore.CloudFirestoreV1.internalCommit(CloudFirestoreV1.java:1336)
	at com.google.cloud.datastore.emulator.impl.firestore.CloudFirestoreV1.write(CloudFirestoreV1.java:1321)
	at com.google.cloud.datastore.emulator.impl.firestore.CloudFirestoreV1WriteStream.handleRequest(CloudFirestoreV1WriteStream.java:222)
	at com.google.cloud.datastore.emulator.impl.firestore.CloudFirestoreV1WriteStream.write(CloudFirestoreV1WriteStream.java:144)
	at com.google.cloud.datastore.emulator.impl.firestore.CloudFirestoreV1WriteStream.onNext(CloudFirestoreV1WriteStream.java:99)
	at com.google.cloud.datastore.emulator.impl.firestore.CloudFirestoreV1WriteStream.onNext(CloudFirestoreV1WriteStream.java:27)
	at com.google.cloud.datastore.emulator.firestore.webchannel.FirestoreV1WebChannelAdapter$FirestoreWriteHandler.onMessage(FirestoreV1WebChannelAdapter.java:160)
	at com.google.cloud.datastore.emulator.firestore.webchannel.FirestoreV1WebChannelAdapter$FirestoreWriteHandler.onMessage(FirestoreV1WebChannelAdapter.java:130)
	at com.google.net.webchannel.server.v8.ChannelInternalImpl.onMessage(ChannelInternalImpl.java:525)
	at com.google.net.webchannel.server.v8.ForwardChannel.deliverMessage(ForwardChannel.java:115)
	at com.google.net.webchannel.server.v8.ForwardChannel.processPendingRequest(ForwardChannel.java:94)
	at com.google.net.webchannel.server.v8.ForwardChannel.consume(ForwardChannel.java:68)
	at com.google.net.webchannel.server.v8.ForwardChannel.add(ForwardChannel.java:61)
	at com.google.net.webchannel.server.v8.ChannelInternalImpl.handleRequestBody(ChannelInternalImpl.java:290)
	at com.google.net.webchannel.server.v8.ChannelInternalImpl.processSessionRequest(ChannelInternalImpl.java:357)
	at com.google.net.webchannel.server.v8.ChannelInternalImpl.handle(ChannelInternalImpl.java:172)
	at com.google.net.webchannel.server.v8.ChannelInternalImpl.consume(ChannelInternalImpl.java:91)
	at com.google.net.webchannel.server.common.ChannelProcessor.run(ChannelProcessor.java:85)

Aug 08, 2026 4:36:59 PM io.gapi.emulators.netty.HttpVersionRoutingHandler channelRead
INFO: Detected non-HTTP/2 connection.
Aug 08, 2026 4:36:59 PM io.gapi.emulators.netty.HttpVersionRoutingHandler channelRead
INFO: Detected non-HTTP/2 connection.
Aug 08, 2026 4:36:59 PM com.google.cloud.datastore.emulator.firestore.webchannel.FirestoreV1WebChannelAdapter$FirestoreWriteHandler onClose
INFO: channel closed
Aug 08, 2026 4:36:59 PM io.gapi.emulators.netty.HttpVersionRoutingHandler channelRead
INFO: Detected non-HTTP/2 connection.
Aug 08, 2026 4:37:00 PM io.gapi.emulators.netty.HttpVersionRoutingHandler channelRead
INFO: Detected non-HTTP/2 connection.
Aug 08, 2026 4:37:00 PM com.google.cloud.datastore.emulator.impl.util.WrappedStreamObserver onError
WARNING: Operation failed: No matching allow statements
com.google.cloud.datastore.core.exception.DatastoreException: No matching allow statements
	at com.google.cloud.datastore.core.exception.DatastoreException$Builder.build(DatastoreException.java:152)
	at com.google.cloud.datastore.emulator.impl.rules.DefaultEmulatorRulesAuthorizer.verboseError(DefaultEmulatorRulesAuthorizer.java:349)
	at com.google.cloud.datastore.emulator.impl.rules.DefaultEmulatorRulesAuthorizer.withVerboseErrors(DefaultEmulatorRulesAuthorizer.java:326)
	at com.google.cloud.datastore.emulator.impl.rules.DefaultEmulatorRulesAuthorizer.checkCommit(DefaultEmulatorRulesAuthorizer.java:113)
	at com.google.cloud.datastore.emulator.impl.firestore.FirestoreEmulatorHelper.commitHelper(FirestoreEmulatorHelper.java:407)
	at com.google.cloud.datastore.emulator.impl.firestore.FirestoreEmulatorHelper.internalCommit(FirestoreEmulatorHelper.java:348)
	at com.google.cloud.datastore.emulator.impl.firestore.CloudFirestoreV1.internalCommit(CloudFirestoreV1.java:1336)
	at com.google.cloud.datastore.emulator.impl.firestore.CloudFirestoreV1.write(CloudFirestoreV1.java:1321)
	at com.google.cloud.datastore.emulator.impl.firestore.CloudFirestoreV1WriteStream.handleRequest(CloudFirestoreV1WriteStream.java:222)
	at com.google.cloud.datastore.emulator.impl.firestore.CloudFirestoreV1WriteStream.write(CloudFirestoreV1WriteStream.java:144)
	at com.google.cloud.datastore.emulator.impl.firestore.CloudFirestoreV1WriteStream.onNext(CloudFirestoreV1WriteStream.java:99)
	at com.google.cloud.datastore.emulator.impl.firestore.CloudFirestoreV1WriteStream.onNext(CloudFirestoreV1WriteStream.java:27)
	at com.google.cloud.datastore.emulator.firestore.webchannel.FirestoreV1WebChannelAdapter$FirestoreWriteHandler.onMessage(FirestoreV1WebChannelAdapter.java:160)
	at com.google.cloud.datastore.emulator.firestore.webchannel.FirestoreV1WebChannelAdapter$FirestoreWriteHandler.onMessage(FirestoreV1WebChannelAdapter.java:130)
	at com.google.net.webchannel.server.v8.ChannelInternalImpl.onMessage(ChannelInternalImpl.java:525)
	at com.google.net.webchannel.server.v8.ForwardChannel.deliverMessage(ForwardChannel.java:115)
	at com.google.net.webchannel.server.v8.ForwardChannel.processPendingRequest(ForwardChannel.java:94)
	at com.google.net.webchannel.server.v8.ForwardChannel.consume(ForwardChannel.java:68)
	at com.google.net.webchannel.server.v8.ForwardChannel.add(ForwardChannel.java:61)
	at com.google.net.webchannel.server.v8.ChannelInternalImpl.handleRequestBody(ChannelInternalImpl.java:290)
	at com.google.net.webchannel.server.v8.ChannelInternalImpl.processSessionRequest(ChannelInternalImpl.java:357)
	at com.google.net.webchannel.server.v8.ChannelInternalImpl.handle(ChannelInternalImpl.java:172)
	at com.google.net.webchannel.server.v8.ChannelInternalImpl.consume(ChannelInternalImpl.java:91)
	at com.google.net.webchannel.server.common.ChannelProcessor.run(ChannelProcessor.java:85)

Aug 08, 2026 4:37:00 PM io.gapi.emulators.netty.HttpVersionRoutingHandler channelRead
INFO: Detected non-HTTP/2 connection.
Aug 08, 2026 4:37:00 PM io.gapi.emulators.netty.HttpVersionRoutingHandler channelRead
INFO: Detected non-HTTP/2 connection.
Aug 08, 2026 4:37:00 PM io.gapi.emulators.netty.HttpVersionRoutingHandler channelRead
INFO: Detected non-HTTP/2 connection.
Aug 08, 2026 4:37:00 PM com.google.cloud.datastore.emulator.impl.util.WrappedStreamObserver onError
WARNING: Operation failed: 
false for 'create' @ L28
com.google.cloud.datastore.core.exception.DatastoreException: 
false for 'create' @ L28
	at com.google.cloud.datastore.core.exception.DatastoreException$Builder.build(DatastoreException.java:152)
	at com.google.cloud.datastore.emulator.impl.rules.DefaultEmulatorRulesAuthorizer.verboseError(DefaultEmulatorRulesAuthorizer.java:349)
	at com.google.cloud.datastore.emulator.impl.rules.DefaultEmulatorRulesAuthorizer.withVerboseErrors(DefaultEmulatorRulesAuthorizer.java:326)
	at com.google.cloud.datastore.emulator.impl.rules.DefaultEmulatorRulesAuthorizer.checkCommit(DefaultEmulatorRulesAuthorizer.java:113)
	at com.google.cloud.datastore.emulator.impl.firestore.FirestoreEmulatorHelper.commitHelper(FirestoreEmulatorHelper.java:407)
	at com.google.cloud.datastore.emulator.impl.firestore.FirestoreEmulatorHelper.internalCommit(FirestoreEmulatorHelper.java:348)
	at com.google.cloud.datastore.emulator.impl.firestore.CloudFirestoreV1.internalCommit(CloudFirestoreV1.java:1336)
	at com.google.cloud.datastore.emulator.impl.firestore.CloudFirestoreV1.write(CloudFirestoreV1.java:1321)
	at com.google.cloud.datastore.emulator.impl.firestore.CloudFirestoreV1WriteStream.handleRequest(CloudFirestoreV1WriteStream.java:222)
	at com.google.cloud.datastore.emulator.impl.firestore.CloudFirestoreV1WriteStream.write(CloudFirestoreV1WriteStream.java:144)
	at com.google.cloud.datastore.emulator.impl.firestore.CloudFirestoreV1WriteStream.onNext(CloudFirestoreV1WriteStream.java:99)
	at com.google.cloud.datastore.emulator.impl.firestore.CloudFirestoreV1WriteStream.onNext(CloudFirestoreV1WriteStream.java:27)
	at com.google.cloud.datastore.emulator.firestore.webchannel.FirestoreV1WebChannelAdapter$FirestoreWriteHandler.onMessage(FirestoreV1WebChannelAdapter.java:160)
	at com.google.cloud.datastore.emulator.firestore.webchannel.FirestoreV1WebChannelAdapter$FirestoreWriteHandler.onMessage(FirestoreV1WebChannelAdapter.java:130)
	at com.google.net.webchannel.server.v8.ChannelInternalImpl.onMessage(ChannelInternalImpl.java:525)
	at com.google.net.webchannel.server.v8.ForwardChannel.deliverMessage(ForwardChannel.java:115)
	at com.google.net.webchannel.server.v8.ForwardChannel.processPendingRequest(ForwardChannel.java:94)
	at com.google.net.webchannel.server.v8.ForwardChannel.consume(ForwardChannel.java:68)
	at com.google.net.webchannel.server.v8.ForwardChannel.add(ForwardChannel.java:61)
	at com.google.net.webchannel.server.v8.ChannelInternalImpl.handleRequestBody(ChannelInternalImpl.java:290)
	at com.google.net.webchannel.server.v8.ChannelInternalImpl.processSessionRequest(ChannelInternalImpl.java:357)
	at com.google.net.webchannel.server.v8.ChannelInternalImpl.handle(ChannelInternalImpl.java:172)
	at com.google.net.webchannel.server.v8.ChannelInternalImpl.consume(ChannelInternalImpl.java:91)
	at com.google.net.webchannel.server.common.ChannelProcessor.run(ChannelProcessor.java:85)

Aug 08, 2026 4:37:00 PM io.gapi.emulators.netty.HttpVersionRoutingHandler channelRead
INFO: Detected non-HTTP/2 connection.
Aug 08, 2026 4:37:00 PM com.google.cloud.datastore.emulator.firestore.webchannel.FirestoreV1WebChannelAdapter$FirestoreWriteHandler onClose
INFO: channel closed
Aug 08, 2026 4:37:01 PM io.gapi.emulators.netty.HttpVersionRoutingHandler channelRead
INFO: Detected non-HTTP/2 connection.
Aug 08, 2026 4:37:01 PM com.google.cloud.datastore.emulator.firestore.webchannel.FirestoreV1WebChannelAdapter$FirestoreWriteHandler onClose
INFO: channel closed
Aug 08, 2026 4:37:03 PM io.gapi.emulators.netty.HttpVersionRoutingHandler channelRead
INFO: Detected non-HTTP/2 connection.
Aug 08, 2026 4:37:03 PM io.gapi.emulators.netty.HttpVersionRoutingHandler channelRead
INFO: Detected non-HTTP/2 connection.
Aug 08, 2026 4:37:03 PM io.gapi.emulators.netty.HttpVersionRoutingHandler channelRead
INFO: Detected non-HTTP/2 connection.
Aug 08, 2026 4:37:03 PM io.gapi.emulators.netty.HttpVersionRoutingHandler channelRead
INFO: Detected non-HTTP/2 connection.
Aug 08, 2026 4:37:04 PM io.gapi.emulators.netty.HttpVersionRoutingHandler channelRead
INFO: Detected non-HTTP/2 connection.
Aug 08, 2026 4:37:04 PM io.gapi.emulators.netty.HttpVersionRoutingHandler channelRead
INFO: Detected non-HTTP/2 connection.
Aug 08, 2026 4:37:04 PM io.gapi.emulators.netty.HttpVersionRoutingHandler channelRead
INFO: Detected non-HTTP/2 connection.
Aug 08, 2026 4:37:04 PM com.google.cloud.datastore.emulator.impl.util.WrappedStreamObserver onError
WARNING: Operation failed: No matching allow statements
com.google.cloud.datastore.core.exception.DatastoreException: No matching allow statements
	at com.google.cloud.datastore.core.exception.DatastoreException$Builder.build(DatastoreException.java:152)
	at com.google.cloud.datastore.emulator.impl.rules.DefaultEmulatorRulesAuthorizer.verboseError(DefaultEmulatorRulesAuthorizer.java:349)
	at com.google.cloud.datastore.emulator.impl.rules.DefaultEmulatorRulesAuthorizer.withVerboseErrors(DefaultEmulatorRulesAuthorizer.java:326)
	at com.google.cloud.datastore.emulator.impl.rules.DefaultEmulatorRulesAuthorizer.checkCommit(DefaultEmulatorRulesAuthorizer.java:113)
	at com.google.cloud.datastore.emulator.impl.firestore.FirestoreEmulatorHelper.commitHelper(FirestoreEmulatorHelper.java:407)
	at com.google.cloud.datastore.emulator.impl.firestore.FirestoreEmulatorHelper.internalCommit(FirestoreEmulatorHelper.java:348)
	at com.google.cloud.datastore.emulator.impl.firestore.CloudFirestoreV1.internalCommit(CloudFirestoreV1.java:1336)
	at com.google.cloud.datastore.emulator.impl.firestore.CloudFirestoreV1.write(CloudFirestoreV1.java:1321)
	at com.google.cloud.datastore.emulator.impl.firestore.CloudFirestoreV1WriteStream.handleRequest(CloudFirestoreV1WriteStream.java:222)
	at com.google.cloud.datastore.emulator.impl.firestore.CloudFirestoreV1WriteStream.write(CloudFirestoreV1WriteStream.java:144)
	at com.google.cloud.datastore.emulator.impl.firestore.CloudFirestoreV1WriteStream.onNext(CloudFirestoreV1WriteStream.java:99)
	at com.google.cloud.datastore.emulator.impl.firestore.CloudFirestoreV1WriteStream.onNext(CloudFirestoreV1WriteStream.java:27)
	at com.google.cloud.datastore.emulator.firestore.webchannel.FirestoreV1WebChannelAdapter$FirestoreWriteHandler.onMessage(FirestoreV1WebChannelAdapter.java:160)
	at com.google.cloud.datastore.emulator.firestore.webchannel.FirestoreV1WebChannelAdapter$FirestoreWriteHandler.onMessage(FirestoreV1WebChannelAdapter.java:130)
	at com.google.net.webchannel.server.v8.ChannelInternalImpl.onMessage(ChannelInternalImpl.java:525)
	at com.google.net.webchannel.server.v8.ForwardChannel.deliverMessage(ForwardChannel.java:115)
	at com.google.net.webchannel.server.v8.ForwardChannel.processPendingRequest(ForwardChannel.java:94)
	at com.google.net.webchannel.server.v8.ForwardChannel.consume(ForwardChannel.java:68)
	at com.google.net.webchannel.server.v8.ForwardChannel.add(ForwardChannel.java:61)
	at com.google.net.webchannel.server.v8.ChannelInternalImpl.handleRequestBody(ChannelInternalImpl.java:290)
	at com.google.net.webchannel.server.v8.ChannelInternalImpl.processSessionRequest(ChannelInternalImpl.java:357)
	at com.google.net.webchannel.server.v8.ChannelInternalImpl.handle(ChannelInternalImpl.java:172)
	at com.google.net.webchannel.server.v8.ChannelInternalImpl.consume(ChannelInternalImpl.java:91)
	at com.google.net.webchannel.server.common.ChannelProcessor.run(ChannelProcessor.java:85)

Aug 08, 2026 4:37:04 PM io.gapi.emulators.netty.HttpVersionRoutingHandler channelRead
INFO: Detected non-HTTP/2 connection.
Aug 08, 2026 4:37:04 PM com.google.cloud.datastore.emulator.firestore.webchannel.FirestoreV1WebChannelAdapter$FirestoreListenHandler onClose
INFO: channel closed
Aug 08, 2026 4:37:04 PM io.gapi.emulators.netty.HttpVersionRoutingHandler channelRead
INFO: Detected non-HTTP/2 connection.
Aug 08, 2026 4:37:04 PM com.google.cloud.datastore.emulator.firestore.webchannel.FirestoreV1WebChannelAdapter$FirestoreWriteHandler onClose
INFO: channel closed
Aug 08, 2026 4:37:33 PM io.gapi.emulators.netty.HttpVersionRoutingHandler channelRead
INFO: Detected non-HTTP/2 connection.
Aug 08, 2026 4:37:33 PM io.gapi.emulators.netty.HttpVersionRoutingHandler channelRead
INFO: Detected non-HTTP/2 connection.
Aug 08, 2026 4:37:33 PM io.gapi.emulators.netty.HttpVersionRoutingHandler channelRead
INFO: Detected non-HTTP/2 connection.
Aug 08, 2026 4:37:33 PM io.gapi.emulators.netty.HttpVersionRoutingHandler channelRead
INFO: Detected non-HTTP/2 connection.
Aug 08, 2026 4:37:33 PM io.gapi.emulators.netty.HttpVersionRoutingHandler channelRead
INFO: Detected non-HTTP/2 connection.
Aug 08, 2026 4:37:34 PM io.gapi.emulators.netty.HttpVersionRoutingHandler channelRead
INFO: Detected non-HTTP/2 connection.
Aug 08, 2026 4:37:34 PM com.google.cloud.datastore.emulator.impl.util.WrappedStreamObserver onError
WARNING: Operation failed: No matching allow statements
com.google.cloud.datastore.core.exception.DatastoreException: No matching allow statements
	at com.google.cloud.datastore.core.exception.DatastoreException$Builder.build(DatastoreException.java:152)
	at com.google.cloud.datastore.emulator.impl.rules.DefaultEmulatorRulesAuthorizer.verboseError(DefaultEmulatorRulesAuthorizer.java:349)
	at com.google.cloud.datastore.emulator.impl.rules.DefaultEmulatorRulesAuthorizer.withVerboseErrors(DefaultEmulatorRulesAuthorizer.java:326)
	at com.google.cloud.datastore.emulator.impl.rules.DefaultEmulatorRulesAuthorizer.checkCommit(DefaultEmulatorRulesAuthorizer.java:113)
	at com.google.cloud.datastore.emulator.impl.firestore.FirestoreEmulatorHelper.commitHelper(FirestoreEmulatorHelper.java:407)
	at com.google.cloud.datastore.emulator.impl.firestore.FirestoreEmulatorHelper.internalCommit(FirestoreEmulatorHelper.java:348)
	at com.google.cloud.datastore.emulator.impl.firestore.CloudFirestoreV1.internalCommit(CloudFirestoreV1.java:1336)
	at com.google.cloud.datastore.emulator.impl.firestore.CloudFirestoreV1.write(CloudFirestoreV1.java:1321)
	at com.google.cloud.datastore.emulator.impl.firestore.CloudFirestoreV1WriteStream.handleRequest(CloudFirestoreV1WriteStream.java:222)
	at com.google.cloud.datastore.emulator.impl.firestore.CloudFirestoreV1WriteStream.write(CloudFirestoreV1WriteStream.java:144)
	at com.google.cloud.datastore.emulator.impl.firestore.CloudFirestoreV1WriteStream.onNext(CloudFirestoreV1WriteStream.java:99)
	at com.google.cloud.datastore.emulator.impl.firestore.CloudFirestoreV1WriteStream.onNext(CloudFirestoreV1WriteStream.java:27)
	at com.google.cloud.datastore.emulator.firestore.webchannel.FirestoreV1WebChannelAdapter$FirestoreWriteHandler.onMessage(FirestoreV1WebChannelAdapter.java:160)
	at com.google.cloud.datastore.emulator.firestore.webchannel.FirestoreV1WebChannelAdapter$FirestoreWriteHandler.onMessage(FirestoreV1WebChannelAdapter.java:130)
	at com.google.net.webchannel.server.v8.ChannelInternalImpl.onMessage(ChannelInternalImpl.java:525)
	at com.google.net.webchannel.server.v8.ForwardChannel.deliverMessage(ForwardChannel.java:115)
	at com.google.net.webchannel.server.v8.ForwardChannel.processPendingRequest(ForwardChannel.java:94)
	at com.google.net.webchannel.server.v8.ForwardChannel.consume(ForwardChannel.java:68)
	at com.google.net.webchannel.server.v8.ForwardChannel.add(ForwardChannel.java:61)
	at com.google.net.webchannel.server.v8.ChannelInternalImpl.handleRequestBody(ChannelInternalImpl.java:290)
	at com.google.net.webchannel.server.v8.ChannelInternalImpl.processSessionRequest(ChannelInternalImpl.java:357)
	at com.google.net.webchannel.server.v8.ChannelInternalImpl.handle(ChannelInternalImpl.java:172)
	at com.google.net.webchannel.server.v8.ChannelInternalImpl.consume(ChannelInternalImpl.java:91)
	at com.google.net.webchannel.server.common.ChannelProcessor.run(ChannelProcessor.java:85)

Aug 08, 2026 4:37:34 PM io.gapi.emulators.netty.HttpVersionRoutingHandler channelRead
INFO: Detected non-HTTP/2 connection.
Aug 08, 2026 4:37:34 PM com.google.cloud.datastore.emulator.firestore.webchannel.FirestoreV1WebChannelAdapter$FirestoreWriteHandler onClose
INFO: channel closed
Aug 08, 2026 4:37:37 PM io.gapi.emulators.netty.HttpVersionRoutingHandler channelRead
INFO: Detected non-HTTP/2 connection.
Aug 08, 2026 4:37:37 PM io.gapi.emulators.netty.HttpVersionRoutingHandler channelRead
INFO: Detected non-HTTP/2 connection.
Aug 08, 2026 4:37:37 PM io.gapi.emulators.netty.HttpVersionRoutingHandler channelRead
INFO: Detected non-HTTP/2 connection.
Aug 08, 2026 4:37:37 PM io.gapi.emulators.netty.HttpVersionRoutingHandler channelRead
INFO: Detected non-HTTP/2 connection.
Aug 08, 2026 4:37:37 PM io.gapi.emulators.netty.HttpVersionRoutingHandler channelRead
INFO: Detected non-HTTP/2 connection.
Aug 08, 2026 4:37:38 PM io.gapi.emulators.netty.HttpVersionRoutingHandler channelRead
INFO: Detected non-HTTP/2 connection.
Aug 08, 2026 4:37:38 PM io.gapi.emulators.netty.HttpVersionRoutingHandler channelRead
INFO: Detected non-HTTP/2 connection.
Aug 08, 2026 4:37:38 PM com.google.cloud.datastore.emulator.impl.util.WrappedStreamObserver onError
WARNING: Operation failed: No matching allow statements
com.google.cloud.datastore.core.exception.DatastoreException: No matching allow statements
	at com.google.cloud.datastore.core.exception.DatastoreException$Builder.build(DatastoreException.java:152)
	at com.google.cloud.datastore.emulator.impl.rules.DefaultEmulatorRulesAuthorizer.verboseError(DefaultEmulatorRulesAuthorizer.java:349)
	at com.google.cloud.datastore.emulator.impl.rules.DefaultEmulatorRulesAuthorizer.withVerboseErrors(DefaultEmulatorRulesAuthorizer.java:326)
	at com.google.cloud.datastore.emulator.impl.rules.DefaultEmulatorRulesAuthorizer.checkCommit(DefaultEmulatorRulesAuthorizer.java:113)
	at com.google.cloud.datastore.emulator.impl.firestore.FirestoreEmulatorHelper.commitHelper(FirestoreEmulatorHelper.java:407)
	at com.google.cloud.datastore.emulator.impl.firestore.FirestoreEmulatorHelper.internalCommit(FirestoreEmulatorHelper.java:348)
	at com.google.cloud.datastore.emulator.impl.firestore.CloudFirestoreV1.internalCommit(CloudFirestoreV1.java:1336)
	at com.google.cloud.datastore.emulator.impl.firestore.CloudFirestoreV1.write(CloudFirestoreV1.java:1321)
	at com.google.cloud.datastore.emulator.impl.firestore.CloudFirestoreV1WriteStream.handleRequest(CloudFirestoreV1WriteStream.java:222)
	at com.google.cloud.datastore.emulator.impl.firestore.CloudFirestoreV1WriteStream.write(CloudFirestoreV1WriteStream.java:144)
	at com.google.cloud.datastore.emulator.impl.firestore.CloudFirestoreV1WriteStream.onNext(CloudFirestoreV1WriteStream.java:99)
	at com.google.cloud.datastore.emulator.impl.firestore.CloudFirestoreV1WriteStream.onNext(CloudFirestoreV1WriteStream.java:27)
	at com.google.cloud.datastore.emulator.firestore.webchannel.FirestoreV1WebChannelAdapter$FirestoreWriteHandler.onMessage(FirestoreV1WebChannelAdapter.java:160)
	at com.google.cloud.datastore.emulator.firestore.webchannel.FirestoreV1WebChannelAdapter$FirestoreWriteHandler.onMessage(FirestoreV1WebChannelAdapter.java:130)
	at com.google.net.webchannel.server.v8.ChannelInternalImpl.onMessage(ChannelInternalImpl.java:525)
	at com.google.net.webchannel.server.v8.ForwardChannel.deliverMessage(ForwardChannel.java:115)
	at com.google.net.webchannel.server.v8.ForwardChannel.processPendingRequest(ForwardChannel.java:94)
	at com.google.net.webchannel.server.v8.ForwardChannel.consume(ForwardChannel.java:68)
	at com.google.net.webchannel.server.v8.ForwardChannel.add(ForwardChannel.java:61)
	at com.google.net.webchannel.server.v8.ChannelInternalImpl.handleRequestBody(ChannelInternalImpl.java:290)
	at com.google.net.webchannel.server.v8.ChannelInternalImpl.processSessionRequest(ChannelInternalImpl.java:357)
	at com.google.net.webchannel.server.v8.ChannelInternalImpl.handle(ChannelInternalImpl.java:172)
	at com.google.net.webchannel.server.v8.ChannelInternalImpl.consume(ChannelInternalImpl.java:91)
	at com.google.net.webchannel.server.common.ChannelProcessor.run(ChannelProcessor.java:85)

Aug 08, 2026 4:37:38 PM io.gapi.emulators.netty.HttpVersionRoutingHandler channelRead
INFO: Detected non-HTTP/2 connection.
Aug 08, 2026 4:37:38 PM com.google.cloud.datastore.emulator.firestore.webchannel.FirestoreV1WebChannelAdapter$FirestoreWriteHandler onClose
INFO: channel closed
Aug 08, 2026 4:37:41 PM io.gapi.emulators.netty.HttpVersionRoutingHandler channelRead
INFO: Detected non-HTTP/2 connection.
Aug 08, 2026 4:37:41 PM io.gapi.emulators.netty.HttpVersionRoutingHandler channelRead
INFO: Detected non-HTTP/2 connection.
Aug 08, 2026 4:37:41 PM io.gapi.emulators.netty.HttpVersionRoutingHandler channelRead
INFO: Detected non-HTTP/2 connection.
Aug 08, 2026 4:37:42 PM io.gapi.emulators.netty.HttpVersionRoutingHandler channelRead
INFO: Detected non-HTTP/2 connection.
Aug 08, 2026 4:37:42 PM com.google.cloud.datastore.emulator.impl.util.WrappedStreamObserver onError
WARNING: Operation failed: No matching allow statements
com.google.cloud.datastore.core.exception.DatastoreException: No matching allow statements
	at com.google.cloud.datastore.core.exception.DatastoreException$Builder.build(DatastoreException.java:152)
	at com.google.cloud.datastore.emulator.impl.rules.DefaultEmulatorRulesAuthorizer.verboseError(DefaultEmulatorRulesAuthorizer.java:349)
	at com.google.cloud.datastore.emulator.impl.rules.DefaultEmulatorRulesAuthorizer.withVerboseErrors(DefaultEmulatorRulesAuthorizer.java:326)
	at com.google.cloud.datastore.emulator.impl.rules.DefaultEmulatorRulesAuthorizer.checkCommit(DefaultEmulatorRulesAuthorizer.java:113)
	at com.google.cloud.datastore.emulator.impl.firestore.FirestoreEmulatorHelper.commitHelper(FirestoreEmulatorHelper.java:407)
	at com.google.cloud.datastore.emulator.impl.firestore.FirestoreEmulatorHelper.internalCommit(FirestoreEmulatorHelper.java:348)
	at com.google.cloud.datastore.emulator.impl.firestore.CloudFirestoreV1.internalCommit(CloudFirestoreV1.java:1336)
	at com.google.cloud.datastore.emulator.impl.firestore.CloudFirestoreV1.write(CloudFirestoreV1.java:1321)
	at com.google.cloud.datastore.emulator.impl.firestore.CloudFirestoreV1WriteStream.handleRequest(CloudFirestoreV1WriteStream.java:222)
	at com.google.cloud.datastore.emulator.impl.firestore.CloudFirestoreV1WriteStream.write(CloudFirestoreV1WriteStream.java:144)
	at com.google.cloud.datastore.emulator.impl.firestore.CloudFirestoreV1WriteStream.onNext(CloudFirestoreV1WriteStream.java:99)
	at com.google.cloud.datastore.emulator.impl.firestore.CloudFirestoreV1WriteStream.onNext(CloudFirestoreV1WriteStream.java:27)
	at com.google.cloud.datastore.emulator.firestore.webchannel.FirestoreV1WebChannelAdapter$FirestoreWriteHandler.onMessage(FirestoreV1WebChannelAdapter.java:160)
	at com.google.cloud.datastore.emulator.firestore.webchannel.FirestoreV1WebChannelAdapter$FirestoreWriteHandler.onMessage(FirestoreV1WebChannelAdapter.java:130)
	at com.google.net.webchannel.server.v8.ChannelInternalImpl.onMessage(ChannelInternalImpl.java:525)
	at com.google.net.webchannel.server.v8.ForwardChannel.deliverMessage(ForwardChannel.java:115)
	at com.google.net.webchannel.server.v8.ForwardChannel.processPendingRequest(ForwardChannel.java:94)
	at com.google.net.webchannel.server.v8.ForwardChannel.consume(ForwardChannel.java:68)
	at com.google.net.webchannel.server.v8.ForwardChannel.add(ForwardChannel.java:61)
	at com.google.net.webchannel.server.v8.ChannelInternalImpl.handleRequestBody(ChannelInternalImpl.java:290)
	at com.google.net.webchannel.server.v8.ChannelInternalImpl.processSessionRequest(ChannelInternalImpl.java:357)
	at com.google.net.webchannel.server.v8.ChannelInternalImpl.handle(ChannelInternalImpl.java:172)
	at com.google.net.webchannel.server.v8.ChannelInternalImpl.consume(ChannelInternalImpl.java:91)
	at com.google.net.webchannel.server.common.ChannelProcessor.run(ChannelProcessor.java:85)

Aug 08, 2026 4:37:42 PM io.gapi.emulators.netty.HttpVersionRoutingHandler channelRead
INFO: Detected non-HTTP/2 connection.
Aug 08, 2026 4:37:42 PM com.google.cloud.datastore.emulator.firestore.webchannel.FirestoreV1WebChannelAdapter$FirestoreWriteHandler onClose
INFO: channel closed
Aug 08, 2026 4:37:47 PM io.gapi.emulators.netty.HttpVersionRoutingHandler channelRead
INFO: Detected non-HTTP/2 connection.
Aug 08, 2026 4:37:49 PM io.gapi.emulators.netty.HttpVersionRoutingHandler channelRead
INFO: Detected non-HTTP/2 connection.
Aug 08, 2026 4:37:49 PM io.gapi.emulators.netty.HttpVersionRoutingHandler channelRead
INFO: Detected non-HTTP/2 connection.
Aug 08, 2026 4:37:49 PM io.gapi.emulators.netty.HttpVersionRoutingHandler channelRead
INFO: Detected non-HTTP/2 connection.
Aug 08, 2026 4:37:50 PM io.gapi.emulators.netty.HttpVersionRoutingHandler channelRead
INFO: Detected non-HTTP/2 connection.
Aug 08, 2026 4:37:50 PM io.gapi.emulators.netty.HttpVersionRoutingHandler channelRead
INFO: Detected non-HTTP/2 connection.
Aug 08, 2026 4:37:50 PM io.gapi.emulators.netty.HttpVersionRoutingHandler channelRead
INFO: Detected non-HTTP/2 connection.
Aug 08, 2026 4:37:50 PM io.gapi.emulators.netty.HttpVersionRoutingHandler channelRead
INFO: Detected non-HTTP/2 connection.
Aug 08, 2026 4:37:50 PM io.gapi.emulators.netty.HttpVersionRoutingHandler channelRead
INFO: Detected non-HTTP/2 connection.
Aug 08, 2026 4:37:50 PM io.gapi.emulators.netty.HttpVersionRoutingHandler channelRead
INFO: Detected non-HTTP/2 connection.
Aug 08, 2026 4:37:50 PM io.gapi.emulators.netty.HttpVersionRoutingHandler channelRead
INFO: Detected non-HTTP/2 connection.
Aug 08, 2026 4:37:50 PM io.gapi.emulators.netty.HttpVersionRoutingHandler channelRead
INFO: Detected non-HTTP/2 connection.
Aug 08, 2026 4:37:50 PM com.google.cloud.datastore.emulator.impl.util.WrappedStreamObserver onError
WARNING: Operation failed: No matching allow statements
com.google.cloud.datastore.core.exception.DatastoreException: No matching allow statements
	at com.google.cloud.datastore.core.exception.DatastoreException$Builder.build(DatastoreException.java:152)
	at com.google.cloud.datastore.emulator.impl.rules.DefaultEmulatorRulesAuthorizer.verboseError(DefaultEmulatorRulesAuthorizer.java:349)
	at com.google.cloud.datastore.emulator.impl.rules.DefaultEmulatorRulesAuthorizer.withVerboseErrors(DefaultEmulatorRulesAuthorizer.java:326)
	at com.google.cloud.datastore.emulator.impl.rules.DefaultEmulatorRulesAuthorizer.checkCommit(DefaultEmulatorRulesAuthorizer.java:113)
	at com.google.cloud.datastore.emulator.impl.firestore.FirestoreEmulatorHelper.commitHelper(FirestoreEmulatorHelper.java:407)
	at com.google.cloud.datastore.emulator.impl.firestore.FirestoreEmulatorHelper.internalCommit(FirestoreEmulatorHelper.java:348)
	at com.google.cloud.datastore.emulator.impl.firestore.CloudFirestoreV1.internalCommit(CloudFirestoreV1.java:1336)
	at com.google.cloud.datastore.emulator.impl.firestore.CloudFirestoreV1.write(CloudFirestoreV1.java:1321)
	at com.google.cloud.datastore.emulator.impl.firestore.CloudFirestoreV1WriteStream.handleRequest(CloudFirestoreV1WriteStream.java:222)
	at com.google.cloud.datastore.emulator.impl.firestore.CloudFirestoreV1WriteStream.write(CloudFirestoreV1WriteStream.java:144)
	at com.google.cloud.datastore.emulator.impl.firestore.CloudFirestoreV1WriteStream.onNext(CloudFirestoreV1WriteStream.java:99)
	at com.google.cloud.datastore.emulator.impl.firestore.CloudFirestoreV1WriteStream.onNext(CloudFirestoreV1WriteStream.java:27)
	at com.google.cloud.datastore.emulator.firestore.webchannel.FirestoreV1WebChannelAdapter$FirestoreWriteHandler.onMessage(FirestoreV1WebChannelAdapter.java:160)
	at com.google.cloud.datastore.emulator.firestore.webchannel.FirestoreV1WebChannelAdapter$FirestoreWriteHandler.onMessage(FirestoreV1WebChannelAdapter.java:130)
	at com.google.net.webchannel.server.v8.ChannelInternalImpl.onMessage(ChannelInternalImpl.java:525)
	at com.google.net.webchannel.server.v8.ForwardChannel.deliverMessage(ForwardChannel.java:115)
	at com.google.net.webchannel.server.v8.ForwardChannel.processPendingRequest(ForwardChannel.java:94)
	at com.google.net.webchannel.server.v8.ForwardChannel.consume(ForwardChannel.java:68)
	at com.google.net.webchannel.server.v8.ForwardChannel.add(ForwardChannel.java:61)
	at com.google.net.webchannel.server.v8.ChannelInternalImpl.handleRequestBody(ChannelInternalImpl.java:290)
	at com.google.net.webchannel.server.v8.ChannelInternalImpl.processSessionRequest(ChannelInternalImpl.java:357)
	at com.google.net.webchannel.server.v8.ChannelInternalImpl.handle(ChannelInternalImpl.java:172)
	at com.google.net.webchannel.server.v8.ChannelInternalImpl.consume(ChannelInternalImpl.java:91)
	at com.google.net.webchannel.server.common.ChannelProcessor.run(ChannelProcessor.java:85)

Aug 08, 2026 4:37:50 PM io.gapi.emulators.netty.HttpVersionRoutingHandler channelRead
INFO: Detected non-HTTP/2 connection.
Aug 08, 2026 4:37:50 PM io.gapi.emulators.netty.HttpVersionRoutingHandler channelRead
INFO: Detected non-HTTP/2 connection.
Aug 08, 2026 4:37:50 PM com.google.cloud.datastore.emulator.firestore.webchannel.FirestoreV1WebChannelAdapter$FirestoreWriteHandler onClose
INFO: channel closed
Aug 08, 2026 4:38:00 PM io.gapi.emulators.netty.HttpVersionRoutingHandler channelRead
INFO: Detected non-HTTP/2 connection.
Aug 08, 2026 4:38:01 PM io.gapi.emulators.netty.HttpVersionRoutingHandler channelRead
INFO: Detected non-HTTP/2 connection.
Aug 08, 2026 4:38:01 PM io.gapi.emulators.netty.HttpVersionRoutingHandler channelRead
INFO: Detected non-HTTP/2 connection.
Aug 08, 2026 4:38:01 PM com.google.cloud.datastore.emulator.impl.util.WrappedStreamObserver onError
WARNING: Operation failed: No matching allow statements
com.google.cloud.datastore.core.exception.DatastoreException: No matching allow statements
	at com.google.cloud.datastore.core.exception.DatastoreException$Builder.build(DatastoreException.java:152)
	at com.google.cloud.datastore.emulator.impl.rules.DefaultEmulatorRulesAuthorizer.verboseError(DefaultEmulatorRulesAuthorizer.java:349)
	at com.google.cloud.datastore.emulator.impl.rules.DefaultEmulatorRulesAuthorizer.withVerboseErrors(DefaultEmulatorRulesAuthorizer.java:326)
	at com.google.cloud.datastore.emulator.impl.rules.DefaultEmulatorRulesAuthorizer.checkCommit(DefaultEmulatorRulesAuthorizer.java:113)
	at com.google.cloud.datastore.emulator.impl.firestore.FirestoreEmulatorHelper.commitHelper(FirestoreEmulatorHelper.java:407)
	at com.google.cloud.datastore.emulator.impl.firestore.FirestoreEmulatorHelper.internalCommit(FirestoreEmulatorHelper.java:348)
	at com.google.cloud.datastore.emulator.impl.firestore.CloudFirestoreV1.internalCommit(CloudFirestoreV1.java:1336)
	at com.google.cloud.datastore.emulator.impl.firestore.CloudFirestoreV1.write(CloudFirestoreV1.java:1321)
	at com.google.cloud.datastore.emulator.impl.firestore.CloudFirestoreV1WriteStream.handleRequest(CloudFirestoreV1WriteStream.java:222)
	at com.google.cloud.datastore.emulator.impl.firestore.CloudFirestoreV1WriteStream.write(CloudFirestoreV1WriteStream.java:144)
	at com.google.cloud.datastore.emulator.impl.firestore.CloudFirestoreV1WriteStream.onNext(CloudFirestoreV1WriteStream.java:99)
	at com.google.cloud.datastore.emulator.impl.firestore.CloudFirestoreV1WriteStream.onNext(CloudFirestoreV1WriteStream.java:27)
	at com.google.cloud.datastore.emulator.firestore.webchannel.FirestoreV1WebChannelAdapter$FirestoreWriteHandler.onMessage(FirestoreV1WebChannelAdapter.java:160)
	at com.google.cloud.datastore.emulator.firestore.webchannel.FirestoreV1WebChannelAdapter$FirestoreWriteHandler.onMessage(FirestoreV1WebChannelAdapter.java:130)
	at com.google.net.webchannel.server.v8.ChannelInternalImpl.onMessage(ChannelInternalImpl.java:525)
	at com.google.net.webchannel.server.v8.ForwardChannel.deliverMessage(ForwardChannel.java:115)
	at com.google.net.webchannel.server.v8.ForwardChannel.processPendingRequest(ForwardChannel.java:94)
	at com.google.net.webchannel.server.v8.ForwardChannel.consume(ForwardChannel.java:68)
	at com.google.net.webchannel.server.v8.ForwardChannel.add(ForwardChannel.java:61)
	at com.google.net.webchannel.server.v8.ChannelInternalImpl.handleRequestBody(ChannelInternalImpl.java:290)
	at com.google.net.webchannel.server.v8.ChannelInternalImpl.processSessionRequest(ChannelInternalImpl.java:357)
	at com.google.net.webchannel.server.v8.ChannelInternalImpl.handle(ChannelInternalImpl.java:172)
	at com.google.net.webchannel.server.v8.ChannelInternalImpl.consume(ChannelInternalImpl.java:91)
	at com.google.net.webchannel.server.common.ChannelProcessor.run(ChannelProcessor.java:85)

Aug 08, 2026 4:38:01 PM io.gapi.emulators.netty.HttpVersionRoutingHandler channelRead
INFO: Detected non-HTTP/2 connection.
Aug 08, 2026 4:38:01 PM com.google.cloud.datastore.emulator.firestore.webchannel.FirestoreV1WebChannelAdapter$FirestoreWriteHandler onClose
INFO: channel closed
Aug 08, 2026 4:38:09 PM io.gapi.emulators.netty.HttpVersionRoutingHandler channelRead
INFO: Detected non-HTTP/2 connection.
Aug 08, 2026 4:38:09 PM io.gapi.emulators.netty.HttpVersionRoutingHandler channelRead
INFO: Detected non-HTTP/2 connection.
Aug 08, 2026 4:38:09 PM io.gapi.emulators.netty.HttpVersionRoutingHandler channelRead
INFO: Detected non-HTTP/2 connection.
Aug 08, 2026 4:38:10 PM io.gapi.emulators.netty.HttpVersionRoutingHandler channelRead
INFO: Detected non-HTTP/2 connection.
Aug 08, 2026 4:38:10 PM io.gapi.emulators.netty.HttpVersionRoutingHandler channelRead
INFO: Detected non-HTTP/2 connection.
Aug 08, 2026 4:38:10 PM io.gapi.emulators.netty.HttpVersionRoutingHandler channelRead
INFO: Detected non-HTTP/2 connection.
Aug 08, 2026 4:38:10 PM io.gapi.emulators.netty.HttpVersionRoutingHandler channelRead
INFO: Detected non-HTTP/2 connection.
Aug 08, 2026 4:38:10 PM io.gapi.emulators.netty.HttpVersionRoutingHandler channelRead
INFO: Detected non-HTTP/2 connection.
Aug 08, 2026 4:38:10 PM io.gapi.emulators.netty.HttpVersionRoutingHandler channelRead
INFO: Detected non-HTTP/2 connection.
Aug 08, 2026 4:38:10 PM io.gapi.emulators.netty.HttpVersionRoutingHandler channelRead
INFO: Detected non-HTTP/2 connection.
Aug 08, 2026 4:38:10 PM io.gapi.emulators.netty.HttpVersionRoutingHandler channelRead
INFO: Detected non-HTTP/2 connection.
Aug 08, 2026 4:38:10 PM com.google.cloud.datastore.emulator.impl.util.WrappedStreamObserver onError
WARNING: Operation failed: No matching allow statements
com.google.cloud.datastore.core.exception.DatastoreException: No matching allow statements
	at com.google.cloud.datastore.core.exception.DatastoreException$Builder.build(DatastoreException.java:152)
	at com.google.cloud.datastore.emulator.impl.rules.DefaultEmulatorRulesAuthorizer.verboseError(DefaultEmulatorRulesAuthorizer.java:349)
	at com.google.cloud.datastore.emulator.impl.rules.DefaultEmulatorRulesAuthorizer.withVerboseErrors(DefaultEmulatorRulesAuthorizer.java:326)
	at com.google.cloud.datastore.emulator.impl.rules.DefaultEmulatorRulesAuthorizer.checkCommit(DefaultEmulatorRulesAuthorizer.java:113)
	at com.google.cloud.datastore.emulator.impl.firestore.FirestoreEmulatorHelper.commitHelper(FirestoreEmulatorHelper.java:407)
	at com.google.cloud.datastore.emulator.impl.firestore.FirestoreEmulatorHelper.internalCommit(FirestoreEmulatorHelper.java:348)
	at com.google.cloud.datastore.emulator.impl.firestore.CloudFirestoreV1.internalCommit(CloudFirestoreV1.java:1336)
	at com.google.cloud.datastore.emulator.impl.firestore.CloudFirestoreV1.write(CloudFirestoreV1.java:1321)
	at com.google.cloud.datastore.emulator.impl.firestore.CloudFirestoreV1WriteStream.handleRequest(CloudFirestoreV1WriteStream.java:222)
	at com.google.cloud.datastore.emulator.impl.firestore.CloudFirestoreV1WriteStream.write(CloudFirestoreV1WriteStream.java:144)
	at com.google.cloud.datastore.emulator.impl.firestore.CloudFirestoreV1WriteStream.onNext(CloudFirestoreV1WriteStream.java:99)
	at com.google.cloud.datastore.emulator.impl.firestore.CloudFirestoreV1WriteStream.onNext(CloudFirestoreV1WriteStream.java:27)
	at com.google.cloud.datastore.emulator.firestore.webchannel.FirestoreV1WebChannelAdapter$FirestoreWriteHandler.onMessage(FirestoreV1WebChannelAdapter.java:160)
	at com.google.cloud.datastore.emulator.firestore.webchannel.FirestoreV1WebChannelAdapter$FirestoreWriteHandler.onMessage(FirestoreV1WebChannelAdapter.java:130)
	at com.google.net.webchannel.server.v8.ChannelInternalImpl.onMessage(ChannelInternalImpl.java:525)
	at com.google.net.webchannel.server.v8.ForwardChannel.deliverMessage(ForwardChannel.java:115)
	at com.google.net.webchannel.server.v8.ForwardChannel.processPendingRequest(ForwardChannel.java:94)
	at com.google.net.webchannel.server.v8.ForwardChannel.consume(ForwardChannel.java:68)
	at com.google.net.webchannel.server.v8.ForwardChannel.add(ForwardChannel.java:61)
	at com.google.net.webchannel.server.v8.ChannelInternalImpl.handleRequestBody(ChannelInternalImpl.java:290)
	at com.google.net.webchannel.server.v8.ChannelInternalImpl.processSessionRequest(ChannelInternalImpl.java:357)
	at com.google.net.webchannel.server.v8.ChannelInternalImpl.handle(ChannelInternalImpl.java:172)
	at com.google.net.webchannel.server.v8.ChannelInternalImpl.consume(ChannelInternalImpl.java:91)
	at com.google.net.webchannel.server.common.ChannelProcessor.run(ChannelProcessor.java:85)

Aug 08, 2026 4:38:10 PM io.gapi.emulators.netty.HttpVersionRoutingHandler channelRead
INFO: Detected non-HTTP/2 connection.
Aug 08, 2026 4:38:10 PM io.gapi.emulators.netty.HttpVersionRoutingHandler channelRead
INFO: Detected non-HTTP/2 connection.
Aug 08, 2026 4:38:10 PM com.google.cloud.datastore.emulator.firestore.webchannel.FirestoreV1WebChannelAdapter$FirestoreWriteHandler onClose
INFO: channel closed
Aug 08, 2026 4:38:27 PM io.gapi.emulators.netty.HttpVersionRoutingHandler channelRead
INFO: Detected non-HTTP/2 connection.
Aug 08, 2026 4:38:27 PM io.gapi.emulators.netty.HttpVersionRoutingHandler channelRead
INFO: Detected non-HTTP/2 connection.
Aug 08, 2026 4:38:27 PM io.gapi.emulators.netty.HttpVersionRoutingHandler channelRead
INFO: Detected non-HTTP/2 connection.
Aug 08, 2026 4:38:27 PM io.gapi.emulators.netty.HttpVersionRoutingHandler channelRead
INFO: Detected non-HTTP/2 connection.
Aug 08, 2026 4:38:27 PM com.google.cloud.datastore.emulator.firestore.webchannel.FirestoreV1WebChannelAdapter$FirestoreListenHandler onClose
INFO: channel closed
Aug 08, 2026 4:38:36 PM io.gapi.emulators.netty.HttpVersionRoutingHandler channelRead
INFO: Detected non-HTTP/2 connection.
Aug 08, 2026 4:38:36 PM io.gapi.emulators.netty.HttpVersionRoutingHandler channelRead
INFO: Detected non-HTTP/2 connection.
Aug 08, 2026 4:38:37 PM io.gapi.emulators.netty.HttpVersionRoutingHandler channelRead
INFO: Detected non-HTTP/2 connection.
Aug 08, 2026 4:38:37 PM io.gapi.emulators.netty.HttpVersionRoutingHandler channelRead
INFO: Detected non-HTTP/2 connection.
Aug 08, 2026 4:38:37 PM io.gapi.emulators.netty.HttpVersionRoutingHandler channelRead
INFO: Detected non-HTTP/2 connection.
Aug 08, 2026 4:38:37 PM io.gapi.emulators.netty.HttpVersionRoutingHandler channelRead
INFO: Detected non-HTTP/2 connection.
Aug 08, 2026 4:38:37 PM io.gapi.emulators.netty.HttpVersionRoutingHandler channelRead
INFO: Detected non-HTTP/2 connection.
Aug 08, 2026 4:38:37 PM io.gapi.emulators.netty.HttpVersionRoutingHandler channelRead
INFO: Detected non-HTTP/2 connection.
Aug 08, 2026 4:38:37 PM io.gapi.emulators.netty.HttpVersionRoutingHandler channelRead
INFO: Detected non-HTTP/2 connection.
Aug 08, 2026 4:38:37 PM com.google.cloud.datastore.emulator.impl.util.WrappedStreamObserver onError
WARNING: Operation failed: No matching allow statements
com.google.cloud.datastore.core.exception.DatastoreException: No matching allow statements
	at com.google.cloud.datastore.core.exception.DatastoreException$Builder.build(DatastoreException.java:152)
	at com.google.cloud.datastore.emulator.impl.rules.DefaultEmulatorRulesAuthorizer.verboseError(DefaultEmulatorRulesAuthorizer.java:349)
	at com.google.cloud.datastore.emulator.impl.rules.DefaultEmulatorRulesAuthorizer.withVerboseErrors(DefaultEmulatorRulesAuthorizer.java:326)
	at com.google.cloud.datastore.emulator.impl.rules.DefaultEmulatorRulesAuthorizer.checkCommit(DefaultEmulatorRulesAuthorizer.java:113)
	at com.google.cloud.datastore.emulator.impl.firestore.FirestoreEmulatorHelper.commitHelper(FirestoreEmulatorHelper.java:407)
	at com.google.cloud.datastore.emulator.impl.firestore.FirestoreEmulatorHelper.internalCommit(FirestoreEmulatorHelper.java:348)
	at com.google.cloud.datastore.emulator.impl.firestore.CloudFirestoreV1.internalCommit(CloudFirestoreV1.java:1336)
	at com.google.cloud.datastore.emulator.impl.firestore.CloudFirestoreV1.write(CloudFirestoreV1.java:1321)
	at com.google.cloud.datastore.emulator.impl.firestore.CloudFirestoreV1WriteStream.handleRequest(CloudFirestoreV1WriteStream.java:222)
	at com.google.cloud.datastore.emulator.impl.firestore.CloudFirestoreV1WriteStream.write(CloudFirestoreV1WriteStream.java:144)
	at com.google.cloud.datastore.emulator.impl.firestore.CloudFirestoreV1WriteStream.onNext(CloudFirestoreV1WriteStream.java:99)
	at com.google.cloud.datastore.emulator.impl.firestore.CloudFirestoreV1WriteStream.onNext(CloudFirestoreV1WriteStream.java:27)
	at com.google.cloud.datastore.emulator.firestore.webchannel.FirestoreV1WebChannelAdapter$FirestoreWriteHandler.onMessage(FirestoreV1WebChannelAdapter.java:160)
	at com.google.cloud.datastore.emulator.firestore.webchannel.FirestoreV1WebChannelAdapter$FirestoreWriteHandler.onMessage(FirestoreV1WebChannelAdapter.java:130)
	at com.google.net.webchannel.server.v8.ChannelInternalImpl.onMessage(ChannelInternalImpl.java:525)
	at com.google.net.webchannel.server.v8.ForwardChannel.deliverMessage(ForwardChannel.java:115)
	at com.google.net.webchannel.server.v8.ForwardChannel.processPendingRequest(ForwardChannel.java:94)
	at com.google.net.webchannel.server.v8.ForwardChannel.consume(ForwardChannel.java:68)
	at com.google.net.webchannel.server.v8.ForwardChannel.add(ForwardChannel.java:61)
	at com.google.net.webchannel.server.v8.ChannelInternalImpl.handleRequestBody(ChannelInternalImpl.java:290)
	at com.google.net.webchannel.server.v8.ChannelInternalImpl.processSessionRequest(ChannelInternalImpl.java:357)
	at com.google.net.webchannel.server.v8.ChannelInternalImpl.handle(ChannelInternalImpl.java:172)
	at com.google.net.webchannel.server.v8.ChannelInternalImpl.consume(ChannelInternalImpl.java:91)
	at com.google.net.webchannel.server.common.ChannelProcessor.run(ChannelProcessor.java:85)

Aug 08, 2026 4:38:37 PM io.gapi.emulators.netty.HttpVersionRoutingHandler channelRead
INFO: Detected non-HTTP/2 connection.
Aug 08, 2026 4:38:37 PM io.gapi.emulators.netty.HttpVersionRoutingHandler channelRead
INFO: Detected non-HTTP/2 connection.
Aug 08, 2026 4:38:37 PM com.google.cloud.datastore.emulator.firestore.webchannel.FirestoreV1WebChannelAdapter$FirestoreWriteHandler onClose
INFO: channel closed
Aug 08, 2026 4:38:37 PM io.gapi.emulators.netty.HttpVersionRoutingHandler channelRead
INFO: Detected non-HTTP/2 connection.
Aug 08, 2026 4:38:37 PM com.google.cloud.datastore.emulator.firestore.webchannel.FirestoreV1WebChannelAdapter$FirestoreListenHandler onClose
INFO: channel closed
Aug 08, 2026 4:38:39 PM io.gapi.emulators.netty.HttpVersionRoutingHandler channelRead
INFO: Detected non-HTTP/2 connection.
Aug 08, 2026 4:38:39 PM io.gapi.emulators.netty.HttpVersionRoutingHandler channelRead
INFO: Detected non-HTTP/2 connection.
Aug 08, 2026 4:38:39 PM io.gapi.emulators.netty.HttpVersionRoutingHandler channelRead
INFO: Detected non-HTTP/2 connection.
Aug 08, 2026 4:38:39 PM io.gapi.emulators.netty.HttpVersionRoutingHandler channelRead
INFO: Detected non-HTTP/2 connection.
Aug 08, 2026 4:38:39 PM io.gapi.emulators.netty.HttpVersionRoutingHandler channelRead
INFO: Detected non-HTTP/2 connection.
Aug 08, 2026 4:38:39 PM io.gapi.emulators.netty.HttpVersionRoutingHandler channelRead
INFO: Detected non-HTTP/2 connection.
Aug 08, 2026 4:38:40 PM io.gapi.emulators.netty.HttpVersionRoutingHandler channelRead
INFO: Detected non-HTTP/2 connection.
Aug 08, 2026 4:38:40 PM io.gapi.emulators.netty.HttpVersionRoutingHandler channelRead
INFO: Detected non-HTTP/2 connection.
Aug 08, 2026 4:38:40 PM com.google.cloud.datastore.emulator.impl.util.WrappedStreamObserver onError
WARNING: Operation failed: No matching allow statements
com.google.cloud.datastore.core.exception.DatastoreException: No matching allow statements
	at com.google.cloud.datastore.core.exception.DatastoreException$Builder.build(DatastoreException.java:152)
	at com.google.cloud.datastore.emulator.impl.rules.DefaultEmulatorRulesAuthorizer.verboseError(DefaultEmulatorRulesAuthorizer.java:349)
	at com.google.cloud.datastore.emulator.impl.rules.DefaultEmulatorRulesAuthorizer.withVerboseErrors(DefaultEmulatorRulesAuthorizer.java:326)
	at com.google.cloud.datastore.emulator.impl.rules.DefaultEmulatorRulesAuthorizer.checkCommit(DefaultEmulatorRulesAuthorizer.java:113)
	at com.google.cloud.datastore.emulator.impl.firestore.FirestoreEmulatorHelper.commitHelper(FirestoreEmulatorHelper.java:407)
	at com.google.cloud.datastore.emulator.impl.firestore.FirestoreEmulatorHelper.internalCommit(FirestoreEmulatorHelper.java:348)
	at com.google.cloud.datastore.emulator.impl.firestore.CloudFirestoreV1.internalCommit(CloudFirestoreV1.java:1336)
	at com.google.cloud.datastore.emulator.impl.firestore.CloudFirestoreV1.write(CloudFirestoreV1.java:1321)
	at com.google.cloud.datastore.emulator.impl.firestore.CloudFirestoreV1WriteStream.handleRequest(CloudFirestoreV1WriteStream.java:222)
	at com.google.cloud.datastore.emulator.impl.firestore.CloudFirestoreV1WriteStream.write(CloudFirestoreV1WriteStream.java:144)
	at com.google.cloud.datastore.emulator.impl.firestore.CloudFirestoreV1WriteStream.onNext(CloudFirestoreV1WriteStream.java:99)
	at com.google.cloud.datastore.emulator.impl.firestore.CloudFirestoreV1WriteStream.onNext(CloudFirestoreV1WriteStream.java:27)
	at com.google.cloud.datastore.emulator.firestore.webchannel.FirestoreV1WebChannelAdapter$FirestoreWriteHandler.onMessage(FirestoreV1WebChannelAdapter.java:160)
	at com.google.cloud.datastore.emulator.firestore.webchannel.FirestoreV1WebChannelAdapter$FirestoreWriteHandler.onMessage(FirestoreV1WebChannelAdapter.java:130)
	at com.google.net.webchannel.server.v8.ChannelInternalImpl.onMessage(ChannelInternalImpl.java:525)
	at com.google.net.webchannel.server.v8.ForwardChannel.deliverMessage(ForwardChannel.java:115)
	at com.google.net.webchannel.server.v8.ForwardChannel.processPendingRequest(ForwardChannel.java:94)
	at com.google.net.webchannel.server.v8.ForwardChannel.consume(ForwardChannel.java:68)
	at com.google.net.webchannel.server.v8.ForwardChannel.add(ForwardChannel.java:61)
	at com.google.net.webchannel.server.v8.ChannelInternalImpl.handleRequestBody(ChannelInternalImpl.java:290)
	at com.google.net.webchannel.server.v8.ChannelInternalImpl.processSessionRequest(ChannelInternalImpl.java:357)
	at com.google.net.webchannel.server.v8.ChannelInternalImpl.handle(ChannelInternalImpl.java:172)
	at com.google.net.webchannel.server.v8.ChannelInternalImpl.consume(ChannelInternalImpl.java:91)
	at com.google.net.webchannel.server.common.ChannelProcessor.run(ChannelProcessor.java:85)

Aug 08, 2026 4:38:40 PM io.gapi.emulators.netty.HttpVersionRoutingHandler channelRead
INFO: Detected non-HTTP/2 connection.
Aug 08, 2026 4:38:40 PM com.google.cloud.datastore.emulator.impl.util.WrappedStreamObserver onError
WARNING: Operation failed: No matching allow statements
com.google.cloud.datastore.core.exception.DatastoreException: No matching allow statements
	at com.google.cloud.datastore.core.exception.DatastoreException$Builder.build(DatastoreException.java:152)
	at com.google.cloud.datastore.emulator.impl.rules.DefaultEmulatorRulesAuthorizer.verboseError(DefaultEmulatorRulesAuthorizer.java:349)
	at com.google.cloud.datastore.emulator.impl.rules.DefaultEmulatorRulesAuthorizer.withVerboseErrors(DefaultEmulatorRulesAuthorizer.java:326)
	at com.google.cloud.datastore.emulator.impl.rules.DefaultEmulatorRulesAuthorizer.checkCommit(DefaultEmulatorRulesAuthorizer.java:113)
	at com.google.cloud.datastore.emulator.impl.firestore.FirestoreEmulatorHelper.commitHelper(FirestoreEmulatorHelper.java:407)
	at com.google.cloud.datastore.emulator.impl.firestore.FirestoreEmulatorHelper.internalCommit(FirestoreEmulatorHelper.java:348)
	at com.google.cloud.datastore.emulator.impl.firestore.CloudFirestoreV1.internalCommit(CloudFirestoreV1.java:1336)
	at com.google.cloud.datastore.emulator.impl.firestore.CloudFirestoreV1.write(CloudFirestoreV1.java:1321)
	at com.google.cloud.datastore.emulator.impl.firestore.CloudFirestoreV1WriteStream.handleRequest(CloudFirestoreV1WriteStream.java:222)
	at com.google.cloud.datastore.emulator.impl.firestore.CloudFirestoreV1WriteStream.write(CloudFirestoreV1WriteStream.java:144)
	at com.google.cloud.datastore.emulator.impl.firestore.CloudFirestoreV1WriteStream.onNext(CloudFirestoreV1WriteStream.java:99)
	at com.google.cloud.datastore.emulator.impl.firestore.CloudFirestoreV1WriteStream.onNext(CloudFirestoreV1WriteStream.java:27)
	at com.google.cloud.datastore.emulator.firestore.webchannel.FirestoreV1WebChannelAdapter$FirestoreWriteHandler.onMessage(FirestoreV1WebChannelAdapter.java:160)
	at com.google.cloud.datastore.emulator.firestore.webchannel.FirestoreV1WebChannelAdapter$FirestoreWriteHandler.onMessage(FirestoreV1WebChannelAdapter.java:130)
	at com.google.net.webchannel.server.v8.ChannelInternalImpl.onMessage(ChannelInternalImpl.java:525)
	at com.google.net.webchannel.server.v8.ForwardChannel.deliverMessage(ForwardChannel.java:115)
	at com.google.net.webchannel.server.v8.ForwardChannel.processPendingRequest(ForwardChannel.java:94)
	at com.google.net.webchannel.server.v8.ForwardChannel.consume(ForwardChannel.java:68)
	at com.google.net.webchannel.server.v8.ForwardChannel.add(ForwardChannel.java:61)
	at com.google.net.webchannel.server.v8.ChannelInternalImpl.handleRequestBody(ChannelInternalImpl.java:290)
	at com.google.net.webchannel.server.v8.ChannelInternalImpl.processSessionRequest(ChannelInternalImpl.java:357)
	at com.google.net.webchannel.server.v8.ChannelInternalImpl.handle(ChannelInternalImpl.java:172)
	at com.google.net.webchannel.server.v8.ChannelInternalImpl.consume(ChannelInternalImpl.java:91)
	at com.google.net.webchannel.server.common.ChannelProcessor.run(ChannelProcessor.java:85)

Aug 08, 2026 4:38:40 PM io.gapi.emulators.netty.HttpVersionRoutingHandler channelRead
INFO: Detected non-HTTP/2 connection.
Aug 08, 2026 4:38:40 PM com.google.cloud.datastore.emulator.firestore.webchannel.FirestoreV1WebChannelAdapter$FirestoreWriteHandler onClose
INFO: channel closed
Aug 08, 2026 4:38:40 PM io.gapi.emulators.netty.HttpVersionRoutingHandler channelRead
INFO: Detected non-HTTP/2 connection.
Aug 08, 2026 4:38:40 PM com.google.cloud.datastore.emulator.firestore.webchannel.FirestoreV1WebChannelAdapter$FirestoreWriteHandler onClose
INFO: channel closed
Aug 08, 2026 4:38:40 PM io.gapi.emulators.netty.HttpVersionRoutingHandler channelRead
INFO: Detected non-HTTP/2 connection.
Aug 08, 2026 4:38:42 PM io.gapi.emulators.netty.HttpVersionRoutingHandler channelRead
INFO: Detected non-HTTP/2 connection.
Aug 08, 2026 4:38:42 PM io.gapi.emulators.netty.HttpVersionRoutingHandler channelRead
INFO: Detected non-HTTP/2 connection.
Aug 08, 2026 4:38:42 PM io.gapi.emulators.netty.HttpVersionRoutingHandler channelRead
INFO: Detected non-HTTP/2 connection.
Aug 08, 2026 4:38:44 PM io.gapi.emulators.netty.HttpVersionRoutingHandler channelRead
INFO: Detected non-HTTP/2 connection.
Aug 08, 2026 4:38:44 PM io.gapi.emulators.netty.HttpVersionRoutingHandler channelRead
INFO: Detected non-HTTP/2 connection.
Aug 08, 2026 4:38:44 PM io.gapi.emulators.netty.HttpVersionRoutingHandler channelRead
INFO: Detected non-HTTP/2 connection.
Aug 08, 2026 4:38:44 PM com.google.cloud.datastore.emulator.impl.util.WrappedStreamObserver onError
WARNING: Operation failed: No matching allow statements
com.google.cloud.datastore.core.exception.DatastoreException: No matching allow statements
	at com.google.cloud.datastore.core.exception.DatastoreException$Builder.build(DatastoreException.java:152)
	at com.google.cloud.datastore.emulator.impl.rules.DefaultEmulatorRulesAuthorizer.verboseError(DefaultEmulatorRulesAuthorizer.java:349)
	at com.google.cloud.datastore.emulator.impl.rules.DefaultEmulatorRulesAuthorizer.withVerboseErrors(DefaultEmulatorRulesAuthorizer.java:326)
	at com.google.cloud.datastore.emulator.impl.rules.DefaultEmulatorRulesAuthorizer.checkCommit(DefaultEmulatorRulesAuthorizer.java:113)
	at com.google.cloud.datastore.emulator.impl.firestore.FirestoreEmulatorHelper.commitHelper(FirestoreEmulatorHelper.java:407)
	at com.google.cloud.datastore.emulator.impl.firestore.FirestoreEmulatorHelper.internalCommit(FirestoreEmulatorHelper.java:348)
	at com.google.cloud.datastore.emulator.impl.firestore.CloudFirestoreV1.internalCommit(CloudFirestoreV1.java:1336)
	at com.google.cloud.datastore.emulator.impl.firestore.CloudFirestoreV1.write(CloudFirestoreV1.java:1321)
	at com.google.cloud.datastore.emulator.impl.firestore.CloudFirestoreV1WriteStream.handleRequest(CloudFirestoreV1WriteStream.java:222)
	at com.google.cloud.datastore.emulator.impl.firestore.CloudFirestoreV1WriteStream.write(CloudFirestoreV1WriteStream.java:144)
	at com.google.cloud.datastore.emulator.impl.firestore.CloudFirestoreV1WriteStream.onNext(CloudFirestoreV1WriteStream.java:99)
	at com.google.cloud.datastore.emulator.impl.firestore.CloudFirestoreV1WriteStream.onNext(CloudFirestoreV1WriteStream.java:27)
	at com.google.cloud.datastore.emulator.firestore.webchannel.FirestoreV1WebChannelAdapter$FirestoreWriteHandler.onMessage(FirestoreV1WebChannelAdapter.java:160)
	at com.google.cloud.datastore.emulator.firestore.webchannel.FirestoreV1WebChannelAdapter$FirestoreWriteHandler.onMessage(FirestoreV1WebChannelAdapter.java:130)
	at com.google.net.webchannel.server.v8.ChannelInternalImpl.onMessage(ChannelInternalImpl.java:525)
	at com.google.net.webchannel.server.v8.ForwardChannel.deliverMessage(ForwardChannel.java:115)
	at com.google.net.webchannel.server.v8.ForwardChannel.processPendingRequest(ForwardChannel.java:94)
	at com.google.net.webchannel.server.v8.ForwardChannel.consume(ForwardChannel.java:68)
	at com.google.net.webchannel.server.v8.ForwardChannel.add(ForwardChannel.java:61)
	at com.google.net.webchannel.server.v8.ChannelInternalImpl.handleRequestBody(ChannelInternalImpl.java:290)
	at com.google.net.webchannel.server.v8.ChannelInternalImpl.processSessionRequest(ChannelInternalImpl.java:357)
	at com.google.net.webchannel.server.v8.ChannelInternalImpl.handle(ChannelInternalImpl.java:172)
	at com.google.net.webchannel.server.v8.ChannelInternalImpl.consume(ChannelInternalImpl.java:91)
	at com.google.net.webchannel.server.common.ChannelProcessor.run(ChannelProcessor.java:85)

Aug 08, 2026 4:38:45 PM io.gapi.emulators.netty.HttpVersionRoutingHandler channelRead
INFO: Detected non-HTTP/2 connection.
Aug 08, 2026 4:38:45 PM com.google.cloud.datastore.emulator.firestore.webchannel.FirestoreV1WebChannelAdapter$FirestoreWriteHandler onClose
INFO: channel closed
Aug 08, 2026 4:38:52 PM io.gapi.emulators.netty.HttpVersionRoutingHandler channelRead
INFO: Detected non-HTTP/2 connection.
Aug 08, 2026 4:38:52 PM io.gapi.emulators.netty.HttpVersionRoutingHandler channelRead
INFO: Detected non-HTTP/2 connection.
Aug 08, 2026 4:38:53 PM io.gapi.emulators.netty.HttpVersionRoutingHandler channelRead
INFO: Detected non-HTTP/2 connection.
Aug 08, 2026 4:38:53 PM com.google.cloud.datastore.emulator.impl.util.WrappedStreamObserver onError
WARNING: Operation failed: No matching allow statements
com.google.cloud.datastore.core.exception.DatastoreException: No matching allow statements
	at com.google.cloud.datastore.core.exception.DatastoreException$Builder.build(DatastoreException.java:152)
	at com.google.cloud.datastore.emulator.impl.rules.DefaultEmulatorRulesAuthorizer.verboseError(DefaultEmulatorRulesAuthorizer.java:349)
	at com.google.cloud.datastore.emulator.impl.rules.DefaultEmulatorRulesAuthorizer.withVerboseErrors(DefaultEmulatorRulesAuthorizer.java:326)
	at com.google.cloud.datastore.emulator.impl.rules.DefaultEmulatorRulesAuthorizer.checkCommit(DefaultEmulatorRulesAuthorizer.java:113)
	at com.google.cloud.datastore.emulator.impl.firestore.FirestoreEmulatorHelper.commitHelper(FirestoreEmulatorHelper.java:407)
	at com.google.cloud.datastore.emulator.impl.firestore.FirestoreEmulatorHelper.internalCommit(FirestoreEmulatorHelper.java:348)
	at com.google.cloud.datastore.emulator.impl.firestore.CloudFirestoreV1.internalCommit(CloudFirestoreV1.java:1336)
	at com.google.cloud.datastore.emulator.impl.firestore.CloudFirestoreV1.write(CloudFirestoreV1.java:1321)
	at com.google.cloud.datastore.emulator.impl.firestore.CloudFirestoreV1WriteStream.handleRequest(CloudFirestoreV1WriteStream.java:222)
	at com.google.cloud.datastore.emulator.impl.firestore.CloudFirestoreV1WriteStream.write(CloudFirestoreV1WriteStream.java:144)
	at com.google.cloud.datastore.emulator.impl.firestore.CloudFirestoreV1WriteStream.onNext(CloudFirestoreV1WriteStream.java:99)
	at com.google.cloud.datastore.emulator.impl.firestore.CloudFirestoreV1WriteStream.onNext(CloudFirestoreV1WriteStream.java:27)
	at com.google.cloud.datastore.emulator.firestore.webchannel.FirestoreV1WebChannelAdapter$FirestoreWriteHandler.onMessage(FirestoreV1WebChannelAdapter.java:160)
	at com.google.cloud.datastore.emulator.firestore.webchannel.FirestoreV1WebChannelAdapter$FirestoreWriteHandler.onMessage(FirestoreV1WebChannelAdapter.java:130)
	at com.google.net.webchannel.server.v8.ChannelInternalImpl.onMessage(ChannelInternalImpl.java:525)
	at com.google.net.webchannel.server.v8.ForwardChannel.deliverMessage(ForwardChannel.java:115)
	at com.google.net.webchannel.server.v8.ForwardChannel.processPendingRequest(ForwardChannel.java:94)
	at com.google.net.webchannel.server.v8.ForwardChannel.consume(ForwardChannel.java:68)
	at com.google.net.webchannel.server.v8.ForwardChannel.add(ForwardChannel.java:61)
	at com.google.net.webchannel.server.v8.ChannelInternalImpl.handleRequestBody(ChannelInternalImpl.java:290)
	at com.google.net.webchannel.server.v8.ChannelInternalImpl.processSessionRequest(ChannelInternalImpl.java:357)
	at com.google.net.webchannel.server.v8.ChannelInternalImpl.handle(ChannelInternalImpl.java:172)
	at com.google.net.webchannel.server.v8.ChannelInternalImpl.consume(ChannelInternalImpl.java:91)
	at com.google.net.webchannel.server.common.ChannelProcessor.run(ChannelProcessor.java:85)

Aug 08, 2026 4:38:53 PM com.google.cloud.datastore.emulator.impl.util.WrappedStreamObserver onError
WARNING: Operation failed: No matching allow statements
com.google.cloud.datastore.core.exception.DatastoreException: No matching allow statements
	at com.google.cloud.datastore.core.exception.DatastoreException$Builder.build(DatastoreException.java:152)
	at com.google.cloud.datastore.emulator.impl.rules.DefaultEmulatorRulesAuthorizer.verboseError(DefaultEmulatorRulesAuthorizer.java:349)
	at com.google.cloud.datastore.emulator.impl.rules.DefaultEmulatorRulesAuthorizer.withVerboseErrors(DefaultEmulatorRulesAuthorizer.java:326)
	at com.google.cloud.datastore.emulator.impl.rules.DefaultEmulatorRulesAuthorizer.checkCommit(DefaultEmulatorRulesAuthorizer.java:113)
	at com.google.cloud.datastore.emulator.impl.firestore.FirestoreEmulatorHelper.commitHelper(FirestoreEmulatorHelper.java:407)
	at com.google.cloud.datastore.emulator.impl.firestore.FirestoreEmulatorHelper.internalCommit(FirestoreEmulatorHelper.java:348)
	at com.google.cloud.datastore.emulator.impl.firestore.CloudFirestoreV1.internalCommit(CloudFirestoreV1.java:1336)
	at com.google.cloud.datastore.emulator.impl.firestore.CloudFirestoreV1.write(CloudFirestoreV1.java:1321)
	at com.google.cloud.datastore.emulator.impl.firestore.CloudFirestoreV1WriteStream.handleRequest(CloudFirestoreV1WriteStream.java:222)
	at com.google.cloud.datastore.emulator.impl.firestore.CloudFirestoreV1WriteStream.write(CloudFirestoreV1WriteStream.java:144)
	at com.google.cloud.datastore.emulator.impl.firestore.CloudFirestoreV1WriteStream.onNext(CloudFirestoreV1WriteStream.java:99)
	at com.google.cloud.datastore.emulator.impl.firestore.CloudFirestoreV1WriteStream.onNext(CloudFirestoreV1WriteStream.java:27)
	at com.google.cloud.datastore.emulator.firestore.webchannel.FirestoreV1WebChannelAdapter$FirestoreWriteHandler.onMessage(FirestoreV1WebChannelAdapter.java:160)
	at com.google.cloud.datastore.emulator.firestore.webchannel.FirestoreV1WebChannelAdapter$FirestoreWriteHandler.onMessage(FirestoreV1WebChannelAdapter.java:130)
	at com.google.net.webchannel.server.v8.ChannelInternalImpl.onMessage(ChannelInternalImpl.java:525)
	at com.google.net.webchannel.server.v8.ForwardChannel.deliverMessage(ForwardChannel.java:115)
	at com.google.net.webchannel.server.v8.ForwardChannel.processPendingRequest(ForwardChannel.java:94)
	at com.google.net.webchannel.server.v8.ForwardChannel.consume(ForwardChannel.java:68)
	at com.google.net.webchannel.server.v8.ForwardChannel.add(ForwardChannel.java:61)
	at com.google.net.webchannel.server.v8.ChannelInternalImpl.handleRequestBody(ChannelInternalImpl.java:290)
	at com.google.net.webchannel.server.v8.ChannelInternalImpl.processSessionRequest(ChannelInternalImpl.java:357)
	at com.google.net.webchannel.server.v8.ChannelInternalImpl.handle(ChannelInternalImpl.java:172)
	at com.google.net.webchannel.server.v8.ChannelInternalImpl.consume(ChannelInternalImpl.java:91)
	at com.google.net.webchannel.server.common.ChannelProcessor.run(ChannelProcessor.java:85)

Aug 08, 2026 4:38:53 PM io.gapi.emulators.netty.HttpVersionRoutingHandler channelRead
INFO: Detected non-HTTP/2 connection.
Aug 08, 2026 4:38:53 PM io.gapi.emulators.netty.HttpVersionRoutingHandler channelRead
INFO: Detected non-HTTP/2 connection.
Aug 08, 2026 4:38:53 PM com.google.cloud.datastore.emulator.firestore.webchannel.FirestoreV1WebChannelAdapter$FirestoreWriteHandler onClose
INFO: channel closed
Aug 08, 2026 4:38:53 PM io.gapi.emulators.netty.HttpVersionRoutingHandler channelRead
INFO: Detected non-HTTP/2 connection.
Aug 08, 2026 4:38:53 PM io.gapi.emulators.netty.HttpVersionRoutingHandler channelRead
INFO: Detected non-HTTP/2 connection.
Aug 08, 2026 4:38:53 PM com.google.cloud.datastore.emulator.impl.util.WrappedStreamObserver onError
WARNING: Operation failed: No matching allow statements
com.google.cloud.datastore.core.exception.DatastoreException: No matching allow statements
	at com.google.cloud.datastore.core.exception.DatastoreException$Builder.build(DatastoreException.java:152)
	at com.google.cloud.datastore.emulator.impl.rules.DefaultEmulatorRulesAuthorizer.verboseError(DefaultEmulatorRulesAuthorizer.java:349)
	at com.google.cloud.datastore.emulator.impl.rules.DefaultEmulatorRulesAuthorizer.withVerboseErrors(DefaultEmulatorRulesAuthorizer.java:326)
	at com.google.cloud.datastore.emulator.impl.rules.DefaultEmulatorRulesAuthorizer.checkCommit(DefaultEmulatorRulesAuthorizer.java:113)
	at com.google.cloud.datastore.emulator.impl.firestore.FirestoreEmulatorHelper.commitHelper(FirestoreEmulatorHelper.java:407)
	at com.google.cloud.datastore.emulator.impl.firestore.FirestoreEmulatorHelper.internalCommit(FirestoreEmulatorHelper.java:348)
	at com.google.cloud.datastore.emulator.impl.firestore.CloudFirestoreV1.internalCommit(CloudFirestoreV1.java:1336)
	at com.google.cloud.datastore.emulator.impl.firestore.CloudFirestoreV1.write(CloudFirestoreV1.java:1321)
	at com.google.cloud.datastore.emulator.impl.firestore.CloudFirestoreV1WriteStream.handleRequest(CloudFirestoreV1WriteStream.java:222)
	at com.google.cloud.datastore.emulator.impl.firestore.CloudFirestoreV1WriteStream.write(CloudFirestoreV1WriteStream.java:144)
	at com.google.cloud.datastore.emulator.impl.firestore.CloudFirestoreV1WriteStream.onNext(CloudFirestoreV1WriteStream.java:99)
	at com.google.cloud.datastore.emulator.impl.firestore.CloudFirestoreV1WriteStream.onNext(CloudFirestoreV1WriteStream.java:27)
	at com.google.cloud.datastore.emulator.firestore.webchannel.FirestoreV1WebChannelAdapter$FirestoreWriteHandler.onMessage(FirestoreV1WebChannelAdapter.java:160)
	at com.google.cloud.datastore.emulator.firestore.webchannel.FirestoreV1WebChannelAdapter$FirestoreWriteHandler.onMessage(FirestoreV1WebChannelAdapter.java:130)
	at com.google.net.webchannel.server.v8.ChannelInternalImpl.onMessage(ChannelInternalImpl.java:525)
	at com.google.net.webchannel.server.v8.ForwardChannel.deliverMessage(ForwardChannel.java:115)
	at com.google.net.webchannel.server.v8.ForwardChannel.processPendingRequest(ForwardChannel.java:94)
	at com.google.net.webchannel.server.v8.ForwardChannel.consume(ForwardChannel.java:68)
	at com.google.net.webchannel.server.v8.ForwardChannel.add(ForwardChannel.java:61)
	at com.google.net.webchannel.server.v8.ChannelInternalImpl.handleRequestBody(ChannelInternalImpl.java:290)
	at com.google.net.webchannel.server.v8.ChannelInternalImpl.processSessionRequest(ChannelInternalImpl.java:357)
	at com.google.net.webchannel.server.v8.ChannelInternalImpl.handle(ChannelInternalImpl.java:172)
	at com.google.net.webchannel.server.v8.ChannelInternalImpl.consume(ChannelInternalImpl.java:91)
	at com.google.net.webchannel.server.common.ChannelProcessor.run(ChannelProcessor.java:85)

Aug 08, 2026 4:38:54 PM io.gapi.emulators.netty.HttpVersionRoutingHandler channelRead
INFO: Detected non-HTTP/2 connection.
Aug 08, 2026 4:38:54 PM io.gapi.emulators.netty.HttpVersionRoutingHandler channelRead
INFO: Detected non-HTTP/2 connection.
Aug 08, 2026 4:38:54 PM io.gapi.emulators.netty.HttpVersionRoutingHandler channelRead
INFO: Detected non-HTTP/2 connection.
Aug 08, 2026 4:38:54 PM com.google.cloud.datastore.emulator.impl.util.WrappedStreamObserver onError
WARNING: Operation failed: 
false for 'create' @ L28
com.google.cloud.datastore.core.exception.DatastoreException: 
false for 'create' @ L28
	at com.google.cloud.datastore.core.exception.DatastoreException$Builder.build(DatastoreException.java:152)
	at com.google.cloud.datastore.emulator.impl.rules.DefaultEmulatorRulesAuthorizer.verboseError(DefaultEmulatorRulesAuthorizer.java:349)
	at com.google.cloud.datastore.emulator.impl.rules.DefaultEmulatorRulesAuthorizer.withVerboseErrors(DefaultEmulatorRulesAuthorizer.java:326)
	at com.google.cloud.datastore.emulator.impl.rules.DefaultEmulatorRulesAuthorizer.checkCommit(DefaultEmulatorRulesAuthorizer.java:113)
	at com.google.cloud.datastore.emulator.impl.firestore.FirestoreEmulatorHelper.commitHelper(FirestoreEmulatorHelper.java:407)
	at com.google.cloud.datastore.emulator.impl.firestore.FirestoreEmulatorHelper.internalCommit(FirestoreEmulatorHelper.java:348)
	at com.google.cloud.datastore.emulator.impl.firestore.CloudFirestoreV1.internalCommit(CloudFirestoreV1.java:1336)
	at com.google.cloud.datastore.emulator.impl.firestore.CloudFirestoreV1.write(CloudFirestoreV1.java:1321)
	at com.google.cloud.datastore.emulator.impl.firestore.CloudFirestoreV1WriteStream.handleRequest(CloudFirestoreV1WriteStream.java:222)
	at com.google.cloud.datastore.emulator.impl.firestore.CloudFirestoreV1WriteStream.write(CloudFirestoreV1WriteStream.java:144)
	at com.google.cloud.datastore.emulator.impl.firestore.CloudFirestoreV1WriteStream.onNext(CloudFirestoreV1WriteStream.java:99)
	at com.google.cloud.datastore.emulator.impl.firestore.CloudFirestoreV1WriteStream.onNext(CloudFirestoreV1WriteStream.java:27)
	at com.google.cloud.datastore.emulator.firestore.webchannel.FirestoreV1WebChannelAdapter$FirestoreWriteHandler.onMessage(FirestoreV1WebChannelAdapter.java:160)
	at com.google.cloud.datastore.emulator.firestore.webchannel.FirestoreV1WebChannelAdapter$FirestoreWriteHandler.onMessage(FirestoreV1WebChannelAdapter.java:130)
	at com.google.net.webchannel.server.v8.ChannelInternalImpl.onMessage(ChannelInternalImpl.java:525)
	at com.google.net.webchannel.server.v8.ForwardChannel.deliverMessage(ForwardChannel.java:115)
	at com.google.net.webchannel.server.v8.ForwardChannel.processPendingRequest(ForwardChannel.java:94)
	at com.google.net.webchannel.server.v8.ForwardChannel.consume(ForwardChannel.java:68)
	at com.google.net.webchannel.server.v8.ForwardChannel.add(ForwardChannel.java:61)
	at com.google.net.webchannel.server.v8.ChannelInternalImpl.handleRequestBody(ChannelInternalImpl.java:290)
	at com.google.net.webchannel.server.v8.ChannelInternalImpl.processSessionRequest(ChannelInternalImpl.java:357)
	at com.google.net.webchannel.server.v8.ChannelInternalImpl.handle(ChannelInternalImpl.java:172)
	at com.google.net.webchannel.server.v8.ChannelInternalImpl.consume(ChannelInternalImpl.java:91)
	at com.google.net.webchannel.server.common.ChannelProcessor.run(ChannelProcessor.java:85)

Aug 08, 2026 4:38:54 PM io.gapi.emulators.netty.HttpVersionRoutingHandler channelRead
INFO: Detected non-HTTP/2 connection.
Aug 08, 2026 4:38:54 PM com.google.cloud.datastore.emulator.firestore.webchannel.FirestoreV1WebChannelAdapter$FirestoreWriteHandler onClose
INFO: channel closed
Aug 08, 2026 4:38:54 PM io.gapi.emulators.netty.HttpVersionRoutingHandler channelRead
INFO: Detected non-HTTP/2 connection.
Aug 08, 2026 4:38:54 PM com.google.cloud.datastore.emulator.firestore.webchannel.FirestoreV1WebChannelAdapter$FirestoreWriteHandler onClose
INFO: channel closed
Aug 08, 2026 4:39:10 PM io.gapi.emulators.netty.HttpVersionRoutingHandler channelRead
INFO: Detected non-HTTP/2 connection.
Aug 08, 2026 4:39:13 PM io.gapi.emulators.netty.HttpVersionRoutingHandler channelRead
INFO: Detected non-HTTP/2 connection.
Aug 08, 2026 4:39:40 PM io.gapi.emulators.netty.HttpVersionRoutingHandler channelRead
INFO: Detected non-HTTP/2 connection.
Aug 08, 2026 4:39:43 PM io.gapi.emulators.netty.HttpVersionRoutingHandler channelRead
INFO: Detected non-HTTP/2 connection.
Aug 08, 2026 4:40:10 PM io.gapi.emulators.netty.HttpVersionRoutingHandler channelRead
INFO: Detected non-HTTP/2 connection.
Aug 08, 2026 4:40:29 PM io.gapi.emulators.netty.HttpVersionRoutingHandler channelRead
INFO: Detected non-HTTP/2 connection.
Aug 08, 2026 4:40:57 PM io.gapi.emulators.netty.HttpVersionRoutingHandler channelRead
INFO: Detected non-HTTP/2 connection.
Aug 08, 2026 4:40:59 PM io.gapi.emulators.netty.HttpVersionRoutingHandler channelRead
INFO: Detected non-HTTP/2 connection.
Aug 08, 2026 4:41:27 PM io.gapi.emulators.netty.HttpVersionRoutingHandler channelRead
INFO: Detected non-HTTP/2 connection.
Aug 08, 2026 4:41:29 PM io.gapi.emulators.netty.HttpVersionRoutingHandler channelRead
INFO: Detected non-HTTP/2 connection.
Aug 08, 2026 4:42:00 PM io.gapi.emulators.netty.HttpVersionRoutingHandler channelRead
INFO: Detected non-HTTP/2 connection.
Aug 08, 2026 4:42:13 PM io.gapi.emulators.netty.HttpVersionRoutingHandler channelRead
INFO: Detected non-HTTP/2 connection.
Aug 08, 2026 4:42:27 PM io.gapi.emulators.netty.HttpVersionRoutingHandler channelRead
INFO: Detected non-HTTP/2 connection.
Aug 08, 2026 4:42:27 PM io.gapi.emulators.netty.HttpVersionRoutingHandler channelRead
INFO: Detected non-HTTP/2 connection.
Aug 08, 2026 4:42:27 PM io.gapi.emulators.netty.HttpVersionRoutingHandler channelRead
INFO: Detected non-HTTP/2 connection.
Aug 08, 2026 4:42:27 PM io.gapi.emulators.netty.HttpVersionRoutingHandler channelRead
INFO: Detected non-HTTP/2 connection.
Aug 08, 2026 4:42:28 PM io.gapi.emulators.netty.HttpVersionRoutingHandler channelRead
INFO: Detected non-HTTP/2 connection.
Aug 08, 2026 4:42:30 PM io.gapi.emulators.netty.HttpVersionRoutingHandler channelRead
INFO: Detected non-HTTP/2 connection.
Aug 08, 2026 4:42:38 PM io.gapi.emulators.netty.HttpVersionRoutingHandler channelRead
INFO: Detected non-HTTP/2 connection.
Aug 08, 2026 4:42:38 PM io.gapi.emulators.netty.HttpVersionRoutingHandler channelRead
INFO: Detected non-HTTP/2 connection.
Aug 08, 2026 4:42:38 PM io.gapi.emulators.netty.HttpVersionRoutingHandler channelRead
INFO: Detected non-HTTP/2 connection.
Aug 08, 2026 4:43:00 PM io.gapi.emulators.netty.HttpVersionRoutingHandler channelRead
INFO: Detected non-HTTP/2 connection.
Aug 08, 2026 4:43:08 PM io.gapi.emulators.netty.HttpVersionRoutingHandler channelRead
INFO: Detected non-HTTP/2 connection.
Aug 08, 2026 4:43:08 PM io.gapi.emulators.netty.HttpVersionRoutingHandler channelRead
INFO: Detected non-HTTP/2 connection.
Aug 08, 2026 4:43:08 PM io.gapi.emulators.netty.HttpVersionRoutingHandler channelRead
INFO: Detected non-HTTP/2 connection.
Aug 08, 2026 4:43:31 PM io.gapi.emulators.netty.HttpVersionRoutingHandler channelRead
INFO: Detected non-HTTP/2 connection.
Aug 08, 2026 4:43:39 PM io.gapi.emulators.netty.HttpVersionRoutingHandler channelRead
INFO: Detected non-HTTP/2 connection.
Aug 08, 2026 4:43:48 PM io.gapi.emulators.netty.HttpVersionRoutingHandler channelRead
INFO: Detected non-HTTP/2 connection.
Aug 08, 2026 4:43:49 PM io.gapi.emulators.netty.HttpVersionRoutingHandler channelRead
INFO: Detected non-HTTP/2 connection.
Aug 08, 2026 4:43:49 PM io.gapi.emulators.netty.HttpVersionRoutingHandler channelRead
INFO: Detected non-HTTP/2 connection.
Aug 08, 2026 4:43:49 PM com.google.cloud.datastore.emulator.impl.util.WrappedStreamObserver onError
WARNING: Operation failed: No matching allow statements
com.google.cloud.datastore.core.exception.DatastoreException: No matching allow statements
	at com.google.cloud.datastore.core.exception.DatastoreException$Builder.build(DatastoreException.java:152)
	at com.google.cloud.datastore.emulator.impl.rules.DefaultEmulatorRulesAuthorizer.verboseError(DefaultEmulatorRulesAuthorizer.java:349)
	at com.google.cloud.datastore.emulator.impl.rules.DefaultEmulatorRulesAuthorizer.withVerboseErrors(DefaultEmulatorRulesAuthorizer.java:326)
	at com.google.cloud.datastore.emulator.impl.rules.DefaultEmulatorRulesAuthorizer.checkCommit(DefaultEmulatorRulesAuthorizer.java:113)
	at com.google.cloud.datastore.emulator.impl.firestore.FirestoreEmulatorHelper.commitHelper(FirestoreEmulatorHelper.java:407)
	at com.google.cloud.datastore.emulator.impl.firestore.FirestoreEmulatorHelper.internalCommit(FirestoreEmulatorHelper.java:348)
	at com.google.cloud.datastore.emulator.impl.firestore.CloudFirestoreV1.internalCommit(CloudFirestoreV1.java:1336)
	at com.google.cloud.datastore.emulator.impl.firestore.CloudFirestoreV1.write(CloudFirestoreV1.java:1321)
	at com.google.cloud.datastore.emulator.impl.firestore.CloudFirestoreV1WriteStream.handleRequest(CloudFirestoreV1WriteStream.java:222)
	at com.google.cloud.datastore.emulator.impl.firestore.CloudFirestoreV1WriteStream.write(CloudFirestoreV1WriteStream.java:144)
	at com.google.cloud.datastore.emulator.impl.firestore.CloudFirestoreV1WriteStream.onNext(CloudFirestoreV1WriteStream.java:99)
	at com.google.cloud.datastore.emulator.impl.firestore.CloudFirestoreV1WriteStream.onNext(CloudFirestoreV1WriteStream.java:27)
	at com.google.cloud.datastore.emulator.firestore.webchannel.FirestoreV1WebChannelAdapter$FirestoreWriteHandler.onMessage(FirestoreV1WebChannelAdapter.java:160)
	at com.google.cloud.datastore.emulator.firestore.webchannel.FirestoreV1WebChannelAdapter$FirestoreWriteHandler.onMessage(FirestoreV1WebChannelAdapter.java:130)
	at com.google.net.webchannel.server.v8.ChannelInternalImpl.onMessage(ChannelInternalImpl.java:525)
	at com.google.net.webchannel.server.v8.ForwardChannel.deliverMessage(ForwardChannel.java:115)
	at com.google.net.webchannel.server.v8.ForwardChannel.processPendingRequest(ForwardChannel.java:94)
	at com.google.net.webchannel.server.v8.ForwardChannel.consume(ForwardChannel.java:68)
	at com.google.net.webchannel.server.v8.ForwardChannel.add(ForwardChannel.java:61)
	at com.google.net.webchannel.server.v8.ChannelInternalImpl.handleRequestBody(ChannelInternalImpl.java:290)
	at com.google.net.webchannel.server.v8.ChannelInternalImpl.processSessionRequest(ChannelInternalImpl.java:357)
	at com.google.net.webchannel.server.v8.ChannelInternalImpl.handle(ChannelInternalImpl.java:172)
	at com.google.net.webchannel.server.v8.ChannelInternalImpl.consume(ChannelInternalImpl.java:91)
	at com.google.net.webchannel.server.common.ChannelProcessor.run(ChannelProcessor.java:85)

Aug 08, 2026 4:43:49 PM io.gapi.emulators.netty.HttpVersionRoutingHandler channelRead
INFO: Detected non-HTTP/2 connection.
Aug 08, 2026 4:43:49 PM io.gapi.emulators.netty.HttpVersionRoutingHandler channelRead
INFO: Detected non-HTTP/2 connection.
Aug 08, 2026 4:43:50 PM io.gapi.emulators.netty.HttpVersionRoutingHandler channelRead
INFO: Detected non-HTTP/2 connection.
Aug 08, 2026 4:43:50 PM com.google.cloud.datastore.emulator.impl.util.WrappedStreamObserver onError
WARNING: Operation failed: 
false for 'create' @ L28
com.google.cloud.datastore.core.exception.DatastoreException: 
false for 'create' @ L28
	at com.google.cloud.datastore.core.exception.DatastoreException$Builder.build(DatastoreException.java:152)
	at com.google.cloud.datastore.emulator.impl.rules.DefaultEmulatorRulesAuthorizer.verboseError(DefaultEmulatorRulesAuthorizer.java:349)
	at com.google.cloud.datastore.emulator.impl.rules.DefaultEmulatorRulesAuthorizer.withVerboseErrors(DefaultEmulatorRulesAuthorizer.java:326)
	at com.google.cloud.datastore.emulator.impl.rules.DefaultEmulatorRulesAuthorizer.checkCommit(DefaultEmulatorRulesAuthorizer.java:113)
	at com.google.cloud.datastore.emulator.impl.firestore.FirestoreEmulatorHelper.commitHelper(FirestoreEmulatorHelper.java:407)
	at com.google.cloud.datastore.emulator.impl.firestore.FirestoreEmulatorHelper.internalCommit(FirestoreEmulatorHelper.java:348)
	at com.google.cloud.datastore.emulator.impl.firestore.CloudFirestoreV1.internalCommit(CloudFirestoreV1.java:1336)
	at com.google.cloud.datastore.emulator.impl.firestore.CloudFirestoreV1.write(CloudFirestoreV1.java:1321)
	at com.google.cloud.datastore.emulator.impl.firestore.CloudFirestoreV1WriteStream.handleRequest(CloudFirestoreV1WriteStream.java:222)
	at com.google.cloud.datastore.emulator.impl.firestore.CloudFirestoreV1WriteStream.write(CloudFirestoreV1WriteStream.java:144)
	at com.google.cloud.datastore.emulator.impl.firestore.CloudFirestoreV1WriteStream.onNext(CloudFirestoreV1WriteStream.java:99)
	at com.google.cloud.datastore.emulator.impl.firestore.CloudFirestoreV1WriteStream.onNext(CloudFirestoreV1WriteStream.java:27)
	at com.google.cloud.datastore.emulator.firestore.webchannel.FirestoreV1WebChannelAdapter$FirestoreWriteHandler.onMessage(FirestoreV1WebChannelAdapter.java:160)
	at com.google.cloud.datastore.emulator.firestore.webchannel.FirestoreV1WebChannelAdapter$FirestoreWriteHandler.onMessage(FirestoreV1WebChannelAdapter.java:130)
	at com.google.net.webchannel.server.v8.ChannelInternalImpl.onMessage(ChannelInternalImpl.java:525)
	at com.google.net.webchannel.server.v8.ForwardChannel.deliverMessage(ForwardChannel.java:115)
	at com.google.net.webchannel.server.v8.ForwardChannel.processPendingRequest(ForwardChannel.java:94)
	at com.google.net.webchannel.server.v8.ForwardChannel.consume(ForwardChannel.java:68)
	at com.google.net.webchannel.server.v8.ForwardChannel.add(ForwardChannel.java:61)
	at com.google.net.webchannel.server.v8.ChannelInternalImpl.handleRequestBody(ChannelInternalImpl.java:290)
	at com.google.net.webchannel.server.v8.ChannelInternalImpl.processSessionRequest(ChannelInternalImpl.java:357)
	at com.google.net.webchannel.server.v8.ChannelInternalImpl.handle(ChannelInternalImpl.java:172)
	at com.google.net.webchannel.server.v8.ChannelInternalImpl.consume(ChannelInternalImpl.java:91)
	at com.google.net.webchannel.server.common.ChannelProcessor.run(ChannelProcessor.java:85)

Aug 08, 2026 4:43:50 PM io.gapi.emulators.netty.HttpVersionRoutingHandler channelRead
INFO: Detected non-HTTP/2 connection.
Aug 08, 2026 4:43:50 PM com.google.cloud.datastore.emulator.firestore.webchannel.FirestoreV1WebChannelAdapter$FirestoreWriteHandler onClose
INFO: channel closed
Aug 08, 2026 4:43:50 PM io.gapi.emulators.netty.HttpVersionRoutingHandler channelRead
INFO: Detected non-HTTP/2 connection.
Aug 08, 2026 4:43:50 PM com.google.cloud.datastore.emulator.firestore.webchannel.FirestoreV1WebChannelAdapter$FirestoreWriteHandler onClose
INFO: channel closed
Aug 08, 2026 4:43:56 PM io.gapi.emulators.netty.HttpVersionRoutingHandler channelRead
INFO: Detected non-HTTP/2 connection.
Aug 08, 2026 4:43:56 PM io.gapi.emulators.netty.HttpVersionRoutingHandler channelRead
INFO: Detected non-HTTP/2 connection.
Aug 08, 2026 4:43:56 PM io.gapi.emulators.netty.HttpVersionRoutingHandler channelRead
INFO: Detected non-HTTP/2 connection.
Aug 08, 2026 4:43:57 PM io.gapi.emulators.netty.HttpVersionRoutingHandler channelRead
INFO: Detected non-HTTP/2 connection.
Aug 08, 2026 4:43:57 PM io.gapi.emulators.netty.HttpVersionRoutingHandler channelRead
INFO: Detected non-HTTP/2 connection.
Aug 08, 2026 4:43:57 PM io.gapi.emulators.netty.HttpVersionRoutingHandler channelRead
INFO: Detected non-HTTP/2 connection.
Aug 08, 2026 4:43:57 PM io.gapi.emulators.netty.HttpVersionRoutingHandler channelRead
INFO: Detected non-HTTP/2 connection.
Aug 08, 2026 4:43:57 PM io.gapi.emulators.netty.HttpVersionRoutingHandler channelRead
INFO: Detected non-HTTP/2 connection.
Aug 08, 2026 4:43:57 PM io.gapi.emulators.netty.HttpVersionRoutingHandler channelRead
INFO: Detected non-HTTP/2 connection.
Aug 08, 2026 4:43:57 PM com.google.cloud.datastore.emulator.impl.util.WrappedStreamObserver onError
WARNING: Operation failed: No matching allow statements
com.google.cloud.datastore.core.exception.DatastoreException: No matching allow statements
	at com.google.cloud.datastore.core.exception.DatastoreException$Builder.build(DatastoreException.java:152)
	at com.google.cloud.datastore.emulator.impl.rules.DefaultEmulatorRulesAuthorizer.verboseError(DefaultEmulatorRulesAuthorizer.java:349)
	at com.google.cloud.datastore.emulator.impl.rules.DefaultEmulatorRulesAuthorizer.withVerboseErrors(DefaultEmulatorRulesAuthorizer.java:326)
	at com.google.cloud.datastore.emulator.impl.rules.DefaultEmulatorRulesAuthorizer.checkCommit(DefaultEmulatorRulesAuthorizer.java:113)
	at com.google.cloud.datastore.emulator.impl.firestore.FirestoreEmulatorHelper.commitHelper(FirestoreEmulatorHelper.java:407)
	at com.google.cloud.datastore.emulator.impl.firestore.FirestoreEmulatorHelper.internalCommit(FirestoreEmulatorHelper.java:348)
	at com.google.cloud.datastore.emulator.impl.firestore.CloudFirestoreV1.internalCommit(CloudFirestoreV1.java:1336)
	at com.google.cloud.datastore.emulator.impl.firestore.CloudFirestoreV1.write(CloudFirestoreV1.java:1321)
	at com.google.cloud.datastore.emulator.impl.firestore.CloudFirestoreV1WriteStream.handleRequest(CloudFirestoreV1WriteStream.java:222)
	at com.google.cloud.datastore.emulator.impl.firestore.CloudFirestoreV1WriteStream.write(CloudFirestoreV1WriteStream.java:144)
	at com.google.cloud.datastore.emulator.impl.firestore.CloudFirestoreV1WriteStream.onNext(CloudFirestoreV1WriteStream.java:99)
	at com.google.cloud.datastore.emulator.impl.firestore.CloudFirestoreV1WriteStream.onNext(CloudFirestoreV1WriteStream.java:27)
	at com.google.cloud.datastore.emulator.firestore.webchannel.FirestoreV1WebChannelAdapter$FirestoreWriteHandler.onMessage(FirestoreV1WebChannelAdapter.java:160)
	at com.google.cloud.datastore.emulator.firestore.webchannel.FirestoreV1WebChannelAdapter$FirestoreWriteHandler.onMessage(FirestoreV1WebChannelAdapter.java:130)
	at com.google.net.webchannel.server.v8.ChannelInternalImpl.onMessage(ChannelInternalImpl.java:525)
	at com.google.net.webchannel.server.v8.ForwardChannel.deliverMessage(ForwardChannel.java:115)
	at com.google.net.webchannel.server.v8.ForwardChannel.processPendingRequest(ForwardChannel.java:94)
	at com.google.net.webchannel.server.v8.ForwardChannel.consume(ForwardChannel.java:68)
	at com.google.net.webchannel.server.v8.ForwardChannel.add(ForwardChannel.java:61)
	at com.google.net.webchannel.server.v8.ChannelInternalImpl.handleRequestBody(ChannelInternalImpl.java:290)
	at com.google.net.webchannel.server.v8.ChannelInternalImpl.processSessionRequest(ChannelInternalImpl.java:357)
	at com.google.net.webchannel.server.v8.ChannelInternalImpl.handle(ChannelInternalImpl.java:172)
	at com.google.net.webchannel.server.v8.ChannelInternalImpl.consume(ChannelInternalImpl.java:91)
	at com.google.net.webchannel.server.common.ChannelProcessor.run(ChannelProcessor.java:85)

Aug 08, 2026 4:43:57 PM io.gapi.emulators.netty.HttpVersionRoutingHandler channelRead
INFO: Detected non-HTTP/2 connection.
Aug 08, 2026 4:43:57 PM com.google.cloud.datastore.emulator.firestore.webchannel.FirestoreV1WebChannelAdapter$FirestoreWriteHandler onClose
INFO: channel closed
Aug 08, 2026 4:43:59 PM com.google.cloud.datastore.emulator.impl.util.WrappedStreamObserver onError
WARNING: Operation failed: Transaction lock timeout.
com.google.cloud.datastore.core.exception.DatastoreException: Transaction lock timeout.
	at com.google.cloud.datastore.emulator.impl.transactions.ReactiveLockManager.acquireLocks(ReactiveLockManager.java:70)
	at com.google.cloud.datastore.emulator.impl.storage.FlatLocalEntityStore.readWrite(FlatLocalEntityStore.java:85)
	at com.google.cloud.datastore.emulator.impl.firestore.FirestoreEmulatorHelper.commitHelper(FirestoreEmulatorHelper.java:382)
	at com.google.cloud.datastore.emulator.impl.firestore.FirestoreEmulatorHelper.internalCommit(FirestoreEmulatorHelper.java:348)
	at com.google.cloud.datastore.emulator.impl.firestore.CloudFirestoreV1.internalCommit(CloudFirestoreV1.java:1336)
	at com.google.cloud.datastore.emulator.impl.firestore.CloudFirestoreV1.write(CloudFirestoreV1.java:1321)
	at com.google.cloud.datastore.emulator.impl.firestore.CloudFirestoreV1WriteStream.handleRequest(CloudFirestoreV1WriteStream.java:222)
	at com.google.cloud.datastore.emulator.impl.firestore.CloudFirestoreV1WriteStream.write(CloudFirestoreV1WriteStream.java:144)
	at com.google.cloud.datastore.emulator.impl.firestore.CloudFirestoreV1WriteStream.onNext(CloudFirestoreV1WriteStream.java:99)
	at com.google.cloud.datastore.emulator.impl.firestore.CloudFirestoreV1WriteStream.onNext(CloudFirestoreV1WriteStream.java:27)
	at com.google.cloud.datastore.emulator.firestore.webchannel.FirestoreV1WebChannelAdapter$FirestoreWriteHandler.onMessage(FirestoreV1WebChannelAdapter.java:160)
	at com.google.cloud.datastore.emulator.firestore.webchannel.FirestoreV1WebChannelAdapter$FirestoreWriteHandler.onMessage(FirestoreV1WebChannelAdapter.java:130)
	at com.google.net.webchannel.server.v8.ChannelInternalImpl.onMessage(ChannelInternalImpl.java:525)
	at com.google.net.webchannel.server.v8.ForwardChannel.deliverMessage(ForwardChannel.java:115)
	at com.google.net.webchannel.server.v8.ForwardChannel.processPendingRequest(ForwardChannel.java:94)
	at com.google.net.webchannel.server.v8.ForwardChannel.consume(ForwardChannel.java:68)
	at com.google.net.webchannel.server.v8.ForwardChannel.add(ForwardChannel.java:61)
	at com.google.net.webchannel.server.v8.ChannelInternalImpl.handleRequestBody(ChannelInternalImpl.java:290)
	at com.google.net.webchannel.server.v8.ChannelInternalImpl.processSessionRequest(ChannelInternalImpl.java:357)
	at com.google.net.webchannel.server.v8.ChannelInternalImpl.handle(ChannelInternalImpl.java:172)
	at com.google.net.webchannel.server.v8.ChannelInternalImpl.consume(ChannelInternalImpl.java:91)
	at com.google.net.webchannel.server.common.ChannelProcessor.run(ChannelProcessor.java:85)

Aug 08, 2026 4:43:59 PM io.gapi.emulators.netty.HttpVersionRoutingHandler channelRead
INFO: Detected non-HTTP/2 connection.
Aug 08, 2026 4:43:59 PM io.gapi.emulators.netty.HttpVersionRoutingHandler channelRead
INFO: Detected non-HTTP/2 connection.
Aug 08, 2026 4:43:59 PM com.google.cloud.datastore.emulator.firestore.webchannel.FirestoreV1WebChannelAdapter$FirestoreWriteHandler onClose
INFO: channel closed
Aug 08, 2026 4:44:00 PM io.gapi.emulators.netty.HttpVersionRoutingHandler channelRead
INFO: Detected non-HTTP/2 connection.
Aug 08, 2026 4:44:00 PM io.gapi.emulators.netty.HttpVersionRoutingHandler channelRead
INFO: Detected non-HTTP/2 connection.
Aug 08, 2026 4:44:00 PM com.google.cloud.datastore.emulator.impl.util.WrappedStreamObserver onError
WARNING: Operation failed: No matching allow statements
com.google.cloud.datastore.core.exception.DatastoreException: No matching allow statements
	at com.google.cloud.datastore.core.exception.DatastoreException$Builder.build(DatastoreException.java:152)
	at com.google.cloud.datastore.emulator.impl.rules.DefaultEmulatorRulesAuthorizer.verboseError(DefaultEmulatorRulesAuthorizer.java:349)
	at com.google.cloud.datastore.emulator.impl.rules.DefaultEmulatorRulesAuthorizer.withVerboseErrors(DefaultEmulatorRulesAuthorizer.java:326)
	at com.google.cloud.datastore.emulator.impl.rules.DefaultEmulatorRulesAuthorizer.checkCommit(DefaultEmulatorRulesAuthorizer.java:113)
	at com.google.cloud.datastore.emulator.impl.firestore.FirestoreEmulatorHelper.commitHelper(FirestoreEmulatorHelper.java:407)
	at com.google.cloud.datastore.emulator.impl.firestore.FirestoreEmulatorHelper.internalCommit(FirestoreEmulatorHelper.java:348)
	at com.google.cloud.datastore.emulator.impl.firestore.CloudFirestoreV1.internalCommit(CloudFirestoreV1.java:1336)
	at com.google.cloud.datastore.emulator.impl.firestore.CloudFirestoreV1.write(CloudFirestoreV1.java:1321)
	at com.google.cloud.datastore.emulator.impl.firestore.CloudFirestoreV1WriteStream.handleRequest(CloudFirestoreV1WriteStream.java:222)
	at com.google.cloud.datastore.emulator.impl.firestore.CloudFirestoreV1WriteStream.write(CloudFirestoreV1WriteStream.java:144)
	at com.google.cloud.datastore.emulator.impl.firestore.CloudFirestoreV1WriteStream.onNext(CloudFirestoreV1WriteStream.java:99)
	at com.google.cloud.datastore.emulator.impl.firestore.CloudFirestoreV1WriteStream.onNext(CloudFirestoreV1WriteStream.java:27)
	at com.google.cloud.datastore.emulator.firestore.webchannel.FirestoreV1WebChannelAdapter$FirestoreWriteHandler.onMessage(FirestoreV1WebChannelAdapter.java:160)
	at com.google.cloud.datastore.emulator.firestore.webchannel.FirestoreV1WebChannelAdapter$FirestoreWriteHandler.onMessage(FirestoreV1WebChannelAdapter.java:130)
	at com.google.net.webchannel.server.v8.ChannelInternalImpl.onMessage(ChannelInternalImpl.java:525)
	at com.google.net.webchannel.server.v8.ForwardChannel.deliverMessage(ForwardChannel.java:115)
	at com.google.net.webchannel.server.v8.ForwardChannel.processPendingRequest(ForwardChannel.java:94)
	at com.google.net.webchannel.server.v8.ForwardChannel.consume(ForwardChannel.java:68)
	at com.google.net.webchannel.server.v8.ForwardChannel.add(ForwardChannel.java:61)
	at com.google.net.webchannel.server.v8.ChannelInternalImpl.handleRequestBody(ChannelInternalImpl.java:290)
	at com.google.net.webchannel.server.v8.ChannelInternalImpl.processSessionRequest(ChannelInternalImpl.java:357)
	at com.google.net.webchannel.server.v8.ChannelInternalImpl.handle(ChannelInternalImpl.java:172)
	at com.google.net.webchannel.server.v8.ChannelInternalImpl.consume(ChannelInternalImpl.java:91)
	at com.google.net.webchannel.server.common.ChannelProcessor.run(ChannelProcessor.java:85)

Aug 08, 2026 4:44:00 PM io.gapi.emulators.netty.HttpVersionRoutingHandler channelRead
INFO: Detected non-HTTP/2 connection.
Aug 08, 2026 4:44:00 PM com.google.cloud.datastore.emulator.firestore.webchannel.FirestoreV1WebChannelAdapter$FirestoreWriteHandler onClose
INFO: channel closed
Aug 08, 2026 4:44:01 PM io.gapi.emulators.netty.HttpVersionRoutingHandler channelRead
INFO: Detected non-HTTP/2 connection.
Aug 08, 2026 4:44:01 PM io.gapi.emulators.netty.HttpVersionRoutingHandler channelRead
INFO: Detected non-HTTP/2 connection.
Aug 08, 2026 4:44:01 PM io.gapi.emulators.netty.HttpVersionRoutingHandler channelRead
INFO: Detected non-HTTP/2 connection.
Aug 08, 2026 4:44:02 PM io.gapi.emulators.netty.HttpVersionRoutingHandler channelRead
INFO: Detected non-HTTP/2 connection.
Aug 08, 2026 4:44:04 PM io.gapi.emulators.netty.HttpVersionRoutingHandler channelRead
INFO: Detected non-HTTP/2 connection.
Aug 08, 2026 4:44:04 PM io.gapi.emulators.netty.HttpVersionRoutingHandler channelRead
INFO: Detected non-HTTP/2 connection.
Aug 08, 2026 4:44:04 PM io.gapi.emulators.netty.HttpVersionRoutingHandler channelRead
INFO: Detected non-HTTP/2 connection.
Aug 08, 2026 4:44:04 PM com.google.cloud.datastore.emulator.impl.util.WrappedStreamObserver onError
WARNING: Operation failed: No matching allow statements
com.google.cloud.datastore.core.exception.DatastoreException: No matching allow statements
	at com.google.cloud.datastore.core.exception.DatastoreException$Builder.build(DatastoreException.java:152)
	at com.google.cloud.datastore.emulator.impl.rules.DefaultEmulatorRulesAuthorizer.verboseError(DefaultEmulatorRulesAuthorizer.java:349)
	at com.google.cloud.datastore.emulator.impl.rules.DefaultEmulatorRulesAuthorizer.withVerboseErrors(DefaultEmulatorRulesAuthorizer.java:326)
	at com.google.cloud.datastore.emulator.impl.rules.DefaultEmulatorRulesAuthorizer.checkCommit(DefaultEmulatorRulesAuthorizer.java:113)
	at com.google.cloud.datastore.emulator.impl.firestore.FirestoreEmulatorHelper.commitHelper(FirestoreEmulatorHelper.java:407)
	at com.google.cloud.datastore.emulator.impl.firestore.FirestoreEmulatorHelper.internalCommit(FirestoreEmulatorHelper.java:348)
	at com.google.cloud.datastore.emulator.impl.firestore.CloudFirestoreV1.internalCommit(CloudFirestoreV1.java:1336)
	at com.google.cloud.datastore.emulator.impl.firestore.CloudFirestoreV1.write(CloudFirestoreV1.java:1321)
	at com.google.cloud.datastore.emulator.impl.firestore.CloudFirestoreV1WriteStream.handleRequest(CloudFirestoreV1WriteStream.java:222)
	at com.google.cloud.datastore.emulator.impl.firestore.CloudFirestoreV1WriteStream.write(CloudFirestoreV1WriteStream.java:144)
	at com.google.cloud.datastore.emulator.impl.firestore.CloudFirestoreV1WriteStream.onNext(CloudFirestoreV1WriteStream.java:99)
	at com.google.cloud.datastore.emulator.impl.firestore.CloudFirestoreV1WriteStream.onNext(CloudFirestoreV1WriteStream.java:27)
	at com.google.cloud.datastore.emulator.firestore.webchannel.FirestoreV1WebChannelAdapter$FirestoreWriteHandler.onMessage(FirestoreV1WebChannelAdapter.java:160)
	at com.google.cloud.datastore.emulator.firestore.webchannel.FirestoreV1WebChannelAdapter$FirestoreWriteHandler.onMessage(FirestoreV1WebChannelAdapter.java:130)
	at com.google.net.webchannel.server.v8.ChannelInternalImpl.onMessage(ChannelInternalImpl.java:525)
	at com.google.net.webchannel.server.v8.ForwardChannel.deliverMessage(ForwardChannel.java:115)
	at com.google.net.webchannel.server.v8.ForwardChannel.processPendingRequest(ForwardChannel.java:94)
	at com.google.net.webchannel.server.v8.ForwardChannel.consume(ForwardChannel.java:68)
	at com.google.net.webchannel.server.v8.ForwardChannel.add(ForwardChannel.java:61)
	at com.google.net.webchannel.server.v8.ChannelInternalImpl.handleRequestBody(ChannelInternalImpl.java:290)
	at com.google.net.webchannel.server.v8.ChannelInternalImpl.processSessionRequest(ChannelInternalImpl.java:357)
	at com.google.net.webchannel.server.v8.ChannelInternalImpl.handle(ChannelInternalImpl.java:172)
	at com.google.net.webchannel.server.v8.ChannelInternalImpl.consume(ChannelInternalImpl.java:91)
	at com.google.net.webchannel.server.common.ChannelProcessor.run(ChannelProcessor.java:85)

Aug 08, 2026 4:44:05 PM io.gapi.emulators.netty.HttpVersionRoutingHandler channelRead
INFO: Detected non-HTTP/2 connection.
Aug 08, 2026 4:44:05 PM com.google.cloud.datastore.emulator.firestore.webchannel.FirestoreV1WebChannelAdapter$FirestoreWriteHandler onClose
INFO: channel closed
Aug 08, 2026 4:44:11 PM io.gapi.emulators.netty.HttpVersionRoutingHandler channelRead
INFO: Detected non-HTTP/2 connection.
Aug 08, 2026 4:44:11 PM io.gapi.emulators.netty.HttpVersionRoutingHandler channelRead
INFO: Detected non-HTTP/2 connection.
Aug 08, 2026 4:44:12 PM io.gapi.emulators.netty.HttpVersionRoutingHandler channelRead
INFO: Detected non-HTTP/2 connection.
Aug 08, 2026 4:44:12 PM com.google.cloud.datastore.emulator.impl.util.WrappedStreamObserver onError
WARNING: Operation failed: No matching allow statements
com.google.cloud.datastore.core.exception.DatastoreException: No matching allow statements
	at com.google.cloud.datastore.core.exception.DatastoreException$Builder.build(DatastoreException.java:152)
	at com.google.cloud.datastore.emulator.impl.rules.DefaultEmulatorRulesAuthorizer.verboseError(DefaultEmulatorRulesAuthorizer.java:349)
	at com.google.cloud.datastore.emulator.impl.rules.DefaultEmulatorRulesAuthorizer.withVerboseErrors(DefaultEmulatorRulesAuthorizer.java:326)
	at com.google.cloud.datastore.emulator.impl.rules.DefaultEmulatorRulesAuthorizer.checkCommit(DefaultEmulatorRulesAuthorizer.java:113)
	at com.google.cloud.datastore.emulator.impl.firestore.FirestoreEmulatorHelper.commitHelper(FirestoreEmulatorHelper.java:407)
	at com.google.cloud.datastore.emulator.impl.firestore.FirestoreEmulatorHelper.internalCommit(FirestoreEmulatorHelper.java:348)
	at com.google.cloud.datastore.emulator.impl.firestore.CloudFirestoreV1.internalCommit(CloudFirestoreV1.java:1336)
	at com.google.cloud.datastore.emulator.impl.firestore.CloudFirestoreV1.write(CloudFirestoreV1.java:1321)
	at com.google.cloud.datastore.emulator.impl.firestore.CloudFirestoreV1WriteStream.handleRequest(CloudFirestoreV1WriteStream.java:222)
	at com.google.cloud.datastore.emulator.impl.firestore.CloudFirestoreV1WriteStream.write(CloudFirestoreV1WriteStream.java:144)
	at com.google.cloud.datastore.emulator.impl.firestore.CloudFirestoreV1WriteStream.onNext(CloudFirestoreV1WriteStream.java:99)
	at com.google.cloud.datastore.emulator.impl.firestore.CloudFirestoreV1WriteStream.onNext(CloudFirestoreV1WriteStream.java:27)
	at com.google.cloud.datastore.emulator.firestore.webchannel.FirestoreV1WebChannelAdapter$FirestoreWriteHandler.onMessage(FirestoreV1WebChannelAdapter.java:160)
	at com.google.cloud.datastore.emulator.firestore.webchannel.FirestoreV1WebChannelAdapter$FirestoreWriteHandler.onMessage(FirestoreV1WebChannelAdapter.java:130)
	at com.google.net.webchannel.server.v8.ChannelInternalImpl.onMessage(ChannelInternalImpl.java:525)
	at com.google.net.webchannel.server.v8.ForwardChannel.deliverMessage(ForwardChannel.java:115)
	at com.google.net.webchannel.server.v8.ForwardChannel.processPendingRequest(ForwardChannel.java:94)
	at com.google.net.webchannel.server.v8.ForwardChannel.consume(ForwardChannel.java:68)
	at com.google.net.webchannel.server.v8.ForwardChannel.add(ForwardChannel.java:61)
	at com.google.net.webchannel.server.v8.ChannelInternalImpl.handleRequestBody(ChannelInternalImpl.java:290)
	at com.google.net.webchannel.server.v8.ChannelInternalImpl.processSessionRequest(ChannelInternalImpl.java:357)
	at com.google.net.webchannel.server.v8.ChannelInternalImpl.handle(ChannelInternalImpl.java:172)
	at com.google.net.webchannel.server.v8.ChannelInternalImpl.consume(ChannelInternalImpl.java:91)
	at com.google.net.webchannel.server.common.ChannelProcessor.run(ChannelProcessor.java:85)

Aug 08, 2026 4:44:12 PM com.google.cloud.datastore.emulator.impl.util.WrappedStreamObserver onError
WARNING: Operation failed: No matching allow statements
com.google.cloud.datastore.core.exception.DatastoreException: No matching allow statements
	at com.google.cloud.datastore.core.exception.DatastoreException$Builder.build(DatastoreException.java:152)
	at com.google.cloud.datastore.emulator.impl.rules.DefaultEmulatorRulesAuthorizer.verboseError(DefaultEmulatorRulesAuthorizer.java:349)
	at com.google.cloud.datastore.emulator.impl.rules.DefaultEmulatorRulesAuthorizer.withVerboseErrors(DefaultEmulatorRulesAuthorizer.java:326)
	at com.google.cloud.datastore.emulator.impl.rules.DefaultEmulatorRulesAuthorizer.checkCommit(DefaultEmulatorRulesAuthorizer.java:113)
	at com.google.cloud.datastore.emulator.impl.firestore.FirestoreEmulatorHelper.commitHelper(FirestoreEmulatorHelper.java:407)
	at com.google.cloud.datastore.emulator.impl.firestore.FirestoreEmulatorHelper.internalCommit(FirestoreEmulatorHelper.java:348)
	at com.google.cloud.datastore.emulator.impl.firestore.CloudFirestoreV1.internalCommit(CloudFirestoreV1.java:1336)
	at com.google.cloud.datastore.emulator.impl.firestore.CloudFirestoreV1.write(CloudFirestoreV1.java:1321)
	at com.google.cloud.datastore.emulator.impl.firestore.CloudFirestoreV1WriteStream.handleRequest(CloudFirestoreV1WriteStream.java:222)
	at com.google.cloud.datastore.emulator.impl.firestore.CloudFirestoreV1WriteStream.write(CloudFirestoreV1WriteStream.java:144)
	at com.google.cloud.datastore.emulator.impl.firestore.CloudFirestoreV1WriteStream.onNext(CloudFirestoreV1WriteStream.java:99)
	at com.google.cloud.datastore.emulator.impl.firestore.CloudFirestoreV1WriteStream.onNext(CloudFirestoreV1WriteStream.java:27)
	at com.google.cloud.datastore.emulator.firestore.webchannel.FirestoreV1WebChannelAdapter$FirestoreWriteHandler.onMessage(FirestoreV1WebChannelAdapter.java:160)
	at com.google.cloud.datastore.emulator.firestore.webchannel.FirestoreV1WebChannelAdapter$FirestoreWriteHandler.onMessage(FirestoreV1WebChannelAdapter.java:130)
	at com.google.net.webchannel.server.v8.ChannelInternalImpl.onMessage(ChannelInternalImpl.java:525)
	at com.google.net.webchannel.server.v8.ForwardChannel.deliverMessage(ForwardChannel.java:115)
	at com.google.net.webchannel.server.v8.ForwardChannel.processPendingRequest(ForwardChannel.java:94)
	at com.google.net.webchannel.server.v8.ForwardChannel.consume(ForwardChannel.java:68)
	at com.google.net.webchannel.server.v8.ForwardChannel.add(ForwardChannel.java:61)
	at com.google.net.webchannel.server.v8.ChannelInternalImpl.handleRequestBody(ChannelInternalImpl.java:290)
	at com.google.net.webchannel.server.v8.ChannelInternalImpl.processSessionRequest(ChannelInternalImpl.java:357)
	at com.google.net.webchannel.server.v8.ChannelInternalImpl.handle(ChannelInternalImpl.java:172)
	at com.google.net.webchannel.server.v8.ChannelInternalImpl.consume(ChannelInternalImpl.java:91)
	at com.google.net.webchannel.server.common.ChannelProcessor.run(ChannelProcessor.java:85)

Aug 08, 2026 4:44:12 PM io.gapi.emulators.netty.HttpVersionRoutingHandler channelRead
INFO: Detected non-HTTP/2 connection.
Aug 08, 2026 4:44:12 PM io.gapi.emulators.netty.HttpVersionRoutingHandler channelRead
INFO: Detected non-HTTP/2 connection.
Aug 08, 2026 4:44:12 PM com.google.cloud.datastore.emulator.firestore.webchannel.FirestoreV1WebChannelAdapter$FirestoreWriteHandler onClose
INFO: channel closed
Aug 08, 2026 4:44:12 PM io.gapi.emulators.netty.HttpVersionRoutingHandler channelRead
INFO: Detected non-HTTP/2 connection.
Aug 08, 2026 4:44:13 PM io.gapi.emulators.netty.HttpVersionRoutingHandler channelRead
INFO: Detected non-HTTP/2 connection.
Aug 08, 2026 4:44:13 PM com.google.cloud.datastore.emulator.impl.util.WrappedStreamObserver onError
WARNING: Operation failed: No matching allow statements
com.google.cloud.datastore.core.exception.DatastoreException: No matching allow statements
	at com.google.cloud.datastore.core.exception.DatastoreException$Builder.build(DatastoreException.java:152)
	at com.google.cloud.datastore.emulator.impl.rules.DefaultEmulatorRulesAuthorizer.verboseError(DefaultEmulatorRulesAuthorizer.java:349)
	at com.google.cloud.datastore.emulator.impl.rules.DefaultEmulatorRulesAuthorizer.withVerboseErrors(DefaultEmulatorRulesAuthorizer.java:326)
	at com.google.cloud.datastore.emulator.impl.rules.DefaultEmulatorRulesAuthorizer.checkCommit(DefaultEmulatorRulesAuthorizer.java:113)
	at com.google.cloud.datastore.emulator.impl.firestore.FirestoreEmulatorHelper.commitHelper(FirestoreEmulatorHelper.java:407)
	at com.google.cloud.datastore.emulator.impl.firestore.FirestoreEmulatorHelper.internalCommit(FirestoreEmulatorHelper.java:348)
	at com.google.cloud.datastore.emulator.impl.firestore.CloudFirestoreV1.internalCommit(CloudFirestoreV1.java:1336)
	at com.google.cloud.datastore.emulator.impl.firestore.CloudFirestoreV1.write(CloudFirestoreV1.java:1321)
	at com.google.cloud.datastore.emulator.impl.firestore.CloudFirestoreV1WriteStream.handleRequest(CloudFirestoreV1WriteStream.java:222)
	at com.google.cloud.datastore.emulator.impl.firestore.CloudFirestoreV1WriteStream.write(CloudFirestoreV1WriteStream.java:144)
	at com.google.cloud.datastore.emulator.impl.firestore.CloudFirestoreV1WriteStream.onNext(CloudFirestoreV1WriteStream.java:99)
	at com.google.cloud.datastore.emulator.impl.firestore.CloudFirestoreV1WriteStream.onNext(CloudFirestoreV1WriteStream.java:27)
	at com.google.cloud.datastore.emulator.firestore.webchannel.FirestoreV1WebChannelAdapter$FirestoreWriteHandler.onMessage(FirestoreV1WebChannelAdapter.java:160)
	at com.google.cloud.datastore.emulator.firestore.webchannel.FirestoreV1WebChannelAdapter$FirestoreWriteHandler.onMessage(FirestoreV1WebChannelAdapter.java:130)
	at com.google.net.webchannel.server.v8.ChannelInternalImpl.onMessage(ChannelInternalImpl.java:525)
	at com.google.net.webchannel.server.v8.ForwardChannel.deliverMessage(ForwardChannel.java:115)
	at com.google.net.webchannel.server.v8.ForwardChannel.processPendingRequest(ForwardChannel.java:94)
	at com.google.net.webchannel.server.v8.ForwardChannel.consume(ForwardChannel.java:68)
	at com.google.net.webchannel.server.v8.ForwardChannel.add(ForwardChannel.java:61)
	at com.google.net.webchannel.server.v8.ChannelInternalImpl.handleRequestBody(ChannelInternalImpl.java:290)
	at com.google.net.webchannel.server.v8.ChannelInternalImpl.processSessionRequest(ChannelInternalImpl.java:357)
	at com.google.net.webchannel.server.v8.ChannelInternalImpl.handle(ChannelInternalImpl.java:172)
	at com.google.net.webchannel.server.v8.ChannelInternalImpl.consume(ChannelInternalImpl.java:91)
	at com.google.net.webchannel.server.common.ChannelProcessor.run(ChannelProcessor.java:85)

Aug 08, 2026 4:44:13 PM io.gapi.emulators.netty.HttpVersionRoutingHandler channelRead
INFO: Detected non-HTTP/2 connection.
Aug 08, 2026 4:44:13 PM io.gapi.emulators.netty.HttpVersionRoutingHandler channelRead
INFO: Detected non-HTTP/2 connection.
Aug 08, 2026 4:44:13 PM io.gapi.emulators.netty.HttpVersionRoutingHandler channelRead
INFO: Detected non-HTTP/2 connection.
Aug 08, 2026 4:44:13 PM com.google.cloud.datastore.emulator.impl.util.WrappedStreamObserver onError
WARNING: Operation failed: 
false for 'create' @ L28
com.google.cloud.datastore.core.exception.DatastoreException: 
false for 'create' @ L28
	at com.google.cloud.datastore.core.exception.DatastoreException$Builder.build(DatastoreException.java:152)
	at com.google.cloud.datastore.emulator.impl.rules.DefaultEmulatorRulesAuthorizer.verboseError(DefaultEmulatorRulesAuthorizer.java:349)
	at com.google.cloud.datastore.emulator.impl.rules.DefaultEmulatorRulesAuthorizer.withVerboseErrors(DefaultEmulatorRulesAuthorizer.java:326)
	at com.google.cloud.datastore.emulator.impl.rules.DefaultEmulatorRulesAuthorizer.checkCommit(DefaultEmulatorRulesAuthorizer.java:113)
	at com.google.cloud.datastore.emulator.impl.firestore.FirestoreEmulatorHelper.commitHelper(FirestoreEmulatorHelper.java:407)
	at com.google.cloud.datastore.emulator.impl.firestore.FirestoreEmulatorHelper.internalCommit(FirestoreEmulatorHelper.java:348)
	at com.google.cloud.datastore.emulator.impl.firestore.CloudFirestoreV1.internalCommit(CloudFirestoreV1.java:1336)
	at com.google.cloud.datastore.emulator.impl.firestore.CloudFirestoreV1.write(CloudFirestoreV1.java:1321)
	at com.google.cloud.datastore.emulator.impl.firestore.CloudFirestoreV1WriteStream.handleRequest(CloudFirestoreV1WriteStream.java:222)
	at com.google.cloud.datastore.emulator.impl.firestore.CloudFirestoreV1WriteStream.write(CloudFirestoreV1WriteStream.java:144)
	at com.google.cloud.datastore.emulator.impl.firestore.CloudFirestoreV1WriteStream.onNext(CloudFirestoreV1WriteStream.java:99)
	at com.google.cloud.datastore.emulator.impl.firestore.CloudFirestoreV1WriteStream.onNext(CloudFirestoreV1WriteStream.java:27)
	at com.google.cloud.datastore.emulator.firestore.webchannel.FirestoreV1WebChannelAdapter$FirestoreWriteHandler.onMessage(FirestoreV1WebChannelAdapter.java:160)
	at com.google.cloud.datastore.emulator.firestore.webchannel.FirestoreV1WebChannelAdapter$FirestoreWriteHandler.onMessage(FirestoreV1WebChannelAdapter.java:130)
	at com.google.net.webchannel.server.v8.ChannelInternalImpl.onMessage(ChannelInternalImpl.java:525)
	at com.google.net.webchannel.server.v8.ForwardChannel.deliverMessage(ForwardChannel.java:115)
	at com.google.net.webchannel.server.v8.ForwardChannel.processPendingRequest(ForwardChannel.java:94)
	at com.google.net.webchannel.server.v8.ForwardChannel.consume(ForwardChannel.java:68)
	at com.google.net.webchannel.server.v8.ForwardChannel.add(ForwardChannel.java:61)
	at com.google.net.webchannel.server.v8.ChannelInternalImpl.handleRequestBody(ChannelInternalImpl.java:290)
	at com.google.net.webchannel.server.v8.ChannelInternalImpl.processSessionRequest(ChannelInternalImpl.java:357)
	at com.google.net.webchannel.server.v8.ChannelInternalImpl.handle(ChannelInternalImpl.java:172)
	at com.google.net.webchannel.server.v8.ChannelInternalImpl.consume(ChannelInternalImpl.java:91)
	at com.google.net.webchannel.server.common.ChannelProcessor.run(ChannelProcessor.java:85)

Aug 08, 2026 4:44:13 PM io.gapi.emulators.netty.HttpVersionRoutingHandler channelRead
INFO: Detected non-HTTP/2 connection.
Aug 08, 2026 4:44:13 PM com.google.cloud.datastore.emulator.firestore.webchannel.FirestoreV1WebChannelAdapter$FirestoreWriteHandler onClose
INFO: channel closed
Aug 08, 2026 4:44:14 PM io.gapi.emulators.netty.HttpVersionRoutingHandler channelRead
INFO: Detected non-HTTP/2 connection.
Aug 08, 2026 4:44:14 PM com.google.cloud.datastore.emulator.firestore.webchannel.FirestoreV1WebChannelAdapter$FirestoreWriteHandler onClose
INFO: channel closed
Aug 08, 2026 4:44:20 PM io.gapi.emulators.netty.HttpVersionRoutingHandler channelRead
INFO: Detected non-HTTP/2 connection.
Aug 08, 2026 4:44:20 PM io.gapi.emulators.netty.HttpVersionRoutingHandler channelRead
INFO: Detected non-HTTP/2 connection.
Aug 08, 2026 4:44:20 PM io.gapi.emulators.netty.HttpVersionRoutingHandler channelRead
INFO: Detected non-HTTP/2 connection.
Aug 08, 2026 4:44:20 PM io.gapi.emulators.netty.HttpVersionRoutingHandler channelRead
INFO: Detected non-HTTP/2 connection.
Aug 08, 2026 4:44:21 PM io.gapi.emulators.netty.HttpVersionRoutingHandler channelRead
INFO: Detected non-HTTP/2 connection.
Aug 08, 2026 4:44:21 PM io.gapi.emulators.netty.HttpVersionRoutingHandler channelRead
INFO: Detected non-HTTP/2 connection.
Aug 08, 2026 4:44:21 PM io.gapi.emulators.netty.HttpVersionRoutingHandler channelRead
INFO: Detected non-HTTP/2 connection.
Aug 08, 2026 4:44:21 PM com.google.cloud.datastore.emulator.impl.util.WrappedStreamObserver onError
WARNING: Operation failed: No matching allow statements
com.google.cloud.datastore.core.exception.DatastoreException: No matching allow statements
	at com.google.cloud.datastore.core.exception.DatastoreException$Builder.build(DatastoreException.java:152)
	at com.google.cloud.datastore.emulator.impl.rules.DefaultEmulatorRulesAuthorizer.verboseError(DefaultEmulatorRulesAuthorizer.java:349)
	at com.google.cloud.datastore.emulator.impl.rules.DefaultEmulatorRulesAuthorizer.withVerboseErrors(DefaultEmulatorRulesAuthorizer.java:326)
	at com.google.cloud.datastore.emulator.impl.rules.DefaultEmulatorRulesAuthorizer.checkCommit(DefaultEmulatorRulesAuthorizer.java:113)
	at com.google.cloud.datastore.emulator.impl.firestore.FirestoreEmulatorHelper.commitHelper(FirestoreEmulatorHelper.java:407)
	at com.google.cloud.datastore.emulator.impl.firestore.FirestoreEmulatorHelper.internalCommit(FirestoreEmulatorHelper.java:348)
	at com.google.cloud.datastore.emulator.impl.firestore.CloudFirestoreV1.internalCommit(CloudFirestoreV1.java:1336)
	at com.google.cloud.datastore.emulator.impl.firestore.CloudFirestoreV1.write(CloudFirestoreV1.java:1321)
	at com.google.cloud.datastore.emulator.impl.firestore.CloudFirestoreV1WriteStream.handleRequest(CloudFirestoreV1WriteStream.java:222)
	at com.google.cloud.datastore.emulator.impl.firestore.CloudFirestoreV1WriteStream.write(CloudFirestoreV1WriteStream.java:144)
	at com.google.cloud.datastore.emulator.impl.firestore.CloudFirestoreV1WriteStream.onNext(CloudFirestoreV1WriteStream.java:99)
	at com.google.cloud.datastore.emulator.impl.firestore.CloudFirestoreV1WriteStream.onNext(CloudFirestoreV1WriteStream.java:27)
	at com.google.cloud.datastore.emulator.firestore.webchannel.FirestoreV1WebChannelAdapter$FirestoreWriteHandler.onMessage(FirestoreV1WebChannelAdapter.java:160)
	at com.google.cloud.datastore.emulator.firestore.webchannel.FirestoreV1WebChannelAdapter$FirestoreWriteHandler.onMessage(FirestoreV1WebChannelAdapter.java:130)
	at com.google.net.webchannel.server.v8.ChannelInternalImpl.onMessage(ChannelInternalImpl.java:525)
	at com.google.net.webchannel.server.v8.ForwardChannel.deliverMessage(ForwardChannel.java:115)
	at com.google.net.webchannel.server.v8.ForwardChannel.processPendingRequest(ForwardChannel.java:94)
	at com.google.net.webchannel.server.v8.ForwardChannel.consume(ForwardChannel.java:68)
	at com.google.net.webchannel.server.v8.ForwardChannel.add(ForwardChannel.java:61)
	at com.google.net.webchannel.server.v8.ChannelInternalImpl.handleRequestBody(ChannelInternalImpl.java:290)
	at com.google.net.webchannel.server.v8.ChannelInternalImpl.processSessionRequest(ChannelInternalImpl.java:357)
	at com.google.net.webchannel.server.v8.ChannelInternalImpl.handle(ChannelInternalImpl.java:172)
	at com.google.net.webchannel.server.v8.ChannelInternalImpl.consume(ChannelInternalImpl.java:91)
	at com.google.net.webchannel.server.common.ChannelProcessor.run(ChannelProcessor.java:85)

Aug 08, 2026 4:44:21 PM io.gapi.emulators.netty.HttpVersionRoutingHandler channelRead
INFO: Detected non-HTTP/2 connection.
Aug 08, 2026 4:44:21 PM com.google.cloud.datastore.emulator.firestore.webchannel.FirestoreV1WebChannelAdapter$FirestoreWriteHandler onClose
INFO: channel closed
Aug 08, 2026 4:44:32 PM io.gapi.emulators.netty.HttpVersionRoutingHandler channelRead
INFO: Detected non-HTTP/2 connection.
Aug 08, 2026 4:45:02 PM io.gapi.emulators.netty.HttpVersionRoutingHandler channelRead
INFO: Detected non-HTTP/2 connection.
Aug 08, 2026 4:45:07 PM io.gapi.emulators.netty.HttpVersionRoutingHandler channelRead
INFO: Detected non-HTTP/2 connection.
Aug 08, 2026 4:45:33 PM io.gapi.emulators.netty.HttpVersionRoutingHandler channelRead
INFO: Detected non-HTTP/2 connection.
Aug 08, 2026 4:46:03 PM io.gapi.emulators.netty.HttpVersionRoutingHandler channelRead
INFO: Detected non-HTTP/2 connection.
Aug 08, 2026 4:46:07 PM io.gapi.emulators.netty.HttpVersionRoutingHandler channelRead
INFO: Detected non-HTTP/2 connection.
Aug 08, 2026 4:46:33 PM io.gapi.emulators.netty.HttpVersionRoutingHandler channelRead
INFO: Detected non-HTTP/2 connection.
Aug 08, 2026 4:47:04 PM io.gapi.emulators.netty.HttpVersionRoutingHandler channelRead
INFO: Detected non-HTTP/2 connection.
Aug 08, 2026 4:47:07 PM io.gapi.emulators.netty.HttpVersionRoutingHandler channelRead
INFO: Detected non-HTTP/2 connection.
Aug 08, 2026 4:47:11 PM io.gapi.emulators.netty.HttpVersionRoutingHandler channelRead
INFO: Detected non-HTTP/2 connection.
Aug 08, 2026 4:47:26 PM io.gapi.emulators.netty.HttpVersionRoutingHandler channelRead
INFO: Detected non-HTTP/2 connection.
Aug 08, 2026 4:47:26 PM io.gapi.emulators.netty.HttpVersionRoutingHandler channelRead
INFO: Detected non-HTTP/2 connection.
Aug 08, 2026 4:47:26 PM io.gapi.emulators.netty.HttpVersionRoutingHandler channelRead
INFO: Detected non-HTTP/2 connection.
Aug 08, 2026 4:47:26 PM io.gapi.emulators.netty.HttpVersionRoutingHandler channelRead
INFO: Detected non-HTTP/2 connection.
Aug 08, 2026 4:47:27 PM io.gapi.emulators.netty.HttpVersionRoutingHandler channelRead
INFO: Detected non-HTTP/2 connection.
Aug 08, 2026 4:47:27 PM io.gapi.emulators.netty.HttpVersionRoutingHandler channelRead
INFO: Detected non-HTTP/2 connection.
Aug 08, 2026 4:47:27 PM io.gapi.emulators.netty.HttpVersionRoutingHandler channelRead
INFO: Detected non-HTTP/2 connection.
Aug 08, 2026 4:47:27 PM com.google.cloud.datastore.emulator.impl.util.WrappedStreamObserver onError
WARNING: Operation failed: No matching allow statements
com.google.cloud.datastore.core.exception.DatastoreException: No matching allow statements
	at com.google.cloud.datastore.core.exception.DatastoreException$Builder.build(DatastoreException.java:152)
	at com.google.cloud.datastore.emulator.impl.rules.DefaultEmulatorRulesAuthorizer.verboseError(DefaultEmulatorRulesAuthorizer.java:349)
	at com.google.cloud.datastore.emulator.impl.rules.DefaultEmulatorRulesAuthorizer.withVerboseErrors(DefaultEmulatorRulesAuthorizer.java:326)
	at com.google.cloud.datastore.emulator.impl.rules.DefaultEmulatorRulesAuthorizer.checkCommit(DefaultEmulatorRulesAuthorizer.java:113)
	at com.google.cloud.datastore.emulator.impl.firestore.FirestoreEmulatorHelper.commitHelper(FirestoreEmulatorHelper.java:407)
	at com.google.cloud.datastore.emulator.impl.firestore.FirestoreEmulatorHelper.internalCommit(FirestoreEmulatorHelper.java:348)
	at com.google.cloud.datastore.emulator.impl.firestore.CloudFirestoreV1.internalCommit(CloudFirestoreV1.java:1336)
	at com.google.cloud.datastore.emulator.impl.firestore.CloudFirestoreV1.write(CloudFirestoreV1.java:1321)
	at com.google.cloud.datastore.emulator.impl.firestore.CloudFirestoreV1WriteStream.handleRequest(CloudFirestoreV1WriteStream.java:222)
	at com.google.cloud.datastore.emulator.impl.firestore.CloudFirestoreV1WriteStream.write(CloudFirestoreV1WriteStream.java:144)
	at com.google.cloud.datastore.emulator.impl.firestore.CloudFirestoreV1WriteStream.onNext(CloudFirestoreV1WriteStream.java:99)
	at com.google.cloud.datastore.emulator.impl.firestore.CloudFirestoreV1WriteStream.onNext(CloudFirestoreV1WriteStream.java:27)
	at com.google.cloud.datastore.emulator.firestore.webchannel.FirestoreV1WebChannelAdapter$FirestoreWriteHandler.onMessage(FirestoreV1WebChannelAdapter.java:160)
	at com.google.cloud.datastore.emulator.firestore.webchannel.FirestoreV1WebChannelAdapter$FirestoreWriteHandler.onMessage(FirestoreV1WebChannelAdapter.java:130)
	at com.google.net.webchannel.server.v8.ChannelInternalImpl.onMessage(ChannelInternalImpl.java:525)
	at com.google.net.webchannel.server.v8.ForwardChannel.deliverMessage(ForwardChannel.java:115)
	at com.google.net.webchannel.server.v8.ForwardChannel.processPendingRequest(ForwardChannel.java:94)
	at com.google.net.webchannel.server.v8.ForwardChannel.consume(ForwardChannel.java:68)
	at com.google.net.webchannel.server.v8.ForwardChannel.add(ForwardChannel.java:61)
	at com.google.net.webchannel.server.v8.ChannelInternalImpl.handleRequestBody(ChannelInternalImpl.java:290)
	at com.google.net.webchannel.server.v8.ChannelInternalImpl.processSessionRequest(ChannelInternalImpl.java:357)
	at com.google.net.webchannel.server.v8.ChannelInternalImpl.handle(ChannelInternalImpl.java:172)
	at com.google.net.webchannel.server.v8.ChannelInternalImpl.consume(ChannelInternalImpl.java:91)
	at com.google.net.webchannel.server.common.ChannelProcessor.run(ChannelProcessor.java:85)

Aug 08, 2026 4:47:27 PM io.gapi.emulators.netty.HttpVersionRoutingHandler channelRead
INFO: Detected non-HTTP/2 connection.
Aug 08, 2026 4:47:27 PM com.google.cloud.datastore.emulator.firestore.webchannel.FirestoreV1WebChannelAdapter$FirestoreWriteHandler onClose
INFO: channel closed
Aug 08, 2026 4:47:34 PM io.gapi.emulators.netty.HttpVersionRoutingHandler channelRead
INFO: Detected non-HTTP/2 connection.
Aug 08, 2026 4:48:04 PM io.gapi.emulators.netty.HttpVersionRoutingHandler channelRead
INFO: Detected non-HTTP/2 connection.
Aug 08, 2026 4:48:27 PM io.gapi.emulators.netty.HttpVersionRoutingHandler channelRead
INFO: Detected non-HTTP/2 connection.
Aug 08, 2026 4:48:34 PM io.gapi.emulators.netty.HttpVersionRoutingHandler channelRead
INFO: Detected non-HTTP/2 connection.
Aug 08, 2026 4:49:02 PM io.gapi.emulators.netty.HttpVersionRoutingHandler channelRead
INFO: Detected non-HTTP/2 connection.
Aug 08, 2026 4:49:03 PM io.gapi.emulators.netty.HttpVersionRoutingHandler channelRead
INFO: Detected non-HTTP/2 connection.
Aug 08, 2026 4:49:03 PM io.gapi.emulators.netty.HttpVersionRoutingHandler channelRead
INFO: Detected non-HTTP/2 connection.
Aug 08, 2026 4:49:03 PM com.google.cloud.datastore.emulator.impl.util.WrappedStreamObserver onError
WARNING: Operation failed: No matching allow statements
com.google.cloud.datastore.core.exception.DatastoreException: No matching allow statements
	at com.google.cloud.datastore.core.exception.DatastoreException$Builder.build(DatastoreException.java:152)
	at com.google.cloud.datastore.emulator.impl.rules.DefaultEmulatorRulesAuthorizer.verboseError(DefaultEmulatorRulesAuthorizer.java:349)
	at com.google.cloud.datastore.emulator.impl.rules.DefaultEmulatorRulesAuthorizer.withVerboseErrors(DefaultEmulatorRulesAuthorizer.java:326)
	at com.google.cloud.datastore.emulator.impl.rules.DefaultEmulatorRulesAuthorizer.checkCommit(DefaultEmulatorRulesAuthorizer.java:113)
	at com.google.cloud.datastore.emulator.impl.firestore.FirestoreEmulatorHelper.commitHelper(FirestoreEmulatorHelper.java:407)
	at com.google.cloud.datastore.emulator.impl.firestore.FirestoreEmulatorHelper.internalCommit(FirestoreEmulatorHelper.java:348)
	at com.google.cloud.datastore.emulator.impl.firestore.CloudFirestoreV1.internalCommit(CloudFirestoreV1.java:1336)
	at com.google.cloud.datastore.emulator.impl.firestore.CloudFirestoreV1.write(CloudFirestoreV1.java:1321)
	at com.google.cloud.datastore.emulator.impl.firestore.CloudFirestoreV1WriteStream.handleRequest(CloudFirestoreV1WriteStream.java:222)
	at com.google.cloud.datastore.emulator.impl.firestore.CloudFirestoreV1WriteStream.write(CloudFirestoreV1WriteStream.java:144)
	at com.google.cloud.datastore.emulator.impl.firestore.CloudFirestoreV1WriteStream.onNext(CloudFirestoreV1WriteStream.java:99)
	at com.google.cloud.datastore.emulator.impl.firestore.CloudFirestoreV1WriteStream.onNext(CloudFirestoreV1WriteStream.java:27)
	at com.google.cloud.datastore.emulator.firestore.webchannel.FirestoreV1WebChannelAdapter$FirestoreWriteHandler.onMessage(FirestoreV1WebChannelAdapter.java:160)
	at com.google.cloud.datastore.emulator.firestore.webchannel.FirestoreV1WebChannelAdapter$FirestoreWriteHandler.onMessage(FirestoreV1WebChannelAdapter.java:130)
	at com.google.net.webchannel.server.v8.ChannelInternalImpl.onMessage(ChannelInternalImpl.java:525)
	at com.google.net.webchannel.server.v8.ForwardChannel.deliverMessage(ForwardChannel.java:115)
	at com.google.net.webchannel.server.v8.ForwardChannel.processPendingRequest(ForwardChannel.java:94)
	at com.google.net.webchannel.server.v8.ForwardChannel.consume(ForwardChannel.java:68)
	at com.google.net.webchannel.server.v8.ForwardChannel.add(ForwardChannel.java:61)
	at com.google.net.webchannel.server.v8.ChannelInternalImpl.handleRequestBody(ChannelInternalImpl.java:290)
	at com.google.net.webchannel.server.v8.ChannelInternalImpl.processSessionRequest(ChannelInternalImpl.java:357)
	at com.google.net.webchannel.server.v8.ChannelInternalImpl.handle(ChannelInternalImpl.java:172)
	at com.google.net.webchannel.server.v8.ChannelInternalImpl.consume(ChannelInternalImpl.java:91)
	at com.google.net.webchannel.server.common.ChannelProcessor.run(ChannelProcessor.java:85)

Aug 08, 2026 4:49:03 PM io.gapi.emulators.netty.HttpVersionRoutingHandler channelRead
INFO: Detected non-HTTP/2 connection.
Aug 08, 2026 4:49:03 PM io.gapi.emulators.netty.HttpVersionRoutingHandler channelRead
INFO: Detected non-HTTP/2 connection.
Aug 08, 2026 4:49:04 PM io.gapi.emulators.netty.HttpVersionRoutingHandler channelRead
INFO: Detected non-HTTP/2 connection.
Aug 08, 2026 4:49:04 PM com.google.cloud.datastore.emulator.impl.util.WrappedStreamObserver onError
WARNING: Operation failed: 
false for 'create' @ L28
com.google.cloud.datastore.core.exception.DatastoreException: 
false for 'create' @ L28
	at com.google.cloud.datastore.core.exception.DatastoreException$Builder.build(DatastoreException.java:152)
	at com.google.cloud.datastore.emulator.impl.rules.DefaultEmulatorRulesAuthorizer.verboseError(DefaultEmulatorRulesAuthorizer.java:349)
	at com.google.cloud.datastore.emulator.impl.rules.DefaultEmulatorRulesAuthorizer.withVerboseErrors(DefaultEmulatorRulesAuthorizer.java:326)
	at com.google.cloud.datastore.emulator.impl.rules.DefaultEmulatorRulesAuthorizer.checkCommit(DefaultEmulatorRulesAuthorizer.java:113)
	at com.google.cloud.datastore.emulator.impl.firestore.FirestoreEmulatorHelper.commitHelper(FirestoreEmulatorHelper.java:407)
	at com.google.cloud.datastore.emulator.impl.firestore.FirestoreEmulatorHelper.internalCommit(FirestoreEmulatorHelper.java:348)
	at com.google.cloud.datastore.emulator.impl.firestore.CloudFirestoreV1.internalCommit(CloudFirestoreV1.java:1336)
	at com.google.cloud.datastore.emulator.impl.firestore.CloudFirestoreV1.write(CloudFirestoreV1.java:1321)
	at com.google.cloud.datastore.emulator.impl.firestore.CloudFirestoreV1WriteStream.handleRequest(CloudFirestoreV1WriteStream.java:222)
	at com.google.cloud.datastore.emulator.impl.firestore.CloudFirestoreV1WriteStream.write(CloudFirestoreV1WriteStream.java:144)
	at com.google.cloud.datastore.emulator.impl.firestore.CloudFirestoreV1WriteStream.onNext(CloudFirestoreV1WriteStream.java:99)
	at com.google.cloud.datastore.emulator.impl.firestore.CloudFirestoreV1WriteStream.onNext(CloudFirestoreV1WriteStream.java:27)
	at com.google.cloud.datastore.emulator.firestore.webchannel.FirestoreV1WebChannelAdapter$FirestoreWriteHandler.onMessage(FirestoreV1WebChannelAdapter.java:160)
	at com.google.cloud.datastore.emulator.firestore.webchannel.FirestoreV1WebChannelAdapter$FirestoreWriteHandler.onMessage(FirestoreV1WebChannelAdapter.java:130)
	at com.google.net.webchannel.server.v8.ChannelInternalImpl.onMessage(ChannelInternalImpl.java:525)
	at com.google.net.webchannel.server.v8.ForwardChannel.deliverMessage(ForwardChannel.java:115)
	at com.google.net.webchannel.server.v8.ForwardChannel.processPendingRequest(ForwardChannel.java:94)
	at com.google.net.webchannel.server.v8.ForwardChannel.consume(ForwardChannel.java:68)
	at com.google.net.webchannel.server.v8.ForwardChannel.add(ForwardChannel.java:61)
	at com.google.net.webchannel.server.v8.ChannelInternalImpl.handleRequestBody(ChannelInternalImpl.java:290)
	at com.google.net.webchannel.server.v8.ChannelInternalImpl.processSessionRequest(ChannelInternalImpl.java:357)
	at com.google.net.webchannel.server.v8.ChannelInternalImpl.handle(ChannelInternalImpl.java:172)
	at com.google.net.webchannel.server.v8.ChannelInternalImpl.consume(ChannelInternalImpl.java:91)
	at com.google.net.webchannel.server.common.ChannelProcessor.run(ChannelProcessor.java:85)

Aug 08, 2026 4:49:04 PM io.gapi.emulators.netty.HttpVersionRoutingHandler channelRead
INFO: Detected non-HTTP/2 connection.
Aug 08, 2026 4:49:04 PM com.google.cloud.datastore.emulator.firestore.webchannel.FirestoreV1WebChannelAdapter$FirestoreWriteHandler onClose
INFO: channel closed
Aug 08, 2026 4:49:04 PM io.gapi.emulators.netty.HttpVersionRoutingHandler channelRead
INFO: Detected non-HTTP/2 connection.
Aug 08, 2026 4:49:04 PM com.google.cloud.datastore.emulator.firestore.webchannel.FirestoreV1WebChannelAdapter$FirestoreWriteHandler onClose
INFO: channel closed
Aug 08, 2026 4:49:05 PM io.gapi.emulators.netty.HttpVersionRoutingHandler channelRead
INFO: Detected non-HTTP/2 connection.
Aug 08, 2026 4:49:11 PM io.gapi.emulators.netty.HttpVersionRoutingHandler channelRead
INFO: Detected non-HTTP/2 connection.
Aug 08, 2026 4:49:11 PM io.gapi.emulators.netty.HttpVersionRoutingHandler channelRead
INFO: Detected non-HTTP/2 connection.
Aug 08, 2026 4:49:11 PM io.gapi.emulators.netty.HttpVersionRoutingHandler channelRead
INFO: Detected non-HTTP/2 connection.
Aug 08, 2026 4:49:11 PM io.gapi.emulators.netty.HttpVersionRoutingHandler channelRead
INFO: Detected non-HTTP/2 connection.
Aug 08, 2026 4:49:11 PM io.gapi.emulators.netty.HttpVersionRoutingHandler channelRead
INFO: Detected non-HTTP/2 connection.
Aug 08, 2026 4:49:12 PM io.gapi.emulators.netty.HttpVersionRoutingHandler channelRead
INFO: Detected non-HTTP/2 connection.
Aug 08, 2026 4:49:12 PM io.gapi.emulators.netty.HttpVersionRoutingHandler channelRead
INFO: Detected non-HTTP/2 connection.
Aug 08, 2026 4:49:12 PM com.google.cloud.datastore.emulator.impl.util.WrappedStreamObserver onError
WARNING: Operation failed: No matching allow statements
com.google.cloud.datastore.core.exception.DatastoreException: No matching allow statements
	at com.google.cloud.datastore.core.exception.DatastoreException$Builder.build(DatastoreException.java:152)
	at com.google.cloud.datastore.emulator.impl.rules.DefaultEmulatorRulesAuthorizer.verboseError(DefaultEmulatorRulesAuthorizer.java:349)
	at com.google.cloud.datastore.emulator.impl.rules.DefaultEmulatorRulesAuthorizer.withVerboseErrors(DefaultEmulatorRulesAuthorizer.java:326)
	at com.google.cloud.datastore.emulator.impl.rules.DefaultEmulatorRulesAuthorizer.checkCommit(DefaultEmulatorRulesAuthorizer.java:113)
	at com.google.cloud.datastore.emulator.impl.firestore.FirestoreEmulatorHelper.commitHelper(FirestoreEmulatorHelper.java:407)
	at com.google.cloud.datastore.emulator.impl.firestore.FirestoreEmulatorHelper.internalCommit(FirestoreEmulatorHelper.java:348)
	at com.google.cloud.datastore.emulator.impl.firestore.CloudFirestoreV1.internalCommit(CloudFirestoreV1.java:1336)
	at com.google.cloud.datastore.emulator.impl.firestore.CloudFirestoreV1.write(CloudFirestoreV1.java:1321)
	at com.google.cloud.datastore.emulator.impl.firestore.CloudFirestoreV1WriteStream.handleRequest(CloudFirestoreV1WriteStream.java:222)
	at com.google.cloud.datastore.emulator.impl.firestore.CloudFirestoreV1WriteStream.write(CloudFirestoreV1WriteStream.java:144)
	at com.google.cloud.datastore.emulator.impl.firestore.CloudFirestoreV1WriteStream.onNext(CloudFirestoreV1WriteStream.java:99)
	at com.google.cloud.datastore.emulator.impl.firestore.CloudFirestoreV1WriteStream.onNext(CloudFirestoreV1WriteStream.java:27)
	at com.google.cloud.datastore.emulator.firestore.webchannel.FirestoreV1WebChannelAdapter$FirestoreWriteHandler.onMessage(FirestoreV1WebChannelAdapter.java:160)
	at com.google.cloud.datastore.emulator.firestore.webchannel.FirestoreV1WebChannelAdapter$FirestoreWriteHandler.onMessage(FirestoreV1WebChannelAdapter.java:130)
	at com.google.net.webchannel.server.v8.ChannelInternalImpl.onMessage(ChannelInternalImpl.java:525)
	at com.google.net.webchannel.server.v8.ForwardChannel.deliverMessage(ForwardChannel.java:115)
	at com.google.net.webchannel.server.v8.ForwardChannel.processPendingRequest(ForwardChannel.java:94)
	at com.google.net.webchannel.server.v8.ForwardChannel.consume(ForwardChannel.java:68)
	at com.google.net.webchannel.server.v8.ForwardChannel.add(ForwardChannel.java:61)
	at com.google.net.webchannel.server.v8.ChannelInternalImpl.handleRequestBody(ChannelInternalImpl.java:290)
	at com.google.net.webchannel.server.v8.ChannelInternalImpl.processSessionRequest(ChannelInternalImpl.java:357)
	at com.google.net.webchannel.server.v8.ChannelInternalImpl.handle(ChannelInternalImpl.java:172)
	at com.google.net.webchannel.server.v8.ChannelInternalImpl.consume(ChannelInternalImpl.java:91)
	at com.google.net.webchannel.server.common.ChannelProcessor.run(ChannelProcessor.java:85)

Aug 08, 2026 4:49:12 PM io.gapi.emulators.netty.HttpVersionRoutingHandler channelRead
INFO: Detected non-HTTP/2 connection.
Aug 08, 2026 4:49:12 PM com.google.cloud.datastore.emulator.firestore.webchannel.FirestoreV1WebChannelAdapter$FirestoreWriteHandler onClose
INFO: channel closed
Aug 08, 2026 4:49:14 PM com.google.cloud.datastore.emulator.impl.util.WrappedStreamObserver onError
WARNING: Operation failed: Transaction lock timeout.
com.google.cloud.datastore.core.exception.DatastoreException: Transaction lock timeout.
	at com.google.cloud.datastore.emulator.impl.transactions.ReactiveLockManager.acquireLocks(ReactiveLockManager.java:70)
	at com.google.cloud.datastore.emulator.impl.storage.FlatLocalEntityStore.readWrite(FlatLocalEntityStore.java:85)
	at com.google.cloud.datastore.emulator.impl.firestore.FirestoreEmulatorHelper.commitHelper(FirestoreEmulatorHelper.java:382)
	at com.google.cloud.datastore.emulator.impl.firestore.FirestoreEmulatorHelper.internalCommit(FirestoreEmulatorHelper.java:348)
	at com.google.cloud.datastore.emulator.impl.firestore.CloudFirestoreV1.internalCommit(CloudFirestoreV1.java:1336)
	at com.google.cloud.datastore.emulator.impl.firestore.CloudFirestoreV1.write(CloudFirestoreV1.java:1321)
	at com.google.cloud.datastore.emulator.impl.firestore.CloudFirestoreV1WriteStream.handleRequest(CloudFirestoreV1WriteStream.java:222)
	at com.google.cloud.datastore.emulator.impl.firestore.CloudFirestoreV1WriteStream.write(CloudFirestoreV1WriteStream.java:144)
	at com.google.cloud.datastore.emulator.impl.firestore.CloudFirestoreV1WriteStream.onNext(CloudFirestoreV1WriteStream.java:99)
	at com.google.cloud.datastore.emulator.impl.firestore.CloudFirestoreV1WriteStream.onNext(CloudFirestoreV1WriteStream.java:27)
	at com.google.cloud.datastore.emulator.firestore.webchannel.FirestoreV1WebChannelAdapter$FirestoreWriteHandler.onMessage(FirestoreV1WebChannelAdapter.java:160)
	at com.google.cloud.datastore.emulator.firestore.webchannel.FirestoreV1WebChannelAdapter$FirestoreWriteHandler.onMessage(FirestoreV1WebChannelAdapter.java:130)
	at com.google.net.webchannel.server.v8.ChannelInternalImpl.onMessage(ChannelInternalImpl.java:525)
	at com.google.net.webchannel.server.v8.ForwardChannel.deliverMessage(ForwardChannel.java:115)
	at com.google.net.webchannel.server.v8.ForwardChannel.processPendingRequest(ForwardChannel.java:94)
	at com.google.net.webchannel.server.v8.ForwardChannel.consume(ForwardChannel.java:68)
	at com.google.net.webchannel.server.v8.ForwardChannel.add(ForwardChannel.java:61)
	at com.google.net.webchannel.server.v8.ChannelInternalImpl.handleRequestBody(ChannelInternalImpl.java:290)
	at com.google.net.webchannel.server.v8.ChannelInternalImpl.processSessionRequest(ChannelInternalImpl.java:357)
	at com.google.net.webchannel.server.v8.ChannelInternalImpl.handle(ChannelInternalImpl.java:172)
	at com.google.net.webchannel.server.v8.ChannelInternalImpl.consume(ChannelInternalImpl.java:91)
	at com.google.net.webchannel.server.common.ChannelProcessor.run(ChannelProcessor.java:85)

Aug 08, 2026 4:49:14 PM io.gapi.emulators.netty.HttpVersionRoutingHandler channelRead
INFO: Detected non-HTTP/2 connection.
Aug 08, 2026 4:49:14 PM io.gapi.emulators.netty.HttpVersionRoutingHandler channelRead
INFO: Detected non-HTTP/2 connection.
Aug 08, 2026 4:49:14 PM com.google.cloud.datastore.emulator.firestore.webchannel.FirestoreV1WebChannelAdapter$FirestoreWriteHandler onClose
INFO: channel closed
Aug 08, 2026 4:49:14 PM io.gapi.emulators.netty.HttpVersionRoutingHandler channelRead
INFO: Detected non-HTTP/2 connection.
Aug 08, 2026 4:49:15 PM io.gapi.emulators.netty.HttpVersionRoutingHandler channelRead
INFO: Detected non-HTTP/2 connection.
Aug 08, 2026 4:49:15 PM com.google.cloud.datastore.emulator.impl.util.WrappedStreamObserver onError
WARNING: Operation failed: No matching allow statements
com.google.cloud.datastore.core.exception.DatastoreException: No matching allow statements
	at com.google.cloud.datastore.core.exception.DatastoreException$Builder.build(DatastoreException.java:152)
	at com.google.cloud.datastore.emulator.impl.rules.DefaultEmulatorRulesAuthorizer.verboseError(DefaultEmulatorRulesAuthorizer.java:349)
	at com.google.cloud.datastore.emulator.impl.rules.DefaultEmulatorRulesAuthorizer.withVerboseErrors(DefaultEmulatorRulesAuthorizer.java:326)
	at com.google.cloud.datastore.emulator.impl.rules.DefaultEmulatorRulesAuthorizer.checkCommit(DefaultEmulatorRulesAuthorizer.java:113)
	at com.google.cloud.datastore.emulator.impl.firestore.FirestoreEmulatorHelper.commitHelper(FirestoreEmulatorHelper.java:407)
	at com.google.cloud.datastore.emulator.impl.firestore.FirestoreEmulatorHelper.internalCommit(FirestoreEmulatorHelper.java:348)
	at com.google.cloud.datastore.emulator.impl.firestore.CloudFirestoreV1.internalCommit(CloudFirestoreV1.java:1336)
	at com.google.cloud.datastore.emulator.impl.firestore.CloudFirestoreV1.write(CloudFirestoreV1.java:1321)
	at com.google.cloud.datastore.emulator.impl.firestore.CloudFirestoreV1WriteStream.handleRequest(CloudFirestoreV1WriteStream.java:222)
	at com.google.cloud.datastore.emulator.impl.firestore.CloudFirestoreV1WriteStream.write(CloudFirestoreV1WriteStream.java:144)
	at com.google.cloud.datastore.emulator.impl.firestore.CloudFirestoreV1WriteStream.onNext(CloudFirestoreV1WriteStream.java:99)
	at com.google.cloud.datastore.emulator.impl.firestore.CloudFirestoreV1WriteStream.onNext(CloudFirestoreV1WriteStream.java:27)
	at com.google.cloud.datastore.emulator.firestore.webchannel.FirestoreV1WebChannelAdapter$FirestoreWriteHandler.onMessage(FirestoreV1WebChannelAdapter.java:160)
	at com.google.cloud.datastore.emulator.firestore.webchannel.FirestoreV1WebChannelAdapter$FirestoreWriteHandler.onMessage(FirestoreV1WebChannelAdapter.java:130)
	at com.google.net.webchannel.server.v8.ChannelInternalImpl.onMessage(ChannelInternalImpl.java:525)
	at com.google.net.webchannel.server.v8.ForwardChannel.deliverMessage(ForwardChannel.java:115)
	at com.google.net.webchannel.server.v8.ForwardChannel.processPendingRequest(ForwardChannel.java:94)
	at com.google.net.webchannel.server.v8.ForwardChannel.consume(ForwardChannel.java:68)
	at com.google.net.webchannel.server.v8.ForwardChannel.add(ForwardChannel.java:61)
	at com.google.net.webchannel.server.v8.ChannelInternalImpl.handleRequestBody(ChannelInternalImpl.java:290)
	at com.google.net.webchannel.server.v8.ChannelInternalImpl.processSessionRequest(ChannelInternalImpl.java:357)
	at com.google.net.webchannel.server.v8.ChannelInternalImpl.handle(ChannelInternalImpl.java:172)
	at com.google.net.webchannel.server.v8.ChannelInternalImpl.consume(ChannelInternalImpl.java:91)
	at com.google.net.webchannel.server.common.ChannelProcessor.run(ChannelProcessor.java:85)

Aug 08, 2026 4:49:15 PM io.gapi.emulators.netty.HttpVersionRoutingHandler channelRead
INFO: Detected non-HTTP/2 connection.
Aug 08, 2026 4:49:15 PM com.google.cloud.datastore.emulator.firestore.webchannel.FirestoreV1WebChannelAdapter$FirestoreWriteHandler onClose
INFO: channel closed
Aug 08, 2026 4:49:16 PM io.gapi.emulators.netty.HttpVersionRoutingHandler channelRead
INFO: Detected non-HTTP/2 connection.
Aug 08, 2026 4:49:16 PM io.gapi.emulators.netty.HttpVersionRoutingHandler channelRead
INFO: Detected non-HTTP/2 connection.
Aug 08, 2026 4:49:17 PM io.gapi.emulators.netty.HttpVersionRoutingHandler channelRead
INFO: Detected non-HTTP/2 connection.
Aug 08, 2026 4:49:17 PM io.gapi.emulators.netty.HttpVersionRoutingHandler channelRead
INFO: Detected non-HTTP/2 connection.
Aug 08, 2026 4:49:17 PM io.gapi.emulators.netty.HttpVersionRoutingHandler channelRead
INFO: Detected non-HTTP/2 connection.
Aug 08, 2026 4:49:17 PM io.gapi.emulators.netty.HttpVersionRoutingHandler channelRead
INFO: Detected non-HTTP/2 connection.
Aug 08, 2026 4:49:17 PM io.gapi.emulators.netty.HttpVersionRoutingHandler channelRead
INFO: Detected non-HTTP/2 connection.
Aug 08, 2026 4:49:17 PM io.gapi.emulators.netty.HttpVersionRoutingHandler channelRead
INFO: Detected non-HTTP/2 connection.
Aug 08, 2026 4:49:17 PM com.google.cloud.datastore.emulator.impl.util.WrappedStreamObserver onError
WARNING: Operation failed: No matching allow statements
com.google.cloud.datastore.core.exception.DatastoreException: No matching allow statements
	at com.google.cloud.datastore.core.exception.DatastoreException$Builder.build(DatastoreException.java:152)
	at com.google.cloud.datastore.emulator.impl.rules.DefaultEmulatorRulesAuthorizer.verboseError(DefaultEmulatorRulesAuthorizer.java:349)
	at com.google.cloud.datastore.emulator.impl.rules.DefaultEmulatorRulesAuthorizer.withVerboseErrors(DefaultEmulatorRulesAuthorizer.java:326)
	at com.google.cloud.datastore.emulator.impl.rules.DefaultEmulatorRulesAuthorizer.checkCommit(DefaultEmulatorRulesAuthorizer.java:113)
	at com.google.cloud.datastore.emulator.impl.firestore.FirestoreEmulatorHelper.commitHelper(FirestoreEmulatorHelper.java:407)
	at com.google.cloud.datastore.emulator.impl.firestore.FirestoreEmulatorHelper.internalCommit(FirestoreEmulatorHelper.java:348)
	at com.google.cloud.datastore.emulator.impl.firestore.CloudFirestoreV1.internalCommit(CloudFirestoreV1.java:1336)
	at com.google.cloud.datastore.emulator.impl.firestore.CloudFirestoreV1.write(CloudFirestoreV1.java:1321)
	at com.google.cloud.datastore.emulator.impl.firestore.CloudFirestoreV1WriteStream.handleRequest(CloudFirestoreV1WriteStream.java:222)
	at com.google.cloud.datastore.emulator.impl.firestore.CloudFirestoreV1WriteStream.write(CloudFirestoreV1WriteStream.java:144)
	at com.google.cloud.datastore.emulator.impl.firestore.CloudFirestoreV1WriteStream.onNext(CloudFirestoreV1WriteStream.java:99)
	at com.google.cloud.datastore.emulator.impl.firestore.CloudFirestoreV1WriteStream.onNext(CloudFirestoreV1WriteStream.java:27)
	at com.google.cloud.datastore.emulator.firestore.webchannel.FirestoreV1WebChannelAdapter$FirestoreWriteHandler.onMessage(FirestoreV1WebChannelAdapter.java:160)
	at com.google.cloud.datastore.emulator.firestore.webchannel.FirestoreV1WebChannelAdapter$FirestoreWriteHandler.onMessage(FirestoreV1WebChannelAdapter.java:130)
	at com.google.net.webchannel.server.v8.ChannelInternalImpl.onMessage(ChannelInternalImpl.java:525)
	at com.google.net.webchannel.server.v8.ForwardChannel.deliverMessage(ForwardChannel.java:115)
	at com.google.net.webchannel.server.v8.ForwardChannel.processPendingRequest(ForwardChannel.java:94)
	at com.google.net.webchannel.server.v8.ForwardChannel.consume(ForwardChannel.java:68)
	at com.google.net.webchannel.server.v8.ForwardChannel.add(ForwardChannel.java:61)
	at com.google.net.webchannel.server.v8.ChannelInternalImpl.handleRequestBody(ChannelInternalImpl.java:290)
	at com.google.net.webchannel.server.v8.ChannelInternalImpl.processSessionRequest(ChannelInternalImpl.java:357)
	at com.google.net.webchannel.server.v8.ChannelInternalImpl.handle(ChannelInternalImpl.java:172)
	at com.google.net.webchannel.server.v8.ChannelInternalImpl.consume(ChannelInternalImpl.java:91)
	at com.google.net.webchannel.server.common.ChannelProcessor.run(ChannelProcessor.java:85)

Aug 08, 2026 4:49:17 PM io.gapi.emulators.netty.HttpVersionRoutingHandler channelRead
INFO: Detected non-HTTP/2 connection.
Aug 08, 2026 4:49:17 PM io.gapi.emulators.netty.HttpVersionRoutingHandler channelRead
INFO: Detected non-HTTP/2 connection.
Aug 08, 2026 4:49:17 PM io.gapi.emulators.netty.HttpVersionRoutingHandler channelRead
INFO: Detected non-HTTP/2 connection.
Aug 08, 2026 4:49:17 PM com.google.cloud.datastore.emulator.firestore.webchannel.FirestoreV1WebChannelAdapter$FirestoreWriteHandler onClose
INFO: channel closed
Aug 08, 2026 4:49:19 PM io.gapi.emulators.netty.HttpVersionRoutingHandler channelRead
INFO: Detected non-HTTP/2 connection.
Aug 08, 2026 4:49:19 PM io.gapi.emulators.netty.HttpVersionRoutingHandler channelRead
INFO: Detected non-HTTP/2 connection.
Aug 08, 2026 4:49:20 PM io.gapi.emulators.netty.HttpVersionRoutingHandler channelRead
INFO: Detected non-HTTP/2 connection.
Aug 08, 2026 4:49:20 PM com.google.cloud.datastore.emulator.impl.util.WrappedStreamObserver onError
WARNING: Operation failed: No matching allow statements
com.google.cloud.datastore.core.exception.DatastoreException: No matching allow statements
	at com.google.cloud.datastore.core.exception.DatastoreException$Builder.build(DatastoreException.java:152)
	at com.google.cloud.datastore.emulator.impl.rules.DefaultEmulatorRulesAuthorizer.verboseError(DefaultEmulatorRulesAuthorizer.java:349)
	at com.google.cloud.datastore.emulator.impl.rules.DefaultEmulatorRulesAuthorizer.withVerboseErrors(DefaultEmulatorRulesAuthorizer.java:326)
	at com.google.cloud.datastore.emulator.impl.rules.DefaultEmulatorRulesAuthorizer.checkCommit(DefaultEmulatorRulesAuthorizer.java:113)
	at com.google.cloud.datastore.emulator.impl.firestore.FirestoreEmulatorHelper.commitHelper(FirestoreEmulatorHelper.java:407)
	at com.google.cloud.datastore.emulator.impl.firestore.FirestoreEmulatorHelper.internalCommit(FirestoreEmulatorHelper.java:348)
	at com.google.cloud.datastore.emulator.impl.firestore.CloudFirestoreV1.internalCommit(CloudFirestoreV1.java:1336)
	at com.google.cloud.datastore.emulator.impl.firestore.CloudFirestoreV1.write(CloudFirestoreV1.java:1321)
	at com.google.cloud.datastore.emulator.impl.firestore.CloudFirestoreV1WriteStream.handleRequest(CloudFirestoreV1WriteStream.java:222)
	at com.google.cloud.datastore.emulator.impl.firestore.CloudFirestoreV1WriteStream.write(CloudFirestoreV1WriteStream.java:144)
	at com.google.cloud.datastore.emulator.impl.firestore.CloudFirestoreV1WriteStream.onNext(CloudFirestoreV1WriteStream.java:99)
	at com.google.cloud.datastore.emulator.impl.firestore.CloudFirestoreV1WriteStream.onNext(CloudFirestoreV1WriteStream.java:27)
	at com.google.cloud.datastore.emulator.firestore.webchannel.FirestoreV1WebChannelAdapter$FirestoreWriteHandler.onMessage(FirestoreV1WebChannelAdapter.java:160)
	at com.google.cloud.datastore.emulator.firestore.webchannel.FirestoreV1WebChannelAdapter$FirestoreWriteHandler.onMessage(FirestoreV1WebChannelAdapter.java:130)
	at com.google.net.webchannel.server.v8.ChannelInternalImpl.onMessage(ChannelInternalImpl.java:525)
	at com.google.net.webchannel.server.v8.ForwardChannel.deliverMessage(ForwardChannel.java:115)
	at com.google.net.webchannel.server.v8.ForwardChannel.processPendingRequest(ForwardChannel.java:94)
	at com.google.net.webchannel.server.v8.ForwardChannel.consume(ForwardChannel.java:68)
	at com.google.net.webchannel.server.v8.ForwardChannel.add(ForwardChannel.java:61)
	at com.google.net.webchannel.server.v8.ChannelInternalImpl.handleRequestBody(ChannelInternalImpl.java:290)
	at com.google.net.webchannel.server.v8.ChannelInternalImpl.processSessionRequest(ChannelInternalImpl.java:357)
	at com.google.net.webchannel.server.v8.ChannelInternalImpl.handle(ChannelInternalImpl.java:172)
	at com.google.net.webchannel.server.v8.ChannelInternalImpl.consume(ChannelInternalImpl.java:91)
	at com.google.net.webchannel.server.common.ChannelProcessor.run(ChannelProcessor.java:85)

Aug 08, 2026 4:49:20 PM io.gapi.emulators.netty.HttpVersionRoutingHandler channelRead
INFO: Detected non-HTTP/2 connection.
Aug 08, 2026 4:49:20 PM com.google.cloud.datastore.emulator.firestore.webchannel.FirestoreV1WebChannelAdapter$FirestoreWriteHandler onClose
INFO: channel closed
Aug 08, 2026 4:49:32 PM io.gapi.emulators.netty.HttpVersionRoutingHandler channelRead
INFO: Detected non-HTTP/2 connection.
Aug 08, 2026 4:49:33 PM io.gapi.emulators.netty.HttpVersionRoutingHandler channelRead
INFO: Detected non-HTTP/2 connection.
Aug 08, 2026 4:49:33 PM io.gapi.emulators.netty.HttpVersionRoutingHandler channelRead
INFO: Detected non-HTTP/2 connection.
Aug 08, 2026 4:49:33 PM com.google.cloud.datastore.emulator.impl.util.WrappedStreamObserver onError
WARNING: Operation failed: No matching allow statements
com.google.cloud.datastore.core.exception.DatastoreException: No matching allow statements
	at com.google.cloud.datastore.core.exception.DatastoreException$Builder.build(DatastoreException.java:152)
	at com.google.cloud.datastore.emulator.impl.rules.DefaultEmulatorRulesAuthorizer.verboseError(DefaultEmulatorRulesAuthorizer.java:349)
	at com.google.cloud.datastore.emulator.impl.rules.DefaultEmulatorRulesAuthorizer.withVerboseErrors(DefaultEmulatorRulesAuthorizer.java:326)
	at com.google.cloud.datastore.emulator.impl.rules.DefaultEmulatorRulesAuthorizer.checkCommit(DefaultEmulatorRulesAuthorizer.java:113)
	at com.google.cloud.datastore.emulator.impl.firestore.FirestoreEmulatorHelper.commitHelper(FirestoreEmulatorHelper.java:407)
	at com.google.cloud.datastore.emulator.impl.firestore.FirestoreEmulatorHelper.internalCommit(FirestoreEmulatorHelper.java:348)
	at com.google.cloud.datastore.emulator.impl.firestore.CloudFirestoreV1.internalCommit(CloudFirestoreV1.java:1336)
	at com.google.cloud.datastore.emulator.impl.firestore.CloudFirestoreV1.write(CloudFirestoreV1.java:1321)
	at com.google.cloud.datastore.emulator.impl.firestore.CloudFirestoreV1WriteStream.handleRequest(CloudFirestoreV1WriteStream.java:222)
	at com.google.cloud.datastore.emulator.impl.firestore.CloudFirestoreV1WriteStream.write(CloudFirestoreV1WriteStream.java:144)
	at com.google.cloud.datastore.emulator.impl.firestore.CloudFirestoreV1WriteStream.onNext(CloudFirestoreV1WriteStream.java:99)
	at com.google.cloud.datastore.emulator.impl.firestore.CloudFirestoreV1WriteStream.onNext(CloudFirestoreV1WriteStream.java:27)
	at com.google.cloud.datastore.emulator.firestore.webchannel.FirestoreV1WebChannelAdapter$FirestoreWriteHandler.onMessage(FirestoreV1WebChannelAdapter.java:160)
	at com.google.cloud.datastore.emulator.firestore.webchannel.FirestoreV1WebChannelAdapter$FirestoreWriteHandler.onMessage(FirestoreV1WebChannelAdapter.java:130)
	at com.google.net.webchannel.server.v8.ChannelInternalImpl.onMessage(ChannelInternalImpl.java:525)
	at com.google.net.webchannel.server.v8.ForwardChannel.deliverMessage(ForwardChannel.java:115)
	at com.google.net.webchannel.server.v8.ForwardChannel.processPendingRequest(ForwardChannel.java:94)
	at com.google.net.webchannel.server.v8.ForwardChannel.consume(ForwardChannel.java:68)
	at com.google.net.webchannel.server.v8.ForwardChannel.add(ForwardChannel.java:61)
	at com.google.net.webchannel.server.v8.ChannelInternalImpl.handleRequestBody(ChannelInternalImpl.java:290)
	at com.google.net.webchannel.server.v8.ChannelInternalImpl.processSessionRequest(ChannelInternalImpl.java:357)
	at com.google.net.webchannel.server.v8.ChannelInternalImpl.handle(ChannelInternalImpl.java:172)
	at com.google.net.webchannel.server.v8.ChannelInternalImpl.consume(ChannelInternalImpl.java:91)
	at com.google.net.webchannel.server.common.ChannelProcessor.run(ChannelProcessor.java:85)

Aug 08, 2026 4:49:33 PM com.google.cloud.datastore.emulator.impl.util.WrappedStreamObserver onError
WARNING: Operation failed: No matching allow statements
com.google.cloud.datastore.core.exception.DatastoreException: No matching allow statements
	at com.google.cloud.datastore.core.exception.DatastoreException$Builder.build(DatastoreException.java:152)
	at com.google.cloud.datastore.emulator.impl.rules.DefaultEmulatorRulesAuthorizer.verboseError(DefaultEmulatorRulesAuthorizer.java:349)
	at com.google.cloud.datastore.emulator.impl.rules.DefaultEmulatorRulesAuthorizer.withVerboseErrors(DefaultEmulatorRulesAuthorizer.java:326)
	at com.google.cloud.datastore.emulator.impl.rules.DefaultEmulatorRulesAuthorizer.checkCommit(DefaultEmulatorRulesAuthorizer.java:113)
	at com.google.cloud.datastore.emulator.impl.firestore.FirestoreEmulatorHelper.commitHelper(FirestoreEmulatorHelper.java:407)
	at com.google.cloud.datastore.emulator.impl.firestore.FirestoreEmulatorHelper.internalCommit(FirestoreEmulatorHelper.java:348)
	at com.google.cloud.datastore.emulator.impl.firestore.CloudFirestoreV1.internalCommit(CloudFirestoreV1.java:1336)
	at com.google.cloud.datastore.emulator.impl.firestore.CloudFirestoreV1.write(CloudFirestoreV1.java:1321)
	at com.google.cloud.datastore.emulator.impl.firestore.CloudFirestoreV1WriteStream.handleRequest(CloudFirestoreV1WriteStream.java:222)
	at com.google.cloud.datastore.emulator.impl.firestore.CloudFirestoreV1WriteStream.write(CloudFirestoreV1WriteStream.java:144)
	at com.google.cloud.datastore.emulator.impl.firestore.CloudFirestoreV1WriteStream.onNext(CloudFirestoreV1WriteStream.java:99)
	at com.google.cloud.datastore.emulator.impl.firestore.CloudFirestoreV1WriteStream.onNext(CloudFirestoreV1WriteStream.java:27)
	at com.google.cloud.datastore.emulator.firestore.webchannel.FirestoreV1WebChannelAdapter$FirestoreWriteHandler.onMessage(FirestoreV1WebChannelAdapter.java:160)
	at com.google.cloud.datastore.emulator.firestore.webchannel.FirestoreV1WebChannelAdapter$FirestoreWriteHandler.onMessage(FirestoreV1WebChannelAdapter.java:130)
	at com.google.net.webchannel.server.v8.ChannelInternalImpl.onMessage(ChannelInternalImpl.java:525)
	at com.google.net.webchannel.server.v8.ForwardChannel.deliverMessage(ForwardChannel.java:115)
	at com.google.net.webchannel.server.v8.ForwardChannel.processPendingRequest(ForwardChannel.java:94)
	at com.google.net.webchannel.server.v8.ForwardChannel.consume(ForwardChannel.java:68)
	at com.google.net.webchannel.server.v8.ForwardChannel.add(ForwardChannel.java:61)
	at com.google.net.webchannel.server.v8.ChannelInternalImpl.handleRequestBody(ChannelInternalImpl.java:290)
	at com.google.net.webchannel.server.v8.ChannelInternalImpl.processSessionRequest(ChannelInternalImpl.java:357)
	at com.google.net.webchannel.server.v8.ChannelInternalImpl.handle(ChannelInternalImpl.java:172)
	at com.google.net.webchannel.server.v8.ChannelInternalImpl.consume(ChannelInternalImpl.java:91)
	at com.google.net.webchannel.server.common.ChannelProcessor.run(ChannelProcessor.java:85)

Aug 08, 2026 4:49:33 PM io.gapi.emulators.netty.HttpVersionRoutingHandler channelRead
INFO: Detected non-HTTP/2 connection.
Aug 08, 2026 4:49:33 PM io.gapi.emulators.netty.HttpVersionRoutingHandler channelRead
INFO: Detected non-HTTP/2 connection.
Aug 08, 2026 4:49:33 PM com.google.cloud.datastore.emulator.firestore.webchannel.FirestoreV1WebChannelAdapter$FirestoreWriteHandler onClose
INFO: channel closed
Aug 08, 2026 4:49:34 PM io.gapi.emulators.netty.HttpVersionRoutingHandler channelRead
INFO: Detected non-HTTP/2 connection.
Aug 08, 2026 4:49:34 PM io.gapi.emulators.netty.HttpVersionRoutingHandler channelRead
INFO: Detected non-HTTP/2 connection.
Aug 08, 2026 4:49:34 PM com.google.cloud.datastore.emulator.impl.util.WrappedStreamObserver onError
WARNING: Operation failed: No matching allow statements
com.google.cloud.datastore.core.exception.DatastoreException: No matching allow statements
	at com.google.cloud.datastore.core.exception.DatastoreException$Builder.build(DatastoreException.java:152)
	at com.google.cloud.datastore.emulator.impl.rules.DefaultEmulatorRulesAuthorizer.verboseError(DefaultEmulatorRulesAuthorizer.java:349)
	at com.google.cloud.datastore.emulator.impl.rules.DefaultEmulatorRulesAuthorizer.withVerboseErrors(DefaultEmulatorRulesAuthorizer.java:326)
	at com.google.cloud.datastore.emulator.impl.rules.DefaultEmulatorRulesAuthorizer.checkCommit(DefaultEmulatorRulesAuthorizer.java:113)
	at com.google.cloud.datastore.emulator.impl.firestore.FirestoreEmulatorHelper.commitHelper(FirestoreEmulatorHelper.java:407)
	at com.google.cloud.datastore.emulator.impl.firestore.FirestoreEmulatorHelper.internalCommit(FirestoreEmulatorHelper.java:348)
	at com.google.cloud.datastore.emulator.impl.firestore.CloudFirestoreV1.internalCommit(CloudFirestoreV1.java:1336)
	at com.google.cloud.datastore.emulator.impl.firestore.CloudFirestoreV1.write(CloudFirestoreV1.java:1321)
	at com.google.cloud.datastore.emulator.impl.firestore.CloudFirestoreV1WriteStream.handleRequest(CloudFirestoreV1WriteStream.java:222)
	at com.google.cloud.datastore.emulator.impl.firestore.CloudFirestoreV1WriteStream.write(CloudFirestoreV1WriteStream.java:144)
	at com.google.cloud.datastore.emulator.impl.firestore.CloudFirestoreV1WriteStream.onNext(CloudFirestoreV1WriteStream.java:99)
	at com.google.cloud.datastore.emulator.impl.firestore.CloudFirestoreV1WriteStream.onNext(CloudFirestoreV1WriteStream.java:27)
	at com.google.cloud.datastore.emulator.firestore.webchannel.FirestoreV1WebChannelAdapter$FirestoreWriteHandler.onMessage(FirestoreV1WebChannelAdapter.java:160)
	at com.google.cloud.datastore.emulator.firestore.webchannel.FirestoreV1WebChannelAdapter$FirestoreWriteHandler.onMessage(FirestoreV1WebChannelAdapter.java:130)
	at com.google.net.webchannel.server.v8.ChannelInternalImpl.onMessage(ChannelInternalImpl.java:525)
	at com.google.net.webchannel.server.v8.ForwardChannel.deliverMessage(ForwardChannel.java:115)
	at com.google.net.webchannel.server.v8.ForwardChannel.processPendingRequest(ForwardChannel.java:94)
	at com.google.net.webchannel.server.v8.ForwardChannel.consume(ForwardChannel.java:68)
	at com.google.net.webchannel.server.v8.ForwardChannel.add(ForwardChannel.java:61)
	at com.google.net.webchannel.server.v8.ChannelInternalImpl.handleRequestBody(ChannelInternalImpl.java:290)
	at com.google.net.webchannel.server.v8.ChannelInternalImpl.processSessionRequest(ChannelInternalImpl.java:357)
	at com.google.net.webchannel.server.v8.ChannelInternalImpl.handle(ChannelInternalImpl.java:172)
	at com.google.net.webchannel.server.v8.ChannelInternalImpl.consume(ChannelInternalImpl.java:91)
	at com.google.net.webchannel.server.common.ChannelProcessor.run(ChannelProcessor.java:85)

Aug 08, 2026 4:49:34 PM io.gapi.emulators.netty.HttpVersionRoutingHandler channelRead
INFO: Detected non-HTTP/2 connection.
Aug 08, 2026 4:49:35 PM io.gapi.emulators.netty.HttpVersionRoutingHandler channelRead
INFO: Detected non-HTTP/2 connection.
Aug 08, 2026 4:49:35 PM io.gapi.emulators.netty.HttpVersionRoutingHandler channelRead
INFO: Detected non-HTTP/2 connection.
Aug 08, 2026 4:49:35 PM com.google.cloud.datastore.emulator.impl.util.WrappedStreamObserver onError
WARNING: Operation failed: 
false for 'create' @ L28
com.google.cloud.datastore.core.exception.DatastoreException: 
false for 'create' @ L28
	at com.google.cloud.datastore.core.exception.DatastoreException$Builder.build(DatastoreException.java:152)
	at com.google.cloud.datastore.emulator.impl.rules.DefaultEmulatorRulesAuthorizer.verboseError(DefaultEmulatorRulesAuthorizer.java:349)
	at com.google.cloud.datastore.emulator.impl.rules.DefaultEmulatorRulesAuthorizer.withVerboseErrors(DefaultEmulatorRulesAuthorizer.java:326)
	at com.google.cloud.datastore.emulator.impl.rules.DefaultEmulatorRulesAuthorizer.checkCommit(DefaultEmulatorRulesAuthorizer.java:113)
	at com.google.cloud.datastore.emulator.impl.firestore.FirestoreEmulatorHelper.commitHelper(FirestoreEmulatorHelper.java:407)
	at com.google.cloud.datastore.emulator.impl.firestore.FirestoreEmulatorHelper.internalCommit(FirestoreEmulatorHelper.java:348)
	at com.google.cloud.datastore.emulator.impl.firestore.CloudFirestoreV1.internalCommit(CloudFirestoreV1.java:1336)
	at com.google.cloud.datastore.emulator.impl.firestore.CloudFirestoreV1.write(CloudFirestoreV1.java:1321)
	at com.google.cloud.datastore.emulator.impl.firestore.CloudFirestoreV1WriteStream.handleRequest(CloudFirestoreV1WriteStream.java:222)
	at com.google.cloud.datastore.emulator.impl.firestore.CloudFirestoreV1WriteStream.write(CloudFirestoreV1WriteStream.java:144)
	at com.google.cloud.datastore.emulator.impl.firestore.CloudFirestoreV1WriteStream.onNext(CloudFirestoreV1WriteStream.java:99)
	at com.google.cloud.datastore.emulator.impl.firestore.CloudFirestoreV1WriteStream.onNext(CloudFirestoreV1WriteStream.java:27)
	at com.google.cloud.datastore.emulator.firestore.webchannel.FirestoreV1WebChannelAdapter$FirestoreWriteHandler.onMessage(FirestoreV1WebChannelAdapter.java:160)
	at com.google.cloud.datastore.emulator.firestore.webchannel.FirestoreV1WebChannelAdapter$FirestoreWriteHandler.onMessage(FirestoreV1WebChannelAdapter.java:130)
	at com.google.net.webchannel.server.v8.ChannelInternalImpl.onMessage(ChannelInternalImpl.java:525)
	at com.google.net.webchannel.server.v8.ForwardChannel.deliverMessage(ForwardChannel.java:115)
	at com.google.net.webchannel.server.v8.ForwardChannel.processPendingRequest(ForwardChannel.java:94)
	at com.google.net.webchannel.server.v8.ForwardChannel.consume(ForwardChannel.java:68)
	at com.google.net.webchannel.server.v8.ForwardChannel.add(ForwardChannel.java:61)
	at com.google.net.webchannel.server.v8.ChannelInternalImpl.handleRequestBody(ChannelInternalImpl.java:290)
	at com.google.net.webchannel.server.v8.ChannelInternalImpl.processSessionRequest(ChannelInternalImpl.java:357)
	at com.google.net.webchannel.server.v8.ChannelInternalImpl.handle(ChannelInternalImpl.java:172)
	at com.google.net.webchannel.server.v8.ChannelInternalImpl.consume(ChannelInternalImpl.java:91)
	at com.google.net.webchannel.server.common.ChannelProcessor.run(ChannelProcessor.java:85)

Aug 08, 2026 4:49:35 PM io.gapi.emulators.netty.HttpVersionRoutingHandler channelRead
INFO: Detected non-HTTP/2 connection.
Aug 08, 2026 4:49:35 PM com.google.cloud.datastore.emulator.firestore.webchannel.FirestoreV1WebChannelAdapter$FirestoreWriteHandler onClose
INFO: channel closed
Aug 08, 2026 4:49:35 PM io.gapi.emulators.netty.HttpVersionRoutingHandler channelRead
INFO: Detected non-HTTP/2 connection.
Aug 08, 2026 4:49:35 PM com.google.cloud.datastore.emulator.firestore.webchannel.FirestoreV1WebChannelAdapter$FirestoreWriteHandler onClose
INFO: channel closed
Aug 08, 2026 4:49:41 PM io.gapi.emulators.netty.HttpVersionRoutingHandler channelRead
INFO: Detected non-HTTP/2 connection.
Aug 08, 2026 4:50:00 PM io.gapi.emulators.netty.HttpVersionRoutingHandler channelRead
INFO: Detected non-HTTP/2 connection.
Aug 08, 2026 4:50:01 PM io.gapi.emulators.netty.HttpVersionRoutingHandler channelRead
INFO: Detected non-HTTP/2 connection.
Aug 08, 2026 4:50:01 PM io.gapi.emulators.netty.HttpVersionRoutingHandler channelRead
INFO: Detected non-HTTP/2 connection.
Aug 08, 2026 4:50:01 PM com.google.cloud.datastore.emulator.impl.util.WrappedStreamObserver onError
WARNING: Operation failed: No matching allow statements
com.google.cloud.datastore.core.exception.DatastoreException: No matching allow statements
	at com.google.cloud.datastore.core.exception.DatastoreException$Builder.build(DatastoreException.java:152)
	at com.google.cloud.datastore.emulator.impl.rules.DefaultEmulatorRulesAuthorizer.verboseError(DefaultEmulatorRulesAuthorizer.java:349)
	at com.google.cloud.datastore.emulator.impl.rules.DefaultEmulatorRulesAuthorizer.withVerboseErrors(DefaultEmulatorRulesAuthorizer.java:326)
	at com.google.cloud.datastore.emulator.impl.rules.DefaultEmulatorRulesAuthorizer.checkCommit(DefaultEmulatorRulesAuthorizer.java:113)
	at com.google.cloud.datastore.emulator.impl.firestore.FirestoreEmulatorHelper.commitHelper(FirestoreEmulatorHelper.java:407)
	at com.google.cloud.datastore.emulator.impl.firestore.FirestoreEmulatorHelper.internalCommit(FirestoreEmulatorHelper.java:348)
	at com.google.cloud.datastore.emulator.impl.firestore.CloudFirestoreV1.internalCommit(CloudFirestoreV1.java:1336)
	at com.google.cloud.datastore.emulator.impl.firestore.CloudFirestoreV1.write(CloudFirestoreV1.java:1321)
	at com.google.cloud.datastore.emulator.impl.firestore.CloudFirestoreV1WriteStream.handleRequest(CloudFirestoreV1WriteStream.java:222)
	at com.google.cloud.datastore.emulator.impl.firestore.CloudFirestoreV1WriteStream.write(CloudFirestoreV1WriteStream.java:144)
	at com.google.cloud.datastore.emulator.impl.firestore.CloudFirestoreV1WriteStream.onNext(CloudFirestoreV1WriteStream.java:99)
	at com.google.cloud.datastore.emulator.impl.firestore.CloudFirestoreV1WriteStream.onNext(CloudFirestoreV1WriteStream.java:27)
	at com.google.cloud.datastore.emulator.firestore.webchannel.FirestoreV1WebChannelAdapter$FirestoreWriteHandler.onMessage(FirestoreV1WebChannelAdapter.java:160)
	at com.google.cloud.datastore.emulator.firestore.webchannel.FirestoreV1WebChannelAdapter$FirestoreWriteHandler.onMessage(FirestoreV1WebChannelAdapter.java:130)
	at com.google.net.webchannel.server.v8.ChannelInternalImpl.onMessage(ChannelInternalImpl.java:525)
	at com.google.net.webchannel.server.v8.ForwardChannel.deliverMessage(ForwardChannel.java:115)
	at com.google.net.webchannel.server.v8.ForwardChannel.processPendingRequest(ForwardChannel.java:94)
	at com.google.net.webchannel.server.v8.ForwardChannel.consume(ForwardChannel.java:68)
	at com.google.net.webchannel.server.v8.ForwardChannel.add(ForwardChannel.java:61)
	at com.google.net.webchannel.server.v8.ChannelInternalImpl.handleRequestBody(ChannelInternalImpl.java:290)
	at com.google.net.webchannel.server.v8.ChannelInternalImpl.processSessionRequest(ChannelInternalImpl.java:357)
	at com.google.net.webchannel.server.v8.ChannelInternalImpl.handle(ChannelInternalImpl.java:172)
	at com.google.net.webchannel.server.v8.ChannelInternalImpl.consume(ChannelInternalImpl.java:91)
	at com.google.net.webchannel.server.common.ChannelProcessor.run(ChannelProcessor.java:85)

Aug 08, 2026 4:50:01 PM io.gapi.emulators.netty.HttpVersionRoutingHandler channelRead
INFO: Detected non-HTTP/2 connection.
Aug 08, 2026 4:50:01 PM com.google.cloud.datastore.emulator.firestore.webchannel.FirestoreV1WebChannelAdapter$FirestoreWriteHandler onClose
INFO: channel closed
Aug 08, 2026 4:50:05 PM io.gapi.emulators.netty.HttpVersionRoutingHandler channelRead
INFO: Detected non-HTTP/2 connection.
Aug 08, 2026 4:50:05 PM io.gapi.emulators.netty.HttpVersionRoutingHandler channelRead
INFO: Detected non-HTTP/2 connection.
Aug 08, 2026 4:50:05 PM io.gapi.emulators.netty.HttpVersionRoutingHandler channelRead
INFO: Detected non-HTTP/2 connection.
Aug 08, 2026 4:50:05 PM io.gapi.emulators.netty.HttpVersionRoutingHandler channelRead
INFO: Detected non-HTTP/2 connection.
Aug 08, 2026 4:50:05 PM io.gapi.emulators.netty.HttpVersionRoutingHandler channelRead
INFO: Detected non-HTTP/2 connection.
Aug 08, 2026 4:50:05 PM io.gapi.emulators.netty.HttpVersionRoutingHandler channelRead
INFO: Detected non-HTTP/2 connection.
Aug 08, 2026 4:50:05 PM com.google.cloud.datastore.emulator.impl.util.WrappedStreamObserver onError
WARNING: Operation failed: No matching allow statements
com.google.cloud.datastore.core.exception.DatastoreException: No matching allow statements
	at com.google.cloud.datastore.core.exception.DatastoreException$Builder.build(DatastoreException.java:152)
	at com.google.cloud.datastore.emulator.impl.rules.DefaultEmulatorRulesAuthorizer.verboseError(DefaultEmulatorRulesAuthorizer.java:349)
	at com.google.cloud.datastore.emulator.impl.rules.DefaultEmulatorRulesAuthorizer.withVerboseErrors(DefaultEmulatorRulesAuthorizer.java:326)
	at com.google.cloud.datastore.emulator.impl.rules.DefaultEmulatorRulesAuthorizer.checkCommit(DefaultEmulatorRulesAuthorizer.java:113)
	at com.google.cloud.datastore.emulator.impl.firestore.FirestoreEmulatorHelper.commitHelper(FirestoreEmulatorHelper.java:407)
	at com.google.cloud.datastore.emulator.impl.firestore.FirestoreEmulatorHelper.internalCommit(FirestoreEmulatorHelper.java:348)
	at com.google.cloud.datastore.emulator.impl.firestore.CloudFirestoreV1.internalCommit(CloudFirestoreV1.java:1336)
	at com.google.cloud.datastore.emulator.impl.firestore.CloudFirestoreV1.write(CloudFirestoreV1.java:1321)
	at com.google.cloud.datastore.emulator.impl.firestore.CloudFirestoreV1WriteStream.handleRequest(CloudFirestoreV1WriteStream.java:222)
	at com.google.cloud.datastore.emulator.impl.firestore.CloudFirestoreV1WriteStream.write(CloudFirestoreV1WriteStream.java:144)
	at com.google.cloud.datastore.emulator.impl.firestore.CloudFirestoreV1WriteStream.onNext(CloudFirestoreV1WriteStream.java:99)
	at com.google.cloud.datastore.emulator.impl.firestore.CloudFirestoreV1WriteStream.onNext(CloudFirestoreV1WriteStream.java:27)
	at com.google.cloud.datastore.emulator.firestore.webchannel.FirestoreV1WebChannelAdapter$FirestoreWriteHandler.onMessage(FirestoreV1WebChannelAdapter.java:160)
	at com.google.cloud.datastore.emulator.firestore.webchannel.FirestoreV1WebChannelAdapter$FirestoreWriteHandler.onMessage(FirestoreV1WebChannelAdapter.java:130)
	at com.google.net.webchannel.server.v8.ChannelInternalImpl.onMessage(ChannelInternalImpl.java:525)
	at com.google.net.webchannel.server.v8.ForwardChannel.deliverMessage(ForwardChannel.java:115)
	at com.google.net.webchannel.server.v8.ForwardChannel.processPendingRequest(ForwardChannel.java:94)
	at com.google.net.webchannel.server.v8.ForwardChannel.consume(ForwardChannel.java:68)
	at com.google.net.webchannel.server.v8.ForwardChannel.add(ForwardChannel.java:61)
	at com.google.net.webchannel.server.v8.ChannelInternalImpl.handleRequestBody(ChannelInternalImpl.java:290)
	at com.google.net.webchannel.server.v8.ChannelInternalImpl.processSessionRequest(ChannelInternalImpl.java:357)
	at com.google.net.webchannel.server.v8.ChannelInternalImpl.handle(ChannelInternalImpl.java:172)
	at com.google.net.webchannel.server.v8.ChannelInternalImpl.consume(ChannelInternalImpl.java:91)
	at com.google.net.webchannel.server.common.ChannelProcessor.run(ChannelProcessor.java:85)

Aug 08, 2026 4:50:06 PM io.gapi.emulators.netty.HttpVersionRoutingHandler channelRead
INFO: Detected non-HTTP/2 connection.
Aug 08, 2026 4:50:06 PM com.google.cloud.datastore.emulator.firestore.webchannel.FirestoreV1WebChannelAdapter$FirestoreWriteHandler onClose
INFO: channel closed
Aug 08, 2026 4:50:06 PM io.gapi.emulators.netty.HttpVersionRoutingHandler channelRead
INFO: Detected non-HTTP/2 connection.
Aug 08, 2026 4:50:06 PM com.google.cloud.datastore.emulator.firestore.webchannel.FirestoreV1WebChannelAdapter$FirestoreListenHandler onClose
INFO: channel closed
Aug 08, 2026 4:50:11 PM io.gapi.emulators.netty.HttpVersionRoutingHandler channelRead
INFO: Detected non-HTTP/2 connection.
Aug 08, 2026 4:50:12 PM io.gapi.emulators.netty.HttpVersionRoutingHandler channelRead
INFO: Detected non-HTTP/2 connection.
Aug 08, 2026 4:50:12 PM io.gapi.emulators.netty.HttpVersionRoutingHandler channelRead
INFO: Detected non-HTTP/2 connection.
Aug 08, 2026 4:50:13 PM io.gapi.emulators.netty.HttpVersionRoutingHandler channelRead
INFO: Detected non-HTTP/2 connection.
Aug 08, 2026 4:50:13 PM io.gapi.emulators.netty.HttpVersionRoutingHandler channelRead
INFO: Detected non-HTTP/2 connection.
Aug 08, 2026 4:50:18 PM io.gapi.emulators.netty.HttpVersionRoutingHandler channelRead
INFO: Detected non-HTTP/2 connection.
Aug 08, 2026 4:50:21 PM io.gapi.emulators.netty.HttpVersionRoutingHandler channelRead
INFO: Detected non-HTTP/2 connection.
Aug 08, 2026 4:50:21 PM io.gapi.emulators.netty.HttpVersionRoutingHandler channelRead
INFO: Detected non-HTTP/2 connection.
Aug 08, 2026 4:50:22 PM io.gapi.emulators.netty.HttpVersionRoutingHandler channelRead
INFO: Detected non-HTTP/2 connection.
Aug 08, 2026 4:50:22 PM com.google.cloud.datastore.emulator.impl.util.WrappedStreamObserver onError
WARNING: Operation failed: No matching allow statements
com.google.cloud.datastore.core.exception.DatastoreException: No matching allow statements
	at com.google.cloud.datastore.core.exception.DatastoreException$Builder.build(DatastoreException.java:152)
	at com.google.cloud.datastore.emulator.impl.rules.DefaultEmulatorRulesAuthorizer.verboseError(DefaultEmulatorRulesAuthorizer.java:349)
	at com.google.cloud.datastore.emulator.impl.rules.DefaultEmulatorRulesAuthorizer.withVerboseErrors(DefaultEmulatorRulesAuthorizer.java:326)
	at com.google.cloud.datastore.emulator.impl.rules.DefaultEmulatorRulesAuthorizer.checkCommit(DefaultEmulatorRulesAuthorizer.java:113)
	at com.google.cloud.datastore.emulator.impl.firestore.FirestoreEmulatorHelper.commitHelper(FirestoreEmulatorHelper.java:407)
	at com.google.cloud.datastore.emulator.impl.firestore.FirestoreEmulatorHelper.internalCommit(FirestoreEmulatorHelper.java:348)
	at com.google.cloud.datastore.emulator.impl.firestore.CloudFirestoreV1.internalCommit(CloudFirestoreV1.java:1336)
	at com.google.cloud.datastore.emulator.impl.firestore.CloudFirestoreV1.write(CloudFirestoreV1.java:1321)
	at com.google.cloud.datastore.emulator.impl.firestore.CloudFirestoreV1WriteStream.handleRequest(CloudFirestoreV1WriteStream.java:222)
	at com.google.cloud.datastore.emulator.impl.firestore.CloudFirestoreV1WriteStream.write(CloudFirestoreV1WriteStream.java:144)
	at com.google.cloud.datastore.emulator.impl.firestore.CloudFirestoreV1WriteStream.onNext(CloudFirestoreV1WriteStream.java:99)
	at com.google.cloud.datastore.emulator.impl.firestore.CloudFirestoreV1WriteStream.onNext(CloudFirestoreV1WriteStream.java:27)
	at com.google.cloud.datastore.emulator.firestore.webchannel.FirestoreV1WebChannelAdapter$FirestoreWriteHandler.onMessage(FirestoreV1WebChannelAdapter.java:160)
	at com.google.cloud.datastore.emulator.firestore.webchannel.FirestoreV1WebChannelAdapter$FirestoreWriteHandler.onMessage(FirestoreV1WebChannelAdapter.java:130)
	at com.google.net.webchannel.server.v8.ChannelInternalImpl.onMessage(ChannelInternalImpl.java:525)
	at com.google.net.webchannel.server.v8.ForwardChannel.deliverMessage(ForwardChannel.java:115)
	at com.google.net.webchannel.server.v8.ForwardChannel.processPendingRequest(ForwardChannel.java:94)
	at com.google.net.webchannel.server.v8.ForwardChannel.consume(ForwardChannel.java:68)
	at com.google.net.webchannel.server.v8.ForwardChannel.add(ForwardChannel.java:61)
	at com.google.net.webchannel.server.v8.ChannelInternalImpl.handleRequestBody(ChannelInternalImpl.java:290)
	at com.google.net.webchannel.server.v8.ChannelInternalImpl.processSessionRequest(ChannelInternalImpl.java:357)
	at com.google.net.webchannel.server.v8.ChannelInternalImpl.handle(ChannelInternalImpl.java:172)
	at com.google.net.webchannel.server.v8.ChannelInternalImpl.consume(ChannelInternalImpl.java:91)
	at com.google.net.webchannel.server.common.ChannelProcessor.run(ChannelProcessor.java:85)

Aug 08, 2026 4:50:22 PM io.gapi.emulators.netty.HttpVersionRoutingHandler channelRead
INFO: Detected non-HTTP/2 connection.
Aug 08, 2026 4:50:22 PM io.gapi.emulators.netty.HttpVersionRoutingHandler channelRead
INFO: Detected non-HTTP/2 connection.
Aug 08, 2026 4:50:22 PM io.gapi.emulators.netty.HttpVersionRoutingHandler channelRead
INFO: Detected non-HTTP/2 connection.
Aug 08, 2026 4:50:22 PM com.google.cloud.datastore.emulator.impl.util.WrappedStreamObserver onError
WARNING: Operation failed: 
false for 'create' @ L28
com.google.cloud.datastore.core.exception.DatastoreException: 
false for 'create' @ L28
	at com.google.cloud.datastore.core.exception.DatastoreException$Builder.build(DatastoreException.java:152)
	at com.google.cloud.datastore.emulator.impl.rules.DefaultEmulatorRulesAuthorizer.verboseError(DefaultEmulatorRulesAuthorizer.java:349)
	at com.google.cloud.datastore.emulator.impl.rules.DefaultEmulatorRulesAuthorizer.withVerboseErrors(DefaultEmulatorRulesAuthorizer.java:326)
	at com.google.cloud.datastore.emulator.impl.rules.DefaultEmulatorRulesAuthorizer.checkCommit(DefaultEmulatorRulesAuthorizer.java:113)
	at com.google.cloud.datastore.emulator.impl.firestore.FirestoreEmulatorHelper.commitHelper(FirestoreEmulatorHelper.java:407)
	at com.google.cloud.datastore.emulator.impl.firestore.FirestoreEmulatorHelper.internalCommit(FirestoreEmulatorHelper.java:348)
	at com.google.cloud.datastore.emulator.impl.firestore.CloudFirestoreV1.internalCommit(CloudFirestoreV1.java:1336)
	at com.google.cloud.datastore.emulator.impl.firestore.CloudFirestoreV1.write(CloudFirestoreV1.java:1321)
	at com.google.cloud.datastore.emulator.impl.firestore.CloudFirestoreV1WriteStream.handleRequest(CloudFirestoreV1WriteStream.java:222)
	at com.google.cloud.datastore.emulator.impl.firestore.CloudFirestoreV1WriteStream.write(CloudFirestoreV1WriteStream.java:144)
	at com.google.cloud.datastore.emulator.impl.firestore.CloudFirestoreV1WriteStream.onNext(CloudFirestoreV1WriteStream.java:99)
	at com.google.cloud.datastore.emulator.impl.firestore.CloudFirestoreV1WriteStream.onNext(CloudFirestoreV1WriteStream.java:27)
	at com.google.cloud.datastore.emulator.firestore.webchannel.FirestoreV1WebChannelAdapter$FirestoreWriteHandler.onMessage(FirestoreV1WebChannelAdapter.java:160)
	at com.google.cloud.datastore.emulator.firestore.webchannel.FirestoreV1WebChannelAdapter$FirestoreWriteHandler.onMessage(FirestoreV1WebChannelAdapter.java:130)
	at com.google.net.webchannel.server.v8.ChannelInternalImpl.onMessage(ChannelInternalImpl.java:525)
	at com.google.net.webchannel.server.v8.ForwardChannel.deliverMessage(ForwardChannel.java:115)
	at com.google.net.webchannel.server.v8.ForwardChannel.processPendingRequest(ForwardChannel.java:94)
	at com.google.net.webchannel.server.v8.ForwardChannel.consume(ForwardChannel.java:68)
	at com.google.net.webchannel.server.v8.ForwardChannel.add(ForwardChannel.java:61)
	at com.google.net.webchannel.server.v8.ChannelInternalImpl.handleRequestBody(ChannelInternalImpl.java:290)
	at com.google.net.webchannel.server.v8.ChannelInternalImpl.processSessionRequest(ChannelInternalImpl.java:357)
	at com.google.net.webchannel.server.v8.ChannelInternalImpl.handle(ChannelInternalImpl.java:172)
	at com.google.net.webchannel.server.v8.ChannelInternalImpl.consume(ChannelInternalImpl.java:91)
	at com.google.net.webchannel.server.common.ChannelProcessor.run(ChannelProcessor.java:85)

Aug 08, 2026 4:50:23 PM io.gapi.emulators.netty.HttpVersionRoutingHandler channelRead
INFO: Detected non-HTTP/2 connection.
Aug 08, 2026 4:50:23 PM com.google.cloud.datastore.emulator.firestore.webchannel.FirestoreV1WebChannelAdapter$FirestoreWriteHandler onClose
INFO: channel closed
Aug 08, 2026 4:50:23 PM io.gapi.emulators.netty.HttpVersionRoutingHandler channelRead
INFO: Detected non-HTTP/2 connection.
Aug 08, 2026 4:50:23 PM com.google.cloud.datastore.emulator.firestore.webchannel.FirestoreV1WebChannelAdapter$FirestoreWriteHandler onClose
INFO: channel closed
Aug 08, 2026 4:50:23 PM io.gapi.emulators.netty.HttpVersionRoutingHandler channelRead
INFO: Detected non-HTTP/2 connection.
Aug 08, 2026 4:50:24 PM io.gapi.emulators.netty.HttpVersionRoutingHandler channelRead
INFO: Detected non-HTTP/2 connection.
Aug 08, 2026 4:50:24 PM io.gapi.emulators.netty.HttpVersionRoutingHandler channelRead
INFO: Detected non-HTTP/2 connection.
Aug 08, 2026 4:50:24 PM io.gapi.emulators.netty.HttpVersionRoutingHandler channelRead
INFO: Detected non-HTTP/2 connection.
Aug 08, 2026 4:50:24 PM io.gapi.emulators.netty.HttpVersionRoutingHandler channelRead
INFO: Detected non-HTTP/2 connection.
Aug 08, 2026 4:50:24 PM io.gapi.emulators.netty.HttpVersionRoutingHandler channelRead
INFO: Detected non-HTTP/2 connection.
Aug 08, 2026 4:50:25 PM io.gapi.emulators.netty.HttpVersionRoutingHandler channelRead
INFO: Detected non-HTTP/2 connection.
Aug 08, 2026 4:50:25 PM com.google.cloud.datastore.emulator.impl.util.WrappedStreamObserver onError
WARNING: Operation failed: No matching allow statements
com.google.cloud.datastore.core.exception.DatastoreException: No matching allow statements
	at com.google.cloud.datastore.core.exception.DatastoreException$Builder.build(DatastoreException.java:152)
	at com.google.cloud.datastore.emulator.impl.rules.DefaultEmulatorRulesAuthorizer.verboseError(DefaultEmulatorRulesAuthorizer.java:349)
	at com.google.cloud.datastore.emulator.impl.rules.DefaultEmulatorRulesAuthorizer.withVerboseErrors(DefaultEmulatorRulesAuthorizer.java:326)
	at com.google.cloud.datastore.emulator.impl.rules.DefaultEmulatorRulesAuthorizer.checkCommit(DefaultEmulatorRulesAuthorizer.java:113)
	at com.google.cloud.datastore.emulator.impl.firestore.FirestoreEmulatorHelper.commitHelper(FirestoreEmulatorHelper.java:407)
	at com.google.cloud.datastore.emulator.impl.firestore.FirestoreEmulatorHelper.internalCommit(FirestoreEmulatorHelper.java:348)
	at com.google.cloud.datastore.emulator.impl.firestore.CloudFirestoreV1.internalCommit(CloudFirestoreV1.java:1336)
	at com.google.cloud.datastore.emulator.impl.firestore.CloudFirestoreV1.write(CloudFirestoreV1.java:1321)
	at com.google.cloud.datastore.emulator.impl.firestore.CloudFirestoreV1WriteStream.handleRequest(CloudFirestoreV1WriteStream.java:222)
	at com.google.cloud.datastore.emulator.impl.firestore.CloudFirestoreV1WriteStream.write(CloudFirestoreV1WriteStream.java:144)
	at com.google.cloud.datastore.emulator.impl.firestore.CloudFirestoreV1WriteStream.onNext(CloudFirestoreV1WriteStream.java:99)
	at com.google.cloud.datastore.emulator.impl.firestore.CloudFirestoreV1WriteStream.onNext(CloudFirestoreV1WriteStream.java:27)
	at com.google.cloud.datastore.emulator.firestore.webchannel.FirestoreV1WebChannelAdapter$FirestoreWriteHandler.onMessage(FirestoreV1WebChannelAdapter.java:160)
	at com.google.cloud.datastore.emulator.firestore.webchannel.FirestoreV1WebChannelAdapter$FirestoreWriteHandler.onMessage(FirestoreV1WebChannelAdapter.java:130)
	at com.google.net.webchannel.server.v8.ChannelInternalImpl.onMessage(ChannelInternalImpl.java:525)
	at com.google.net.webchannel.server.v8.ForwardChannel.deliverMessage(ForwardChannel.java:115)
	at com.google.net.webchannel.server.v8.ForwardChannel.processPendingRequest(ForwardChannel.java:94)
	at com.google.net.webchannel.server.v8.ForwardChannel.consume(ForwardChannel.java:68)
	at com.google.net.webchannel.server.v8.ForwardChannel.add(ForwardChannel.java:61)
	at com.google.net.webchannel.server.v8.ChannelInternalImpl.handleRequestBody(ChannelInternalImpl.java:290)
	at com.google.net.webchannel.server.v8.ChannelInternalImpl.processSessionRequest(ChannelInternalImpl.java:357)
	at com.google.net.webchannel.server.v8.ChannelInternalImpl.handle(ChannelInternalImpl.java:172)
	at com.google.net.webchannel.server.v8.ChannelInternalImpl.consume(ChannelInternalImpl.java:91)
	at com.google.net.webchannel.server.common.ChannelProcessor.run(ChannelProcessor.java:85)

Aug 08, 2026 4:50:25 PM io.gapi.emulators.netty.HttpVersionRoutingHandler channelRead
INFO: Detected non-HTTP/2 connection.
Aug 08, 2026 4:50:25 PM com.google.cloud.datastore.emulator.firestore.webchannel.FirestoreV1WebChannelAdapter$FirestoreListenHandler onClose
INFO: channel closed
Aug 08, 2026 4:50:25 PM io.gapi.emulators.netty.HttpVersionRoutingHandler channelRead
INFO: Detected non-HTTP/2 connection.
Aug 08, 2026 4:50:25 PM com.google.cloud.datastore.emulator.firestore.webchannel.FirestoreV1WebChannelAdapter$FirestoreWriteHandler onClose
INFO: channel closed
Aug 08, 2026 4:50:26 PM io.gapi.emulators.netty.HttpVersionRoutingHandler channelRead
INFO: Detected non-HTTP/2 connection.
Aug 08, 2026 4:50:26 PM io.gapi.emulators.netty.HttpVersionRoutingHandler channelRead
INFO: Detected non-HTTP/2 connection.
Aug 08, 2026 4:50:27 PM io.gapi.emulators.netty.HttpVersionRoutingHandler channelRead
INFO: Detected non-HTTP/2 connection.
Aug 08, 2026 4:50:27 PM io.gapi.emulators.netty.HttpVersionRoutingHandler channelRead
INFO: Detected non-HTTP/2 connection.
Aug 08, 2026 4:50:27 PM com.google.cloud.datastore.emulator.impl.util.WrappedStreamObserver onError
WARNING: Operation failed: No matching allow statements
com.google.cloud.datastore.core.exception.DatastoreException: No matching allow statements
	at com.google.cloud.datastore.core.exception.DatastoreException$Builder.build(DatastoreException.java:152)
	at com.google.cloud.datastore.emulator.impl.rules.DefaultEmulatorRulesAuthorizer.verboseError(DefaultEmulatorRulesAuthorizer.java:349)
	at com.google.cloud.datastore.emulator.impl.rules.DefaultEmulatorRulesAuthorizer.withVerboseErrors(DefaultEmulatorRulesAuthorizer.java:326)
	at com.google.cloud.datastore.emulator.impl.rules.DefaultEmulatorRulesAuthorizer.checkCommit(DefaultEmulatorRulesAuthorizer.java:113)
	at com.google.cloud.datastore.emulator.impl.firestore.FirestoreEmulatorHelper.commitHelper(FirestoreEmulatorHelper.java:407)
	at com.google.cloud.datastore.emulator.impl.firestore.FirestoreEmulatorHelper.internalCommit(FirestoreEmulatorHelper.java:348)
	at com.google.cloud.datastore.emulator.impl.firestore.CloudFirestoreV1.internalCommit(CloudFirestoreV1.java:1336)
	at com.google.cloud.datastore.emulator.impl.firestore.CloudFirestoreV1.write(CloudFirestoreV1.java:1321)
	at com.google.cloud.datastore.emulator.impl.firestore.CloudFirestoreV1WriteStream.handleRequest(CloudFirestoreV1WriteStream.java:222)
	at com.google.cloud.datastore.emulator.impl.firestore.CloudFirestoreV1WriteStream.write(CloudFirestoreV1WriteStream.java:144)
	at com.google.cloud.datastore.emulator.impl.firestore.CloudFirestoreV1WriteStream.onNext(CloudFirestoreV1WriteStream.java:99)
	at com.google.cloud.datastore.emulator.impl.firestore.CloudFirestoreV1WriteStream.onNext(CloudFirestoreV1WriteStream.java:27)
	at com.google.cloud.datastore.emulator.firestore.webchannel.FirestoreV1WebChannelAdapter$FirestoreWriteHandler.onMessage(FirestoreV1WebChannelAdapter.java:160)
	at com.google.cloud.datastore.emulator.firestore.webchannel.FirestoreV1WebChannelAdapter$FirestoreWriteHandler.onMessage(FirestoreV1WebChannelAdapter.java:130)
	at com.google.net.webchannel.server.v8.ChannelInternalImpl.onMessage(ChannelInternalImpl.java:525)
	at com.google.net.webchannel.server.v8.ForwardChannel.deliverMessage(ForwardChannel.java:115)
	at com.google.net.webchannel.server.v8.ForwardChannel.processPendingRequest(ForwardChannel.java:94)
	at com.google.net.webchannel.server.v8.ForwardChannel.consume(ForwardChannel.java:68)
	at com.google.net.webchannel.server.v8.ForwardChannel.add(ForwardChannel.java:61)
	at com.google.net.webchannel.server.v8.ChannelInternalImpl.handleRequestBody(ChannelInternalImpl.java:290)
	at com.google.net.webchannel.server.v8.ChannelInternalImpl.processSessionRequest(ChannelInternalImpl.java:357)
	at com.google.net.webchannel.server.v8.ChannelInternalImpl.handle(ChannelInternalImpl.java:172)
	at com.google.net.webchannel.server.v8.ChannelInternalImpl.consume(ChannelInternalImpl.java:91)
	at com.google.net.webchannel.server.common.ChannelProcessor.run(ChannelProcessor.java:85)

Aug 08, 2026 4:50:27 PM io.gapi.emulators.netty.HttpVersionRoutingHandler channelRead
INFO: Detected non-HTTP/2 connection.
Aug 08, 2026 4:50:27 PM com.google.cloud.datastore.emulator.firestore.webchannel.FirestoreV1WebChannelAdapter$FirestoreWriteHandler onClose
INFO: channel closed
Aug 08, 2026 4:50:28 PM io.gapi.emulators.netty.HttpVersionRoutingHandler channelRead
INFO: Detected non-HTTP/2 connection.
Aug 08, 2026 4:50:29 PM io.gapi.emulators.netty.HttpVersionRoutingHandler channelRead
INFO: Detected non-HTTP/2 connection.
Aug 08, 2026 4:50:29 PM io.gapi.emulators.netty.HttpVersionRoutingHandler channelRead
INFO: Detected non-HTTP/2 connection.
Aug 08, 2026 4:50:29 PM com.google.cloud.datastore.emulator.impl.util.WrappedStreamObserver onError
WARNING: Operation failed: No matching allow statements
com.google.cloud.datastore.core.exception.DatastoreException: No matching allow statements
	at com.google.cloud.datastore.core.exception.DatastoreException$Builder.build(DatastoreException.java:152)
	at com.google.cloud.datastore.emulator.impl.rules.DefaultEmulatorRulesAuthorizer.verboseError(DefaultEmulatorRulesAuthorizer.java:349)
	at com.google.cloud.datastore.emulator.impl.rules.DefaultEmulatorRulesAuthorizer.withVerboseErrors(DefaultEmulatorRulesAuthorizer.java:326)
	at com.google.cloud.datastore.emulator.impl.rules.DefaultEmulatorRulesAuthorizer.checkCommit(DefaultEmulatorRulesAuthorizer.java:113)
	at com.google.cloud.datastore.emulator.impl.firestore.FirestoreEmulatorHelper.commitHelper(FirestoreEmulatorHelper.java:407)
	at com.google.cloud.datastore.emulator.impl.firestore.FirestoreEmulatorHelper.internalCommit(FirestoreEmulatorHelper.java:348)
	at com.google.cloud.datastore.emulator.impl.firestore.CloudFirestoreV1.internalCommit(CloudFirestoreV1.java:1336)
	at com.google.cloud.datastore.emulator.impl.firestore.CloudFirestoreV1.write(CloudFirestoreV1.java:1321)
	at com.google.cloud.datastore.emulator.impl.firestore.CloudFirestoreV1WriteStream.handleRequest(CloudFirestoreV1WriteStream.java:222)
	at com.google.cloud.datastore.emulator.impl.firestore.CloudFirestoreV1WriteStream.write(CloudFirestoreV1WriteStream.java:144)
	at com.google.cloud.datastore.emulator.impl.firestore.CloudFirestoreV1WriteStream.onNext(CloudFirestoreV1WriteStream.java:99)
	at com.google.cloud.datastore.emulator.impl.firestore.CloudFirestoreV1WriteStream.onNext(CloudFirestoreV1WriteStream.java:27)
	at com.google.cloud.datastore.emulator.firestore.webchannel.FirestoreV1WebChannelAdapter$FirestoreWriteHandler.onMessage(FirestoreV1WebChannelAdapter.java:160)
	at com.google.cloud.datastore.emulator.firestore.webchannel.FirestoreV1WebChannelAdapter$FirestoreWriteHandler.onMessage(FirestoreV1WebChannelAdapter.java:130)
	at com.google.net.webchannel.server.v8.ChannelInternalImpl.onMessage(ChannelInternalImpl.java:525)
	at com.google.net.webchannel.server.v8.ForwardChannel.deliverMessage(ForwardChannel.java:115)
	at com.google.net.webchannel.server.v8.ForwardChannel.processPendingRequest(ForwardChannel.java:94)
	at com.google.net.webchannel.server.v8.ForwardChannel.consume(ForwardChannel.java:68)
	at com.google.net.webchannel.server.v8.ForwardChannel.add(ForwardChannel.java:61)
	at com.google.net.webchannel.server.v8.ChannelInternalImpl.handleRequestBody(ChannelInternalImpl.java:290)
	at com.google.net.webchannel.server.v8.ChannelInternalImpl.processSessionRequest(ChannelInternalImpl.java:357)
	at com.google.net.webchannel.server.v8.ChannelInternalImpl.handle(ChannelInternalImpl.java:172)
	at com.google.net.webchannel.server.v8.ChannelInternalImpl.consume(ChannelInternalImpl.java:91)
	at com.google.net.webchannel.server.common.ChannelProcessor.run(ChannelProcessor.java:85)

Aug 08, 2026 4:50:29 PM io.gapi.emulators.netty.HttpVersionRoutingHandler channelRead
INFO: Detected non-HTTP/2 connection.
Aug 08, 2026 4:50:29 PM com.google.cloud.datastore.emulator.firestore.webchannel.FirestoreV1WebChannelAdapter$FirestoreWriteHandler onClose
INFO: channel closed
Aug 08, 2026 4:50:33 PM io.gapi.emulators.netty.HttpVersionRoutingHandler channelRead
INFO: Detected non-HTTP/2 connection.
Aug 08, 2026 4:50:33 PM io.gapi.emulators.netty.HttpVersionRoutingHandler channelRead
INFO: Detected non-HTTP/2 connection.
Aug 08, 2026 4:50:33 PM io.gapi.emulators.netty.HttpVersionRoutingHandler channelRead
INFO: Detected non-HTTP/2 connection.
Aug 08, 2026 4:50:33 PM com.google.cloud.datastore.emulator.impl.util.WrappedStreamObserver onError
WARNING: Operation failed: No matching allow statements
com.google.cloud.datastore.core.exception.DatastoreException: No matching allow statements
	at com.google.cloud.datastore.core.exception.DatastoreException$Builder.build(DatastoreException.java:152)
	at com.google.cloud.datastore.emulator.impl.rules.DefaultEmulatorRulesAuthorizer.verboseError(DefaultEmulatorRulesAuthorizer.java:349)
	at com.google.cloud.datastore.emulator.impl.rules.DefaultEmulatorRulesAuthorizer.withVerboseErrors(DefaultEmulatorRulesAuthorizer.java:326)
	at com.google.cloud.datastore.emulator.impl.rules.DefaultEmulatorRulesAuthorizer.checkCommit(DefaultEmulatorRulesAuthorizer.java:113)
	at com.google.cloud.datastore.emulator.impl.firestore.FirestoreEmulatorHelper.commitHelper(FirestoreEmulatorHelper.java:407)
	at com.google.cloud.datastore.emulator.impl.firestore.FirestoreEmulatorHelper.internalCommit(FirestoreEmulatorHelper.java:348)
	at com.google.cloud.datastore.emulator.impl.firestore.CloudFirestoreV1.internalCommit(CloudFirestoreV1.java:1336)
	at com.google.cloud.datastore.emulator.impl.firestore.CloudFirestoreV1.write(CloudFirestoreV1.java:1321)
	at com.google.cloud.datastore.emulator.impl.firestore.CloudFirestoreV1WriteStream.handleRequest(CloudFirestoreV1WriteStream.java:222)
	at com.google.cloud.datastore.emulator.impl.firestore.CloudFirestoreV1WriteStream.write(CloudFirestoreV1WriteStream.java:144)
	at com.google.cloud.datastore.emulator.impl.firestore.CloudFirestoreV1WriteStream.onNext(CloudFirestoreV1WriteStream.java:99)
	at com.google.cloud.datastore.emulator.impl.firestore.CloudFirestoreV1WriteStream.onNext(CloudFirestoreV1WriteStream.java:27)
	at com.google.cloud.datastore.emulator.firestore.webchannel.FirestoreV1WebChannelAdapter$FirestoreWriteHandler.onMessage(FirestoreV1WebChannelAdapter.java:160)
	at com.google.cloud.datastore.emulator.firestore.webchannel.FirestoreV1WebChannelAdapter$FirestoreWriteHandler.onMessage(FirestoreV1WebChannelAdapter.java:130)
	at com.google.net.webchannel.server.v8.ChannelInternalImpl.onMessage(ChannelInternalImpl.java:525)
	at com.google.net.webchannel.server.v8.ForwardChannel.deliverMessage(ForwardChannel.java:115)
	at com.google.net.webchannel.server.v8.ForwardChannel.processPendingRequest(ForwardChannel.java:94)
	at com.google.net.webchannel.server.v8.ForwardChannel.consume(ForwardChannel.java:68)
	at com.google.net.webchannel.server.v8.ForwardChannel.add(ForwardChannel.java:61)
	at com.google.net.webchannel.server.v8.ChannelInternalImpl.handleRequestBody(ChannelInternalImpl.java:290)
	at com.google.net.webchannel.server.v8.ChannelInternalImpl.processSessionRequest(ChannelInternalImpl.java:357)
	at com.google.net.webchannel.server.v8.ChannelInternalImpl.handle(ChannelInternalImpl.java:172)
	at com.google.net.webchannel.server.v8.ChannelInternalImpl.consume(ChannelInternalImpl.java:91)
	at com.google.net.webchannel.server.common.ChannelProcessor.run(ChannelProcessor.java:85)

Aug 08, 2026 4:50:34 PM io.gapi.emulators.netty.HttpVersionRoutingHandler channelRead
INFO: Detected non-HTTP/2 connection.
Aug 08, 2026 4:50:34 PM com.google.cloud.datastore.emulator.firestore.webchannel.FirestoreV1WebChannelAdapter$FirestoreWriteHandler onClose
INFO: channel closed
Aug 08, 2026 4:50:39 PM io.gapi.emulators.netty.HttpVersionRoutingHandler channelRead
INFO: Detected non-HTTP/2 connection.
Aug 08, 2026 4:50:39 PM io.gapi.emulators.netty.HttpVersionRoutingHandler channelRead
INFO: Detected non-HTTP/2 connection.
Aug 08, 2026 4:50:39 PM io.gapi.emulators.netty.HttpVersionRoutingHandler channelRead
INFO: Detected non-HTTP/2 connection.
Aug 08, 2026 4:50:39 PM io.gapi.emulators.netty.HttpVersionRoutingHandler channelRead
INFO: Detected non-HTTP/2 connection.
Aug 08, 2026 4:50:39 PM io.gapi.emulators.netty.HttpVersionRoutingHandler channelRead
INFO: Detected non-HTTP/2 connection.
Aug 08, 2026 4:50:39 PM io.gapi.emulators.netty.HttpVersionRoutingHandler channelRead
INFO: Detected non-HTTP/2 connection.
Aug 08, 2026 4:50:39 PM com.google.cloud.datastore.emulator.impl.util.WrappedStreamObserver onError
WARNING: Operation failed: No matching allow statements
com.google.cloud.datastore.core.exception.DatastoreException: No matching allow statements
	at com.google.cloud.datastore.core.exception.DatastoreException$Builder.build(DatastoreException.java:152)
	at com.google.cloud.datastore.emulator.impl.rules.DefaultEmulatorRulesAuthorizer.verboseError(DefaultEmulatorRulesAuthorizer.java:349)
	at com.google.cloud.datastore.emulator.impl.rules.DefaultEmulatorRulesAuthorizer.withVerboseErrors(DefaultEmulatorRulesAuthorizer.java:326)
	at com.google.cloud.datastore.emulator.impl.rules.DefaultEmulatorRulesAuthorizer.checkCommit(DefaultEmulatorRulesAuthorizer.java:113)
	at com.google.cloud.datastore.emulator.impl.firestore.FirestoreEmulatorHelper.commitHelper(FirestoreEmulatorHelper.java:407)
	at com.google.cloud.datastore.emulator.impl.firestore.FirestoreEmulatorHelper.internalCommit(FirestoreEmulatorHelper.java:348)
	at com.google.cloud.datastore.emulator.impl.firestore.CloudFirestoreV1.internalCommit(CloudFirestoreV1.java:1336)
	at com.google.cloud.datastore.emulator.impl.firestore.CloudFirestoreV1.write(CloudFirestoreV1.java:1321)
	at com.google.cloud.datastore.emulator.impl.firestore.CloudFirestoreV1WriteStream.handleRequest(CloudFirestoreV1WriteStream.java:222)
	at com.google.cloud.datastore.emulator.impl.firestore.CloudFirestoreV1WriteStream.write(CloudFirestoreV1WriteStream.java:144)
	at com.google.cloud.datastore.emulator.impl.firestore.CloudFirestoreV1WriteStream.onNext(CloudFirestoreV1WriteStream.java:99)
	at com.google.cloud.datastore.emulator.impl.firestore.CloudFirestoreV1WriteStream.onNext(CloudFirestoreV1WriteStream.java:27)
	at com.google.cloud.datastore.emulator.firestore.webchannel.FirestoreV1WebChannelAdapter$FirestoreWriteHandler.onMessage(FirestoreV1WebChannelAdapter.java:160)
	at com.google.cloud.datastore.emulator.firestore.webchannel.FirestoreV1WebChannelAdapter$FirestoreWriteHandler.onMessage(FirestoreV1WebChannelAdapter.java:130)
	at com.google.net.webchannel.server.v8.ChannelInternalImpl.onMessage(ChannelInternalImpl.java:525)
	at com.google.net.webchannel.server.v8.ForwardChannel.deliverMessage(ForwardChannel.java:115)
	at com.google.net.webchannel.server.v8.ForwardChannel.processPendingRequest(ForwardChannel.java:94)
	at com.google.net.webchannel.server.v8.ForwardChannel.consume(ForwardChannel.java:68)
	at com.google.net.webchannel.server.v8.ForwardChannel.add(ForwardChannel.java:61)
	at com.google.net.webchannel.server.v8.ChannelInternalImpl.handleRequestBody(ChannelInternalImpl.java:290)
	at com.google.net.webchannel.server.v8.ChannelInternalImpl.processSessionRequest(ChannelInternalImpl.java:357)
	at com.google.net.webchannel.server.v8.ChannelInternalImpl.handle(ChannelInternalImpl.java:172)
	at com.google.net.webchannel.server.v8.ChannelInternalImpl.consume(ChannelInternalImpl.java:91)
	at com.google.net.webchannel.server.common.ChannelProcessor.run(ChannelProcessor.java:85)

Aug 08, 2026 4:50:39 PM com.google.cloud.datastore.emulator.impl.util.WrappedStreamObserver onError
WARNING: Operation failed: No matching allow statements
com.google.cloud.datastore.core.exception.DatastoreException: No matching allow statements
	at com.google.cloud.datastore.core.exception.DatastoreException$Builder.build(DatastoreException.java:152)
	at com.google.cloud.datastore.emulator.impl.rules.DefaultEmulatorRulesAuthorizer.verboseError(DefaultEmulatorRulesAuthorizer.java:349)
	at com.google.cloud.datastore.emulator.impl.rules.DefaultEmulatorRulesAuthorizer.withVerboseErrors(DefaultEmulatorRulesAuthorizer.java:326)
	at com.google.cloud.datastore.emulator.impl.rules.DefaultEmulatorRulesAuthorizer.checkCommit(DefaultEmulatorRulesAuthorizer.java:113)
	at com.google.cloud.datastore.emulator.impl.firestore.FirestoreEmulatorHelper.commitHelper(FirestoreEmulatorHelper.java:407)
	at com.google.cloud.datastore.emulator.impl.firestore.FirestoreEmulatorHelper.internalCommit(FirestoreEmulatorHelper.java:348)
	at com.google.cloud.datastore.emulator.impl.firestore.CloudFirestoreV1.internalCommit(CloudFirestoreV1.java:1336)
	at com.google.cloud.datastore.emulator.impl.firestore.CloudFirestoreV1.write(CloudFirestoreV1.java:1321)
	at com.google.cloud.datastore.emulator.impl.firestore.CloudFirestoreV1WriteStream.handleRequest(CloudFirestoreV1WriteStream.java:222)
	at com.google.cloud.datastore.emulator.impl.firestore.CloudFirestoreV1WriteStream.write(CloudFirestoreV1WriteStream.java:144)
	at com.google.cloud.datastore.emulator.impl.firestore.CloudFirestoreV1WriteStream.onNext(CloudFirestoreV1WriteStream.java:99)
	at com.google.cloud.datastore.emulator.impl.firestore.CloudFirestoreV1WriteStream.onNext(CloudFirestoreV1WriteStream.java:27)
	at com.google.cloud.datastore.emulator.firestore.webchannel.FirestoreV1WebChannelAdapter$FirestoreWriteHandler.onMessage(FirestoreV1WebChannelAdapter.java:160)
	at com.google.cloud.datastore.emulator.firestore.webchannel.FirestoreV1WebChannelAdapter$FirestoreWriteHandler.onMessage(FirestoreV1WebChannelAdapter.java:130)
	at com.google.net.webchannel.server.v8.ChannelInternalImpl.onMessage(ChannelInternalImpl.java:525)
	at com.google.net.webchannel.server.v8.ForwardChannel.deliverMessage(ForwardChannel.java:115)
	at com.google.net.webchannel.server.v8.ForwardChannel.processPendingRequest(ForwardChannel.java:94)
	at com.google.net.webchannel.server.v8.ForwardChannel.consume(ForwardChannel.java:68)
	at com.google.net.webchannel.server.v8.ForwardChannel.add(ForwardChannel.java:61)
	at com.google.net.webchannel.server.v8.ChannelInternalImpl.handleRequestBody(ChannelInternalImpl.java:290)
	at com.google.net.webchannel.server.v8.ChannelInternalImpl.processSessionRequest(ChannelInternalImpl.java:357)
	at com.google.net.webchannel.server.v8.ChannelInternalImpl.handle(ChannelInternalImpl.java:172)
	at com.google.net.webchannel.server.v8.ChannelInternalImpl.consume(ChannelInternalImpl.java:91)
	at com.google.net.webchannel.server.common.ChannelProcessor.run(ChannelProcessor.java:85)

Aug 08, 2026 4:50:40 PM io.gapi.emulators.netty.HttpVersionRoutingHandler channelRead
INFO: Detected non-HTTP/2 connection.
Aug 08, 2026 4:50:40 PM io.gapi.emulators.netty.HttpVersionRoutingHandler channelRead
INFO: Detected non-HTTP/2 connection.
Aug 08, 2026 4:50:40 PM com.google.cloud.datastore.emulator.firestore.webchannel.FirestoreV1WebChannelAdapter$FirestoreWriteHandler onClose
INFO: channel closed
Aug 08, 2026 4:50:40 PM io.gapi.emulators.netty.HttpVersionRoutingHandler channelRead
INFO: Detected non-HTTP/2 connection.
Aug 08, 2026 4:50:40 PM io.gapi.emulators.netty.HttpVersionRoutingHandler channelRead
INFO: Detected non-HTTP/2 connection.
Aug 08, 2026 4:50:40 PM com.google.cloud.datastore.emulator.impl.util.WrappedStreamObserver onError
WARNING: Operation failed: No matching allow statements
com.google.cloud.datastore.core.exception.DatastoreException: No matching allow statements
	at com.google.cloud.datastore.core.exception.DatastoreException$Builder.build(DatastoreException.java:152)
	at com.google.cloud.datastore.emulator.impl.rules.DefaultEmulatorRulesAuthorizer.verboseError(DefaultEmulatorRulesAuthorizer.java:349)
	at com.google.cloud.datastore.emulator.impl.rules.DefaultEmulatorRulesAuthorizer.withVerboseErrors(DefaultEmulatorRulesAuthorizer.java:326)
	at com.google.cloud.datastore.emulator.impl.rules.DefaultEmulatorRulesAuthorizer.checkCommit(DefaultEmulatorRulesAuthorizer.java:113)
	at com.google.cloud.datastore.emulator.impl.firestore.FirestoreEmulatorHelper.commitHelper(FirestoreEmulatorHelper.java:407)
	at com.google.cloud.datastore.emulator.impl.firestore.FirestoreEmulatorHelper.internalCommit(FirestoreEmulatorHelper.java:348)
	at com.google.cloud.datastore.emulator.impl.firestore.CloudFirestoreV1.internalCommit(CloudFirestoreV1.java:1336)
	at com.google.cloud.datastore.emulator.impl.firestore.CloudFirestoreV1.write(CloudFirestoreV1.java:1321)
	at com.google.cloud.datastore.emulator.impl.firestore.CloudFirestoreV1WriteStream.handleRequest(CloudFirestoreV1WriteStream.java:222)
	at com.google.cloud.datastore.emulator.impl.firestore.CloudFirestoreV1WriteStream.write(CloudFirestoreV1WriteStream.java:144)
	at com.google.cloud.datastore.emulator.impl.firestore.CloudFirestoreV1WriteStream.onNext(CloudFirestoreV1WriteStream.java:99)
	at com.google.cloud.datastore.emulator.impl.firestore.CloudFirestoreV1WriteStream.onNext(CloudFirestoreV1WriteStream.java:27)
	at com.google.cloud.datastore.emulator.firestore.webchannel.FirestoreV1WebChannelAdapter$FirestoreWriteHandler.onMessage(FirestoreV1WebChannelAdapter.java:160)
	at com.google.cloud.datastore.emulator.firestore.webchannel.FirestoreV1WebChannelAdapter$FirestoreWriteHandler.onMessage(FirestoreV1WebChannelAdapter.java:130)
	at com.google.net.webchannel.server.v8.ChannelInternalImpl.onMessage(ChannelInternalImpl.java:525)
	at com.google.net.webchannel.server.v8.ForwardChannel.deliverMessage(ForwardChannel.java:115)
	at com.google.net.webchannel.server.v8.ForwardChannel.processPendingRequest(ForwardChannel.java:94)
	at com.google.net.webchannel.server.v8.ForwardChannel.consume(ForwardChannel.java:68)
	at com.google.net.webchannel.server.v8.ForwardChannel.add(ForwardChannel.java:61)
	at com.google.net.webchannel.server.v8.ChannelInternalImpl.handleRequestBody(ChannelInternalImpl.java:290)
	at com.google.net.webchannel.server.v8.ChannelInternalImpl.processSessionRequest(ChannelInternalImpl.java:357)
	at com.google.net.webchannel.server.v8.ChannelInternalImpl.handle(ChannelInternalImpl.java:172)
	at com.google.net.webchannel.server.v8.ChannelInternalImpl.consume(ChannelInternalImpl.java:91)
	at com.google.net.webchannel.server.common.ChannelProcessor.run(ChannelProcessor.java:85)

Aug 08, 2026 4:50:41 PM io.gapi.emulators.netty.HttpVersionRoutingHandler channelRead
INFO: Detected non-HTTP/2 connection.
Aug 08, 2026 4:50:41 PM com.google.cloud.datastore.emulator.firestore.webchannel.FirestoreV1WebChannelAdapter$FirestoreWriteHandler onClose
INFO: channel closed
Aug 08, 2026 4:50:41 PM io.gapi.emulators.netty.HttpVersionRoutingHandler channelRead
INFO: Detected non-HTTP/2 connection.
Aug 08, 2026 4:50:41 PM io.gapi.emulators.netty.HttpVersionRoutingHandler channelRead
INFO: Detected non-HTTP/2 connection.
Aug 08, 2026 4:50:41 PM io.gapi.emulators.netty.HttpVersionRoutingHandler channelRead
INFO: Detected non-HTTP/2 connection.
Aug 08, 2026 4:50:41 PM io.gapi.emulators.netty.HttpVersionRoutingHandler channelRead
INFO: Detected non-HTTP/2 connection.
Aug 08, 2026 4:50:41 PM io.gapi.emulators.netty.HttpVersionRoutingHandler channelRead
INFO: Detected non-HTTP/2 connection.
Aug 08, 2026 4:50:42 PM io.gapi.emulators.netty.HttpVersionRoutingHandler channelRead
INFO: Detected non-HTTP/2 connection.
Aug 08, 2026 4:50:42 PM io.gapi.emulators.netty.HttpVersionRoutingHandler channelRead
INFO: Detected non-HTTP/2 connection.
Aug 08, 2026 4:50:42 PM io.gapi.emulators.netty.HttpVersionRoutingHandler channelRead
INFO: Detected non-HTTP/2 connection.
Aug 08, 2026 4:50:42 PM io.gapi.emulators.netty.HttpVersionRoutingHandler channelRead
INFO: Detected non-HTTP/2 connection.
Aug 08, 2026 4:50:42 PM com.google.cloud.datastore.emulator.impl.util.WrappedStreamObserver onError
WARNING: Operation failed: No matching allow statements
com.google.cloud.datastore.core.exception.DatastoreException: No matching allow statements
	at com.google.cloud.datastore.core.exception.DatastoreException$Builder.build(DatastoreException.java:152)
	at com.google.cloud.datastore.emulator.impl.rules.DefaultEmulatorRulesAuthorizer.verboseError(DefaultEmulatorRulesAuthorizer.java:349)
	at com.google.cloud.datastore.emulator.impl.rules.DefaultEmulatorRulesAuthorizer.withVerboseErrors(DefaultEmulatorRulesAuthorizer.java:326)
	at com.google.cloud.datastore.emulator.impl.rules.DefaultEmulatorRulesAuthorizer.checkCommit(DefaultEmulatorRulesAuthorizer.java:113)
	at com.google.cloud.datastore.emulator.impl.firestore.FirestoreEmulatorHelper.commitHelper(FirestoreEmulatorHelper.java:407)
	at com.google.cloud.datastore.emulator.impl.firestore.FirestoreEmulatorHelper.internalCommit(FirestoreEmulatorHelper.java:348)
	at com.google.cloud.datastore.emulator.impl.firestore.CloudFirestoreV1.internalCommit(CloudFirestoreV1.java:1336)
	at com.google.cloud.datastore.emulator.impl.firestore.CloudFirestoreV1.write(CloudFirestoreV1.java:1321)
	at com.google.cloud.datastore.emulator.impl.firestore.CloudFirestoreV1WriteStream.handleRequest(CloudFirestoreV1WriteStream.java:222)
	at com.google.cloud.datastore.emulator.impl.firestore.CloudFirestoreV1WriteStream.write(CloudFirestoreV1WriteStream.java:144)
	at com.google.cloud.datastore.emulator.impl.firestore.CloudFirestoreV1WriteStream.onNext(CloudFirestoreV1WriteStream.java:99)
	at com.google.cloud.datastore.emulator.impl.firestore.CloudFirestoreV1WriteStream.onNext(CloudFirestoreV1WriteStream.java:27)
	at com.google.cloud.datastore.emulator.firestore.webchannel.FirestoreV1WebChannelAdapter$FirestoreWriteHandler.onMessage(FirestoreV1WebChannelAdapter.java:160)
	at com.google.cloud.datastore.emulator.firestore.webchannel.FirestoreV1WebChannelAdapter$FirestoreWriteHandler.onMessage(FirestoreV1WebChannelAdapter.java:130)
	at com.google.net.webchannel.server.v8.ChannelInternalImpl.onMessage(ChannelInternalImpl.java:525)
	at com.google.net.webchannel.server.v8.ForwardChannel.deliverMessage(ForwardChannel.java:115)
	at com.google.net.webchannel.server.v8.ForwardChannel.processPendingRequest(ForwardChannel.java:94)
	at com.google.net.webchannel.server.v8.ForwardChannel.consume(ForwardChannel.java:68)
	at com.google.net.webchannel.server.v8.ForwardChannel.add(ForwardChannel.java:61)
	at com.google.net.webchannel.server.v8.ChannelInternalImpl.handleRequestBody(ChannelInternalImpl.java:290)
	at com.google.net.webchannel.server.v8.ChannelInternalImpl.processSessionRequest(ChannelInternalImpl.java:357)
	at com.google.net.webchannel.server.v8.ChannelInternalImpl.handle(ChannelInternalImpl.java:172)
	at com.google.net.webchannel.server.v8.ChannelInternalImpl.consume(ChannelInternalImpl.java:91)
	at com.google.net.webchannel.server.common.ChannelProcessor.run(ChannelProcessor.java:85)

Aug 08, 2026 4:50:42 PM io.gapi.emulators.netty.HttpVersionRoutingHandler channelRead
INFO: Detected non-HTTP/2 connection.
Aug 08, 2026 4:50:42 PM io.gapi.emulators.netty.HttpVersionRoutingHandler channelRead
INFO: Detected non-HTTP/2 connection.
Aug 08, 2026 4:50:42 PM com.google.cloud.datastore.emulator.firestore.webchannel.FirestoreV1WebChannelAdapter$FirestoreWriteHandler onClose
INFO: channel closed
Aug 08, 2026 4:50:44 PM io.gapi.emulators.netty.HttpVersionRoutingHandler channelRead
INFO: Detected non-HTTP/2 connection.
Aug 08, 2026 4:50:44 PM io.gapi.emulators.netty.HttpVersionRoutingHandler channelRead
INFO: Detected non-HTTP/2 connection.
Aug 08, 2026 4:50:45 PM io.gapi.emulators.netty.HttpVersionRoutingHandler channelRead
INFO: Detected non-HTTP/2 connection.
Aug 08, 2026 4:50:45 PM com.google.cloud.datastore.emulator.impl.util.WrappedStreamObserver onError
WARNING: Operation failed: No matching allow statements
com.google.cloud.datastore.core.exception.DatastoreException: No matching allow statements
	at com.google.cloud.datastore.core.exception.DatastoreException$Builder.build(DatastoreException.java:152)
	at com.google.cloud.datastore.emulator.impl.rules.DefaultEmulatorRulesAuthorizer.verboseError(DefaultEmulatorRulesAuthorizer.java:349)
	at com.google.cloud.datastore.emulator.impl.rules.DefaultEmulatorRulesAuthorizer.withVerboseErrors(DefaultEmulatorRulesAuthorizer.java:326)
	at com.google.cloud.datastore.emulator.impl.rules.DefaultEmulatorRulesAuthorizer.checkCommit(DefaultEmulatorRulesAuthorizer.java:113)
	at com.google.cloud.datastore.emulator.impl.firestore.FirestoreEmulatorHelper.commitHelper(FirestoreEmulatorHelper.java:407)
	at com.google.cloud.datastore.emulator.impl.firestore.FirestoreEmulatorHelper.internalCommit(FirestoreEmulatorHelper.java:348)
	at com.google.cloud.datastore.emulator.impl.firestore.CloudFirestoreV1.internalCommit(CloudFirestoreV1.java:1336)
	at com.google.cloud.datastore.emulator.impl.firestore.CloudFirestoreV1.write(CloudFirestoreV1.java:1321)
	at com.google.cloud.datastore.emulator.impl.firestore.CloudFirestoreV1WriteStream.handleRequest(CloudFirestoreV1WriteStream.java:222)
	at com.google.cloud.datastore.emulator.impl.firestore.CloudFirestoreV1WriteStream.write(CloudFirestoreV1WriteStream.java:144)
	at com.google.cloud.datastore.emulator.impl.firestore.CloudFirestoreV1WriteStream.onNext(CloudFirestoreV1WriteStream.java:99)
	at com.google.cloud.datastore.emulator.impl.firestore.CloudFirestoreV1WriteStream.onNext(CloudFirestoreV1WriteStream.java:27)
	at com.google.cloud.datastore.emulator.firestore.webchannel.FirestoreV1WebChannelAdapter$FirestoreWriteHandler.onMessage(FirestoreV1WebChannelAdapter.java:160)
	at com.google.cloud.datastore.emulator.firestore.webchannel.FirestoreV1WebChannelAdapter$FirestoreWriteHandler.onMessage(FirestoreV1WebChannelAdapter.java:130)
	at com.google.net.webchannel.server.v8.ChannelInternalImpl.onMessage(ChannelInternalImpl.java:525)
	at com.google.net.webchannel.server.v8.ForwardChannel.deliverMessage(ForwardChannel.java:115)
	at com.google.net.webchannel.server.v8.ForwardChannel.processPendingRequest(ForwardChannel.java:94)
	at com.google.net.webchannel.server.v8.ForwardChannel.consume(ForwardChannel.java:68)
	at com.google.net.webchannel.server.v8.ForwardChannel.add(ForwardChannel.java:61)
	at com.google.net.webchannel.server.v8.ChannelInternalImpl.handleRequestBody(ChannelInternalImpl.java:290)
	at com.google.net.webchannel.server.v8.ChannelInternalImpl.processSessionRequest(ChannelInternalImpl.java:357)
	at com.google.net.webchannel.server.v8.ChannelInternalImpl.handle(ChannelInternalImpl.java:172)
	at com.google.net.webchannel.server.v8.ChannelInternalImpl.consume(ChannelInternalImpl.java:91)
	at com.google.net.webchannel.server.common.ChannelProcessor.run(ChannelProcessor.java:85)

Aug 08, 2026 4:50:45 PM io.gapi.emulators.netty.HttpVersionRoutingHandler channelRead
INFO: Detected non-HTTP/2 connection.
Aug 08, 2026 4:50:45 PM com.google.cloud.datastore.emulator.firestore.webchannel.FirestoreV1WebChannelAdapter$FirestoreWriteHandler onClose
INFO: channel closed
Aug 08, 2026 4:50:54 PM io.gapi.emulators.netty.HttpVersionRoutingHandler channelRead
INFO: Detected non-HTTP/2 connection.
Aug 08, 2026 4:50:55 PM io.gapi.emulators.netty.HttpVersionRoutingHandler channelRead
INFO: Detected non-HTTP/2 connection.
Aug 08, 2026 4:50:55 PM io.gapi.emulators.netty.HttpVersionRoutingHandler channelRead
INFO: Detected non-HTTP/2 connection.
Aug 08, 2026 4:50:55 PM com.google.cloud.datastore.emulator.impl.util.WrappedStreamObserver onError
WARNING: Operation failed: No matching allow statements
com.google.cloud.datastore.core.exception.DatastoreException: No matching allow statements
	at com.google.cloud.datastore.core.exception.DatastoreException$Builder.build(DatastoreException.java:152)
	at com.google.cloud.datastore.emulator.impl.rules.DefaultEmulatorRulesAuthorizer.verboseError(DefaultEmulatorRulesAuthorizer.java:349)
	at com.google.cloud.datastore.emulator.impl.rules.DefaultEmulatorRulesAuthorizer.withVerboseErrors(DefaultEmulatorRulesAuthorizer.java:326)
	at com.google.cloud.datastore.emulator.impl.rules.DefaultEmulatorRulesAuthorizer.checkCommit(DefaultEmulatorRulesAuthorizer.java:113)
	at com.google.cloud.datastore.emulator.impl.firestore.FirestoreEmulatorHelper.commitHelper(FirestoreEmulatorHelper.java:407)
	at com.google.cloud.datastore.emulator.impl.firestore.FirestoreEmulatorHelper.internalCommit(FirestoreEmulatorHelper.java:348)
	at com.google.cloud.datastore.emulator.impl.firestore.CloudFirestoreV1.internalCommit(CloudFirestoreV1.java:1336)
	at com.google.cloud.datastore.emulator.impl.firestore.CloudFirestoreV1.write(CloudFirestoreV1.java:1321)
	at com.google.cloud.datastore.emulator.impl.firestore.CloudFirestoreV1WriteStream.handleRequest(CloudFirestoreV1WriteStream.java:222)
	at com.google.cloud.datastore.emulator.impl.firestore.CloudFirestoreV1WriteStream.write(CloudFirestoreV1WriteStream.java:144)
	at com.google.cloud.datastore.emulator.impl.firestore.CloudFirestoreV1WriteStream.onNext(CloudFirestoreV1WriteStream.java:99)
	at com.google.cloud.datastore.emulator.impl.firestore.CloudFirestoreV1WriteStream.onNext(CloudFirestoreV1WriteStream.java:27)
	at com.google.cloud.datastore.emulator.firestore.webchannel.FirestoreV1WebChannelAdapter$FirestoreWriteHandler.onMessage(FirestoreV1WebChannelAdapter.java:160)
	at com.google.cloud.datastore.emulator.firestore.webchannel.FirestoreV1WebChannelAdapter$FirestoreWriteHandler.onMessage(FirestoreV1WebChannelAdapter.java:130)
	at com.google.net.webchannel.server.v8.ChannelInternalImpl.onMessage(ChannelInternalImpl.java:525)
	at com.google.net.webchannel.server.v8.ForwardChannel.deliverMessage(ForwardChannel.java:115)
	at com.google.net.webchannel.server.v8.ForwardChannel.processPendingRequest(ForwardChannel.java:94)
	at com.google.net.webchannel.server.v8.ForwardChannel.consume(ForwardChannel.java:68)
	at com.google.net.webchannel.server.v8.ForwardChannel.add(ForwardChannel.java:61)
	at com.google.net.webchannel.server.v8.ChannelInternalImpl.handleRequestBody(ChannelInternalImpl.java:290)
	at com.google.net.webchannel.server.v8.ChannelInternalImpl.processSessionRequest(ChannelInternalImpl.java:357)
	at com.google.net.webchannel.server.v8.ChannelInternalImpl.handle(ChannelInternalImpl.java:172)
	at com.google.net.webchannel.server.v8.ChannelInternalImpl.consume(ChannelInternalImpl.java:91)
	at com.google.net.webchannel.server.common.ChannelProcessor.run(ChannelProcessor.java:85)

Aug 08, 2026 4:50:55 PM com.google.cloud.datastore.emulator.impl.util.WrappedStreamObserver onError
WARNING: Operation failed: No matching allow statements
com.google.cloud.datastore.core.exception.DatastoreException: No matching allow statements
	at com.google.cloud.datastore.core.exception.DatastoreException$Builder.build(DatastoreException.java:152)
	at com.google.cloud.datastore.emulator.impl.rules.DefaultEmulatorRulesAuthorizer.verboseError(DefaultEmulatorRulesAuthorizer.java:349)
	at com.google.cloud.datastore.emulator.impl.rules.DefaultEmulatorRulesAuthorizer.withVerboseErrors(DefaultEmulatorRulesAuthorizer.java:326)
	at com.google.cloud.datastore.emulator.impl.rules.DefaultEmulatorRulesAuthorizer.checkCommit(DefaultEmulatorRulesAuthorizer.java:113)
	at com.google.cloud.datastore.emulator.impl.firestore.FirestoreEmulatorHelper.commitHelper(FirestoreEmulatorHelper.java:407)
	at com.google.cloud.datastore.emulator.impl.firestore.FirestoreEmulatorHelper.internalCommit(FirestoreEmulatorHelper.java:348)
	at com.google.cloud.datastore.emulator.impl.firestore.CloudFirestoreV1.internalCommit(CloudFirestoreV1.java:1336)
	at com.google.cloud.datastore.emulator.impl.firestore.CloudFirestoreV1.write(CloudFirestoreV1.java:1321)
	at com.google.cloud.datastore.emulator.impl.firestore.CloudFirestoreV1WriteStream.handleRequest(CloudFirestoreV1WriteStream.java:222)
	at com.google.cloud.datastore.emulator.impl.firestore.CloudFirestoreV1WriteStream.write(CloudFirestoreV1WriteStream.java:144)
	at com.google.cloud.datastore.emulator.impl.firestore.CloudFirestoreV1WriteStream.onNext(CloudFirestoreV1WriteStream.java:99)
	at com.google.cloud.datastore.emulator.impl.firestore.CloudFirestoreV1WriteStream.onNext(CloudFirestoreV1WriteStream.java:27)
	at com.google.cloud.datastore.emulator.firestore.webchannel.FirestoreV1WebChannelAdapter$FirestoreWriteHandler.onMessage(FirestoreV1WebChannelAdapter.java:160)
	at com.google.cloud.datastore.emulator.firestore.webchannel.FirestoreV1WebChannelAdapter$FirestoreWriteHandler.onMessage(FirestoreV1WebChannelAdapter.java:130)
	at com.google.net.webchannel.server.v8.ChannelInternalImpl.onMessage(ChannelInternalImpl.java:525)
	at com.google.net.webchannel.server.v8.ForwardChannel.deliverMessage(ForwardChannel.java:115)
	at com.google.net.webchannel.server.v8.ForwardChannel.processPendingRequest(ForwardChannel.java:94)
	at com.google.net.webchannel.server.v8.ForwardChannel.consume(ForwardChannel.java:68)
	at com.google.net.webchannel.server.v8.ForwardChannel.add(ForwardChannel.java:61)
	at com.google.net.webchannel.server.v8.ChannelInternalImpl.handleRequestBody(ChannelInternalImpl.java:290)
	at com.google.net.webchannel.server.v8.ChannelInternalImpl.processSessionRequest(ChannelInternalImpl.java:357)
	at com.google.net.webchannel.server.v8.ChannelInternalImpl.handle(ChannelInternalImpl.java:172)
	at com.google.net.webchannel.server.v8.ChannelInternalImpl.consume(ChannelInternalImpl.java:91)
	at com.google.net.webchannel.server.common.ChannelProcessor.run(ChannelProcessor.java:85)

Aug 08, 2026 4:50:55 PM io.gapi.emulators.netty.HttpVersionRoutingHandler channelRead
INFO: Detected non-HTTP/2 connection.
Aug 08, 2026 4:50:55 PM io.gapi.emulators.netty.HttpVersionRoutingHandler channelRead
INFO: Detected non-HTTP/2 connection.
Aug 08, 2026 4:50:55 PM com.google.cloud.datastore.emulator.firestore.webchannel.FirestoreV1WebChannelAdapter$FirestoreWriteHandler onClose
INFO: channel closed
Aug 08, 2026 4:50:56 PM io.gapi.emulators.netty.HttpVersionRoutingHandler channelRead
INFO: Detected non-HTTP/2 connection.
Aug 08, 2026 4:50:56 PM io.gapi.emulators.netty.HttpVersionRoutingHandler channelRead
INFO: Detected non-HTTP/2 connection.
Aug 08, 2026 4:50:56 PM com.google.cloud.datastore.emulator.impl.util.WrappedStreamObserver onError
WARNING: Operation failed: No matching allow statements
com.google.cloud.datastore.core.exception.DatastoreException: No matching allow statements
	at com.google.cloud.datastore.core.exception.DatastoreException$Builder.build(DatastoreException.java:152)
	at com.google.cloud.datastore.emulator.impl.rules.DefaultEmulatorRulesAuthorizer.verboseError(DefaultEmulatorRulesAuthorizer.java:349)
	at com.google.cloud.datastore.emulator.impl.rules.DefaultEmulatorRulesAuthorizer.withVerboseErrors(DefaultEmulatorRulesAuthorizer.java:326)
	at com.google.cloud.datastore.emulator.impl.rules.DefaultEmulatorRulesAuthorizer.checkCommit(DefaultEmulatorRulesAuthorizer.java:113)
	at com.google.cloud.datastore.emulator.impl.firestore.FirestoreEmulatorHelper.commitHelper(FirestoreEmulatorHelper.java:407)
	at com.google.cloud.datastore.emulator.impl.firestore.FirestoreEmulatorHelper.internalCommit(FirestoreEmulatorHelper.java:348)
	at com.google.cloud.datastore.emulator.impl.firestore.CloudFirestoreV1.internalCommit(CloudFirestoreV1.java:1336)
	at com.google.cloud.datastore.emulator.impl.firestore.CloudFirestoreV1.write(CloudFirestoreV1.java:1321)
	at com.google.cloud.datastore.emulator.impl.firestore.CloudFirestoreV1WriteStream.handleRequest(CloudFirestoreV1WriteStream.java:222)
	at com.google.cloud.datastore.emulator.impl.firestore.CloudFirestoreV1WriteStream.write(CloudFirestoreV1WriteStream.java:144)
	at com.google.cloud.datastore.emulator.impl.firestore.CloudFirestoreV1WriteStream.onNext(CloudFirestoreV1WriteStream.java:99)
	at com.google.cloud.datastore.emulator.impl.firestore.CloudFirestoreV1WriteStream.onNext(CloudFirestoreV1WriteStream.java:27)
	at com.google.cloud.datastore.emulator.firestore.webchannel.FirestoreV1WebChannelAdapter$FirestoreWriteHandler.onMessage(FirestoreV1WebChannelAdapter.java:160)
	at com.google.cloud.datastore.emulator.firestore.webchannel.FirestoreV1WebChannelAdapter$FirestoreWriteHandler.onMessage(FirestoreV1WebChannelAdapter.java:130)
	at com.google.net.webchannel.server.v8.ChannelInternalImpl.onMessage(ChannelInternalImpl.java:525)
	at com.google.net.webchannel.server.v8.ForwardChannel.deliverMessage(ForwardChannel.java:115)
	at com.google.net.webchannel.server.v8.ForwardChannel.processPendingRequest(ForwardChannel.java:94)
	at com.google.net.webchannel.server.v8.ForwardChannel.consume(ForwardChannel.java:68)
	at com.google.net.webchannel.server.v8.ForwardChannel.add(ForwardChannel.java:61)
	at com.google.net.webchannel.server.v8.ChannelInternalImpl.handleRequestBody(ChannelInternalImpl.java:290)
	at com.google.net.webchannel.server.v8.ChannelInternalImpl.processSessionRequest(ChannelInternalImpl.java:357)
	at com.google.net.webchannel.server.v8.ChannelInternalImpl.handle(ChannelInternalImpl.java:172)
	at com.google.net.webchannel.server.v8.ChannelInternalImpl.consume(ChannelInternalImpl.java:91)
	at com.google.net.webchannel.server.common.ChannelProcessor.run(ChannelProcessor.java:85)

Aug 08, 2026 4:50:56 PM io.gapi.emulators.netty.HttpVersionRoutingHandler channelRead
INFO: Detected non-HTTP/2 connection.
Aug 08, 2026 4:50:56 PM io.gapi.emulators.netty.HttpVersionRoutingHandler channelRead
INFO: Detected non-HTTP/2 connection.
Aug 08, 2026 4:50:57 PM io.gapi.emulators.netty.HttpVersionRoutingHandler channelRead
INFO: Detected non-HTTP/2 connection.
Aug 08, 2026 4:50:57 PM io.gapi.emulators.netty.HttpVersionRoutingHandler channelRead
INFO: Detected non-HTTP/2 connection.
Aug 08, 2026 4:50:57 PM io.gapi.emulators.netty.HttpVersionRoutingHandler channelRead
INFO: Detected non-HTTP/2 connection.
Aug 08, 2026 4:50:57 PM com.google.cloud.datastore.emulator.impl.util.WrappedStreamObserver onError
WARNING: Operation failed: 
false for 'create' @ L28
com.google.cloud.datastore.core.exception.DatastoreException: 
false for 'create' @ L28
	at com.google.cloud.datastore.core.exception.DatastoreException$Builder.build(DatastoreException.java:152)
	at com.google.cloud.datastore.emulator.impl.rules.DefaultEmulatorRulesAuthorizer.verboseError(DefaultEmulatorRulesAuthorizer.java:349)
	at com.google.cloud.datastore.emulator.impl.rules.DefaultEmulatorRulesAuthorizer.withVerboseErrors(DefaultEmulatorRulesAuthorizer.java:326)
	at com.google.cloud.datastore.emulator.impl.rules.DefaultEmulatorRulesAuthorizer.checkCommit(DefaultEmulatorRulesAuthorizer.java:113)
	at com.google.cloud.datastore.emulator.impl.firestore.FirestoreEmulatorHelper.commitHelper(FirestoreEmulatorHelper.java:407)
	at com.google.cloud.datastore.emulator.impl.firestore.FirestoreEmulatorHelper.internalCommit(FirestoreEmulatorHelper.java:348)
	at com.google.cloud.datastore.emulator.impl.firestore.CloudFirestoreV1.internalCommit(CloudFirestoreV1.java:1336)
	at com.google.cloud.datastore.emulator.impl.firestore.CloudFirestoreV1.write(CloudFirestoreV1.java:1321)
	at com.google.cloud.datastore.emulator.impl.firestore.CloudFirestoreV1WriteStream.handleRequest(CloudFirestoreV1WriteStream.java:222)
	at com.google.cloud.datastore.emulator.impl.firestore.CloudFirestoreV1WriteStream.write(CloudFirestoreV1WriteStream.java:144)
	at com.google.cloud.datastore.emulator.impl.firestore.CloudFirestoreV1WriteStream.onNext(CloudFirestoreV1WriteStream.java:99)
	at com.google.cloud.datastore.emulator.impl.firestore.CloudFirestoreV1WriteStream.onNext(CloudFirestoreV1WriteStream.java:27)
	at com.google.cloud.datastore.emulator.firestore.webchannel.FirestoreV1WebChannelAdapter$FirestoreWriteHandler.onMessage(FirestoreV1WebChannelAdapter.java:160)
	at com.google.cloud.datastore.emulator.firestore.webchannel.FirestoreV1WebChannelAdapter$FirestoreWriteHandler.onMessage(FirestoreV1WebChannelAdapter.java:130)
	at com.google.net.webchannel.server.v8.ChannelInternalImpl.onMessage(ChannelInternalImpl.java:525)
	at com.google.net.webchannel.server.v8.ForwardChannel.deliverMessage(ForwardChannel.java:115)
	at com.google.net.webchannel.server.v8.ForwardChannel.processPendingRequest(ForwardChannel.java:94)
	at com.google.net.webchannel.server.v8.ForwardChannel.consume(ForwardChannel.java:68)
	at com.google.net.webchannel.server.v8.ForwardChannel.add(ForwardChannel.java:61)
	at com.google.net.webchannel.server.v8.ChannelInternalImpl.handleRequestBody(ChannelInternalImpl.java:290)
	at com.google.net.webchannel.server.v8.ChannelInternalImpl.processSessionRequest(ChannelInternalImpl.java:357)
	at com.google.net.webchannel.server.v8.ChannelInternalImpl.handle(ChannelInternalImpl.java:172)
	at com.google.net.webchannel.server.v8.ChannelInternalImpl.consume(ChannelInternalImpl.java:91)
	at com.google.net.webchannel.server.common.ChannelProcessor.run(ChannelProcessor.java:85)

Aug 08, 2026 4:50:57 PM io.gapi.emulators.netty.HttpVersionRoutingHandler channelRead
INFO: Detected non-HTTP/2 connection.
Aug 08, 2026 4:50:57 PM com.google.cloud.datastore.emulator.firestore.webchannel.FirestoreV1WebChannelAdapter$FirestoreWriteHandler onClose
INFO: channel closed
Aug 08, 2026 4:50:57 PM io.gapi.emulators.netty.HttpVersionRoutingHandler channelRead
INFO: Detected non-HTTP/2 connection.
Aug 08, 2026 4:50:57 PM com.google.cloud.datastore.emulator.firestore.webchannel.FirestoreV1WebChannelAdapter$FirestoreWriteHandler onClose
INFO: channel closed
Aug 08, 2026 4:50:58 PM io.gapi.emulators.netty.HttpVersionRoutingHandler channelRead
INFO: Detected non-HTTP/2 connection.
Aug 08, 2026 4:51:01 PM io.gapi.emulators.netty.HttpVersionRoutingHandler channelRead
INFO: Detected non-HTTP/2 connection.
Aug 08, 2026 4:51:01 PM io.gapi.emulators.netty.HttpVersionRoutingHandler channelRead
INFO: Detected non-HTTP/2 connection.
Aug 08, 2026 4:51:01 PM io.gapi.emulators.netty.HttpVersionRoutingHandler channelRead
INFO: Detected non-HTTP/2 connection.
Aug 08, 2026 4:51:01 PM io.gapi.emulators.netty.HttpVersionRoutingHandler channelRead
INFO: Detected non-HTTP/2 connection.
Aug 08, 2026 4:51:01 PM io.gapi.emulators.netty.HttpVersionRoutingHandler channelRead
INFO: Detected non-HTTP/2 connection.
Aug 08, 2026 4:51:02 PM io.gapi.emulators.netty.HttpVersionRoutingHandler channelRead
INFO: Detected non-HTTP/2 connection.
Aug 08, 2026 4:51:02 PM com.google.cloud.datastore.emulator.impl.util.WrappedStreamObserver onError
WARNING: Operation failed: No matching allow statements
com.google.cloud.datastore.core.exception.DatastoreException: No matching allow statements
	at com.google.cloud.datastore.core.exception.DatastoreException$Builder.build(DatastoreException.java:152)
	at com.google.cloud.datastore.emulator.impl.rules.DefaultEmulatorRulesAuthorizer.verboseError(DefaultEmulatorRulesAuthorizer.java:349)
	at com.google.cloud.datastore.emulator.impl.rules.DefaultEmulatorRulesAuthorizer.withVerboseErrors(DefaultEmulatorRulesAuthorizer.java:326)
	at com.google.cloud.datastore.emulator.impl.rules.DefaultEmulatorRulesAuthorizer.checkCommit(DefaultEmulatorRulesAuthorizer.java:113)
	at com.google.cloud.datastore.emulator.impl.firestore.FirestoreEmulatorHelper.commitHelper(FirestoreEmulatorHelper.java:407)
	at com.google.cloud.datastore.emulator.impl.firestore.FirestoreEmulatorHelper.internalCommit(FirestoreEmulatorHelper.java:348)
	at com.google.cloud.datastore.emulator.impl.firestore.CloudFirestoreV1.internalCommit(CloudFirestoreV1.java:1336)
	at com.google.cloud.datastore.emulator.impl.firestore.CloudFirestoreV1.write(CloudFirestoreV1.java:1321)
	at com.google.cloud.datastore.emulator.impl.firestore.CloudFirestoreV1WriteStream.handleRequest(CloudFirestoreV1WriteStream.java:222)
	at com.google.cloud.datastore.emulator.impl.firestore.CloudFirestoreV1WriteStream.write(CloudFirestoreV1WriteStream.java:144)
	at com.google.cloud.datastore.emulator.impl.firestore.CloudFirestoreV1WriteStream.onNext(CloudFirestoreV1WriteStream.java:99)
	at com.google.cloud.datastore.emulator.impl.firestore.CloudFirestoreV1WriteStream.onNext(CloudFirestoreV1WriteStream.java:27)
	at com.google.cloud.datastore.emulator.firestore.webchannel.FirestoreV1WebChannelAdapter$FirestoreWriteHandler.onMessage(FirestoreV1WebChannelAdapter.java:160)
	at com.google.cloud.datastore.emulator.firestore.webchannel.FirestoreV1WebChannelAdapter$FirestoreWriteHandler.onMessage(FirestoreV1WebChannelAdapter.java:130)
	at com.google.net.webchannel.server.v8.ChannelInternalImpl.onMessage(ChannelInternalImpl.java:525)
	at com.google.net.webchannel.server.v8.ForwardChannel.deliverMessage(ForwardChannel.java:115)
	at com.google.net.webchannel.server.v8.ForwardChannel.processPendingRequest(ForwardChannel.java:94)
	at com.google.net.webchannel.server.v8.ForwardChannel.consume(ForwardChannel.java:68)
	at com.google.net.webchannel.server.v8.ForwardChannel.add(ForwardChannel.java:61)
	at com.google.net.webchannel.server.v8.ChannelInternalImpl.handleRequestBody(ChannelInternalImpl.java:290)
	at com.google.net.webchannel.server.v8.ChannelInternalImpl.processSessionRequest(ChannelInternalImpl.java:357)
	at com.google.net.webchannel.server.v8.ChannelInternalImpl.handle(ChannelInternalImpl.java:172)
	at com.google.net.webchannel.server.v8.ChannelInternalImpl.consume(ChannelInternalImpl.java:91)
	at com.google.net.webchannel.server.common.ChannelProcessor.run(ChannelProcessor.java:85)

Aug 08, 2026 4:51:02 PM io.gapi.emulators.netty.HttpVersionRoutingHandler channelRead
INFO: Detected non-HTTP/2 connection.
Aug 08, 2026 4:51:02 PM com.google.cloud.datastore.emulator.firestore.webchannel.FirestoreV1WebChannelAdapter$FirestoreWriteHandler onClose
INFO: channel closed
Aug 08, 2026 4:51:11 PM io.gapi.emulators.netty.HttpVersionRoutingHandler channelRead
INFO: Detected non-HTTP/2 connection.
Aug 08, 2026 4:51:11 PM io.gapi.emulators.netty.HttpVersionRoutingHandler channelRead
INFO: Detected non-HTTP/2 connection.
Aug 08, 2026 4:51:11 PM io.gapi.emulators.netty.HttpVersionRoutingHandler channelRead
INFO: Detected non-HTTP/2 connection.
Aug 08, 2026 4:51:11 PM io.gapi.emulators.netty.HttpVersionRoutingHandler channelRead
INFO: Detected non-HTTP/2 connection.
Aug 08, 2026 4:51:11 PM io.gapi.emulators.netty.HttpVersionRoutingHandler channelRead
INFO: Detected non-HTTP/2 connection.
Aug 08, 2026 4:51:12 PM io.gapi.emulators.netty.HttpVersionRoutingHandler channelRead
INFO: Detected non-HTTP/2 connection.
Aug 08, 2026 4:51:12 PM com.google.cloud.datastore.emulator.impl.util.WrappedStreamObserver onError
WARNING: Operation failed: No matching allow statements
com.google.cloud.datastore.core.exception.DatastoreException: No matching allow statements
	at com.google.cloud.datastore.core.exception.DatastoreException$Builder.build(DatastoreException.java:152)
	at com.google.cloud.datastore.emulator.impl.rules.DefaultEmulatorRulesAuthorizer.verboseError(DefaultEmulatorRulesAuthorizer.java:349)
	at com.google.cloud.datastore.emulator.impl.rules.DefaultEmulatorRulesAuthorizer.withVerboseErrors(DefaultEmulatorRulesAuthorizer.java:326)
	at com.google.cloud.datastore.emulator.impl.rules.DefaultEmulatorRulesAuthorizer.checkCommit(DefaultEmulatorRulesAuthorizer.java:113)
	at com.google.cloud.datastore.emulator.impl.firestore.FirestoreEmulatorHelper.commitHelper(FirestoreEmulatorHelper.java:407)
	at com.google.cloud.datastore.emulator.impl.firestore.FirestoreEmulatorHelper.internalCommit(FirestoreEmulatorHelper.java:348)
	at com.google.cloud.datastore.emulator.impl.firestore.CloudFirestoreV1.internalCommit(CloudFirestoreV1.java:1336)
	at com.google.cloud.datastore.emulator.impl.firestore.CloudFirestoreV1.write(CloudFirestoreV1.java:1321)
	at com.google.cloud.datastore.emulator.impl.firestore.CloudFirestoreV1WriteStream.handleRequest(CloudFirestoreV1WriteStream.java:222)
	at com.google.cloud.datastore.emulator.impl.firestore.CloudFirestoreV1WriteStream.write(CloudFirestoreV1WriteStream.java:144)
	at com.google.cloud.datastore.emulator.impl.firestore.CloudFirestoreV1WriteStream.onNext(CloudFirestoreV1WriteStream.java:99)
	at com.google.cloud.datastore.emulator.impl.firestore.CloudFirestoreV1WriteStream.onNext(CloudFirestoreV1WriteStream.java:27)
	at com.google.cloud.datastore.emulator.firestore.webchannel.FirestoreV1WebChannelAdapter$FirestoreWriteHandler.onMessage(FirestoreV1WebChannelAdapter.java:160)
	at com.google.cloud.datastore.emulator.firestore.webchannel.FirestoreV1WebChannelAdapter$FirestoreWriteHandler.onMessage(FirestoreV1WebChannelAdapter.java:130)
	at com.google.net.webchannel.server.v8.ChannelInternalImpl.onMessage(ChannelInternalImpl.java:525)
	at com.google.net.webchannel.server.v8.ForwardChannel.deliverMessage(ForwardChannel.java:115)
	at com.google.net.webchannel.server.v8.ForwardChannel.processPendingRequest(ForwardChannel.java:94)
	at com.google.net.webchannel.server.v8.ForwardChannel.consume(ForwardChannel.java:68)
	at com.google.net.webchannel.server.v8.ForwardChannel.add(ForwardChannel.java:61)
	at com.google.net.webchannel.server.v8.ChannelInternalImpl.handleRequestBody(ChannelInternalImpl.java:290)
	at com.google.net.webchannel.server.v8.ChannelInternalImpl.processSessionRequest(ChannelInternalImpl.java:357)
	at com.google.net.webchannel.server.v8.ChannelInternalImpl.handle(ChannelInternalImpl.java:172)
	at com.google.net.webchannel.server.v8.ChannelInternalImpl.consume(ChannelInternalImpl.java:91)
	at com.google.net.webchannel.server.common.ChannelProcessor.run(ChannelProcessor.java:85)

Aug 08, 2026 4:51:12 PM io.gapi.emulators.netty.HttpVersionRoutingHandler channelRead
INFO: Detected non-HTTP/2 connection.
Aug 08, 2026 4:51:12 PM com.google.cloud.datastore.emulator.firestore.webchannel.FirestoreV1WebChannelAdapter$FirestoreWriteHandler onClose
INFO: channel closed
Aug 08, 2026 4:51:29 PM io.gapi.emulators.netty.HttpVersionRoutingHandler channelRead
INFO: Detected non-HTTP/2 connection.
Aug 08, 2026 4:51:30 PM io.gapi.emulators.netty.HttpVersionRoutingHandler channelRead
INFO: Detected non-HTTP/2 connection.
Aug 08, 2026 4:51:30 PM io.gapi.emulators.netty.HttpVersionRoutingHandler channelRead
INFO: Detected non-HTTP/2 connection.
Aug 08, 2026 4:51:30 PM com.google.cloud.datastore.emulator.firestore.webchannel.FirestoreV1WebChannelAdapter$FirestoreListenHandler onClose
INFO: channel closed
Aug 08, 2026 4:51:33 PM io.gapi.emulators.netty.HttpVersionRoutingHandler channelRead
INFO: Detected non-HTTP/2 connection.
Aug 08, 2026 4:51:33 PM io.gapi.emulators.netty.HttpVersionRoutingHandler channelRead
INFO: Detected non-HTTP/2 connection.
Aug 08, 2026 4:51:33 PM io.gapi.emulators.netty.HttpVersionRoutingHandler channelRead
INFO: Detected non-HTTP/2 connection.
Aug 08, 2026 4:51:33 PM io.gapi.emulators.netty.HttpVersionRoutingHandler channelRead
INFO: Detected non-HTTP/2 connection.
Aug 08, 2026 4:51:34 PM io.gapi.emulators.netty.HttpVersionRoutingHandler channelRead
INFO: Detected non-HTTP/2 connection.
Aug 08, 2026 4:51:34 PM io.gapi.emulators.netty.HttpVersionRoutingHandler channelRead
INFO: Detected non-HTTP/2 connection.
Aug 08, 2026 4:51:34 PM io.gapi.emulators.netty.HttpVersionRoutingHandler channelRead
INFO: Detected non-HTTP/2 connection.
Aug 08, 2026 4:51:34 PM io.gapi.emulators.netty.HttpVersionRoutingHandler channelRead
INFO: Detected non-HTTP/2 connection.
Aug 08, 2026 4:51:34 PM io.gapi.emulators.netty.HttpVersionRoutingHandler channelRead
INFO: Detected non-HTTP/2 connection.
Aug 08, 2026 4:51:34 PM com.google.cloud.datastore.emulator.impl.util.WrappedStreamObserver onError
WARNING: Operation failed: No matching allow statements
com.google.cloud.datastore.core.exception.DatastoreException: No matching allow statements
	at com.google.cloud.datastore.core.exception.DatastoreException$Builder.build(DatastoreException.java:152)
	at com.google.cloud.datastore.emulator.impl.rules.DefaultEmulatorRulesAuthorizer.verboseError(DefaultEmulatorRulesAuthorizer.java:349)
	at com.google.cloud.datastore.emulator.impl.rules.DefaultEmulatorRulesAuthorizer.withVerboseErrors(DefaultEmulatorRulesAuthorizer.java:326)
	at com.google.cloud.datastore.emulator.impl.rules.DefaultEmulatorRulesAuthorizer.checkCommit(DefaultEmulatorRulesAuthorizer.java:113)
	at com.google.cloud.datastore.emulator.impl.firestore.FirestoreEmulatorHelper.commitHelper(FirestoreEmulatorHelper.java:407)
	at com.google.cloud.datastore.emulator.impl.firestore.FirestoreEmulatorHelper.internalCommit(FirestoreEmulatorHelper.java:348)
	at com.google.cloud.datastore.emulator.impl.firestore.CloudFirestoreV1.internalCommit(CloudFirestoreV1.java:1336)
	at com.google.cloud.datastore.emulator.impl.firestore.CloudFirestoreV1.write(CloudFirestoreV1.java:1321)
	at com.google.cloud.datastore.emulator.impl.firestore.CloudFirestoreV1WriteStream.handleRequest(CloudFirestoreV1WriteStream.java:222)
	at com.google.cloud.datastore.emulator.impl.firestore.CloudFirestoreV1WriteStream.write(CloudFirestoreV1WriteStream.java:144)
	at com.google.cloud.datastore.emulator.impl.firestore.CloudFirestoreV1WriteStream.onNext(CloudFirestoreV1WriteStream.java:99)
	at com.google.cloud.datastore.emulator.impl.firestore.CloudFirestoreV1WriteStream.onNext(CloudFirestoreV1WriteStream.java:27)
	at com.google.cloud.datastore.emulator.firestore.webchannel.FirestoreV1WebChannelAdapter$FirestoreWriteHandler.onMessage(FirestoreV1WebChannelAdapter.java:160)
	at com.google.cloud.datastore.emulator.firestore.webchannel.FirestoreV1WebChannelAdapter$FirestoreWriteHandler.onMessage(FirestoreV1WebChannelAdapter.java:130)
	at com.google.net.webchannel.server.v8.ChannelInternalImpl.onMessage(ChannelInternalImpl.java:525)
	at com.google.net.webchannel.server.v8.ForwardChannel.deliverMessage(ForwardChannel.java:115)
	at com.google.net.webchannel.server.v8.ForwardChannel.processPendingRequest(ForwardChannel.java:94)
	at com.google.net.webchannel.server.v8.ForwardChannel.consume(ForwardChannel.java:68)
	at com.google.net.webchannel.server.v8.ForwardChannel.add(ForwardChannel.java:61)
	at com.google.net.webchannel.server.v8.ChannelInternalImpl.handleRequestBody(ChannelInternalImpl.java:290)
	at com.google.net.webchannel.server.v8.ChannelInternalImpl.processSessionRequest(ChannelInternalImpl.java:357)
	at com.google.net.webchannel.server.v8.ChannelInternalImpl.handle(ChannelInternalImpl.java:172)
	at com.google.net.webchannel.server.v8.ChannelInternalImpl.consume(ChannelInternalImpl.java:91)
	at com.google.net.webchannel.server.common.ChannelProcessor.run(ChannelProcessor.java:85)

Aug 08, 2026 4:51:34 PM io.gapi.emulators.netty.HttpVersionRoutingHandler channelRead
INFO: Detected non-HTTP/2 connection.
Aug 08, 2026 4:51:34 PM io.gapi.emulators.netty.HttpVersionRoutingHandler channelRead
INFO: Detected non-HTTP/2 connection.
Aug 08, 2026 4:51:34 PM io.gapi.emulators.netty.HttpVersionRoutingHandler channelRead
INFO: Detected non-HTTP/2 connection.
Aug 08, 2026 4:51:34 PM com.google.cloud.datastore.emulator.firestore.webchannel.FirestoreV1WebChannelAdapter$FirestoreWriteHandler onClose
INFO: channel closed
Aug 08, 2026 4:51:36 PM io.gapi.emulators.netty.HttpVersionRoutingHandler channelRead
INFO: Detected non-HTTP/2 connection.
Aug 08, 2026 4:51:36 PM io.gapi.emulators.netty.HttpVersionRoutingHandler channelRead
INFO: Detected non-HTTP/2 connection.
Aug 08, 2026 4:51:36 PM io.gapi.emulators.netty.HttpVersionRoutingHandler channelRead
INFO: Detected non-HTTP/2 connection.
Aug 08, 2026 4:51:36 PM com.google.cloud.datastore.emulator.firestore.webchannel.FirestoreV1WebChannelAdapter$FirestoreListenHandler onClose
INFO: channel closed
Aug 08, 2026 4:51:36 PM io.gapi.emulators.netty.HttpVersionRoutingHandler channelRead
INFO: Detected non-HTTP/2 connection.
Aug 08, 2026 4:51:36 PM io.gapi.emulators.netty.HttpVersionRoutingHandler channelRead
INFO: Detected non-HTTP/2 connection.
Aug 08, 2026 4:51:36 PM com.google.cloud.datastore.emulator.impl.util.WrappedStreamObserver onError
WARNING: Operation failed: No matching allow statements
com.google.cloud.datastore.core.exception.DatastoreException: No matching allow statements
	at com.google.cloud.datastore.core.exception.DatastoreException$Builder.build(DatastoreException.java:152)
	at com.google.cloud.datastore.emulator.impl.rules.DefaultEmulatorRulesAuthorizer.verboseError(DefaultEmulatorRulesAuthorizer.java:349)
	at com.google.cloud.datastore.emulator.impl.rules.DefaultEmulatorRulesAuthorizer.withVerboseErrors(DefaultEmulatorRulesAuthorizer.java:326)
	at com.google.cloud.datastore.emulator.impl.rules.DefaultEmulatorRulesAuthorizer.checkCommit(DefaultEmulatorRulesAuthorizer.java:113)
	at com.google.cloud.datastore.emulator.impl.firestore.FirestoreEmulatorHelper.commitHelper(FirestoreEmulatorHelper.java:407)
	at com.google.cloud.datastore.emulator.impl.firestore.FirestoreEmulatorHelper.internalCommit(FirestoreEmulatorHelper.java:348)
	at com.google.cloud.datastore.emulator.impl.firestore.CloudFirestoreV1.internalCommit(CloudFirestoreV1.java:1336)
	at com.google.cloud.datastore.emulator.impl.firestore.CloudFirestoreV1.write(CloudFirestoreV1.java:1321)
	at com.google.cloud.datastore.emulator.impl.firestore.CloudFirestoreV1WriteStream.handleRequest(CloudFirestoreV1WriteStream.java:222)
	at com.google.cloud.datastore.emulator.impl.firestore.CloudFirestoreV1WriteStream.write(CloudFirestoreV1WriteStream.java:144)
	at com.google.cloud.datastore.emulator.impl.firestore.CloudFirestoreV1WriteStream.onNext(CloudFirestoreV1WriteStream.java:99)
	at com.google.cloud.datastore.emulator.impl.firestore.CloudFirestoreV1WriteStream.onNext(CloudFirestoreV1WriteStream.java:27)
	at com.google.cloud.datastore.emulator.firestore.webchannel.FirestoreV1WebChannelAdapter$FirestoreWriteHandler.onMessage(FirestoreV1WebChannelAdapter.java:160)
	at com.google.cloud.datastore.emulator.firestore.webchannel.FirestoreV1WebChannelAdapter$FirestoreWriteHandler.onMessage(FirestoreV1WebChannelAdapter.java:130)
	at com.google.net.webchannel.server.v8.ChannelInternalImpl.onMessage(ChannelInternalImpl.java:525)
	at com.google.net.webchannel.server.v8.ForwardChannel.deliverMessage(ForwardChannel.java:115)
	at com.google.net.webchannel.server.v8.ForwardChannel.processPendingRequest(ForwardChannel.java:94)
	at com.google.net.webchannel.server.v8.ForwardChannel.consume(ForwardChannel.java:68)
	at com.google.net.webchannel.server.v8.ForwardChannel.add(ForwardChannel.java:61)
	at com.google.net.webchannel.server.v8.ChannelInternalImpl.handleRequestBody(ChannelInternalImpl.java:290)
	at com.google.net.webchannel.server.v8.ChannelInternalImpl.processSessionRequest(ChannelInternalImpl.java:357)
	at com.google.net.webchannel.server.v8.ChannelInternalImpl.handle(ChannelInternalImpl.java:172)
	at com.google.net.webchannel.server.v8.ChannelInternalImpl.consume(ChannelInternalImpl.java:91)
	at com.google.net.webchannel.server.common.ChannelProcessor.run(ChannelProcessor.java:85)

Aug 08, 2026 4:51:37 PM io.gapi.emulators.netty.HttpVersionRoutingHandler channelRead
INFO: Detected non-HTTP/2 connection.
Aug 08, 2026 4:51:37 PM com.google.cloud.datastore.emulator.firestore.webchannel.FirestoreV1WebChannelAdapter$FirestoreWriteHandler onClose
INFO: channel closed
Aug 08, 2026 4:51:52 PM io.gapi.emulators.netty.HttpVersionRoutingHandler channelRead
INFO: Detected non-HTTP/2 connection.
Aug 08, 2026 4:51:52 PM io.gapi.emulators.netty.HttpVersionRoutingHandler channelRead
INFO: Detected non-HTTP/2 connection.
Aug 08, 2026 4:51:52 PM io.gapi.emulators.netty.HttpVersionRoutingHandler channelRead
INFO: Detected non-HTTP/2 connection.
Aug 08, 2026 4:51:52 PM io.gapi.emulators.netty.HttpVersionRoutingHandler channelRead
INFO: Detected non-HTTP/2 connection.
Aug 08, 2026 4:51:52 PM io.gapi.emulators.netty.HttpVersionRoutingHandler channelRead
INFO: Detected non-HTTP/2 connection.
Aug 08, 2026 4:51:52 PM io.gapi.emulators.netty.HttpVersionRoutingHandler channelRead
INFO: Detected non-HTTP/2 connection.
Aug 08, 2026 4:51:53 PM io.gapi.emulators.netty.HttpVersionRoutingHandler channelRead
INFO: Detected non-HTTP/2 connection.
Aug 08, 2026 4:51:53 PM io.gapi.emulators.netty.HttpVersionRoutingHandler channelRead
INFO: Detected non-HTTP/2 connection.
Aug 08, 2026 4:51:53 PM com.google.cloud.datastore.emulator.impl.util.WrappedStreamObserver onError
WARNING: Operation failed: No matching allow statements
com.google.cloud.datastore.core.exception.DatastoreException: No matching allow statements
	at com.google.cloud.datastore.core.exception.DatastoreException$Builder.build(DatastoreException.java:152)
	at com.google.cloud.datastore.emulator.impl.rules.DefaultEmulatorRulesAuthorizer.verboseError(DefaultEmulatorRulesAuthorizer.java:349)
	at com.google.cloud.datastore.emulator.impl.rules.DefaultEmulatorRulesAuthorizer.withVerboseErrors(DefaultEmulatorRulesAuthorizer.java:326)
	at com.google.cloud.datastore.emulator.impl.rules.DefaultEmulatorRulesAuthorizer.checkCommit(DefaultEmulatorRulesAuthorizer.java:113)
	at com.google.cloud.datastore.emulator.impl.firestore.FirestoreEmulatorHelper.commitHelper(FirestoreEmulatorHelper.java:407)
	at com.google.cloud.datastore.emulator.impl.firestore.FirestoreEmulatorHelper.internalCommit(FirestoreEmulatorHelper.java:348)
	at com.google.cloud.datastore.emulator.impl.firestore.CloudFirestoreV1.internalCommit(CloudFirestoreV1.java:1336)
	at com.google.cloud.datastore.emulator.impl.firestore.CloudFirestoreV1.write(CloudFirestoreV1.java:1321)
	at com.google.cloud.datastore.emulator.impl.firestore.CloudFirestoreV1WriteStream.handleRequest(CloudFirestoreV1WriteStream.java:222)
	at com.google.cloud.datastore.emulator.impl.firestore.CloudFirestoreV1WriteStream.write(CloudFirestoreV1WriteStream.java:144)
	at com.google.cloud.datastore.emulator.impl.firestore.CloudFirestoreV1WriteStream.onNext(CloudFirestoreV1WriteStream.java:99)
	at com.google.cloud.datastore.emulator.impl.firestore.CloudFirestoreV1WriteStream.onNext(CloudFirestoreV1WriteStream.java:27)
	at com.google.cloud.datastore.emulator.firestore.webchannel.FirestoreV1WebChannelAdapter$FirestoreWriteHandler.onMessage(FirestoreV1WebChannelAdapter.java:160)
	at com.google.cloud.datastore.emulator.firestore.webchannel.FirestoreV1WebChannelAdapter$FirestoreWriteHandler.onMessage(FirestoreV1WebChannelAdapter.java:130)
	at com.google.net.webchannel.server.v8.ChannelInternalImpl.onMessage(ChannelInternalImpl.java:525)
	at com.google.net.webchannel.server.v8.ForwardChannel.deliverMessage(ForwardChannel.java:115)
	at com.google.net.webchannel.server.v8.ForwardChannel.processPendingRequest(ForwardChannel.java:94)
	at com.google.net.webchannel.server.v8.ForwardChannel.consume(ForwardChannel.java:68)
	at com.google.net.webchannel.server.v8.ForwardChannel.add(ForwardChannel.java:61)
	at com.google.net.webchannel.server.v8.ChannelInternalImpl.handleRequestBody(ChannelInternalImpl.java:290)
	at com.google.net.webchannel.server.v8.ChannelInternalImpl.processSessionRequest(ChannelInternalImpl.java:357)
	at com.google.net.webchannel.server.v8.ChannelInternalImpl.handle(ChannelInternalImpl.java:172)
	at com.google.net.webchannel.server.v8.ChannelInternalImpl.consume(ChannelInternalImpl.java:91)
	at com.google.net.webchannel.server.common.ChannelProcessor.run(ChannelProcessor.java:85)

Aug 08, 2026 4:51:53 PM io.gapi.emulators.netty.HttpVersionRoutingHandler channelRead
INFO: Detected non-HTTP/2 connection.
Aug 08, 2026 4:51:53 PM io.gapi.emulators.netty.HttpVersionRoutingHandler channelRead
INFO: Detected non-HTTP/2 connection.
Aug 08, 2026 4:51:53 PM com.google.cloud.datastore.emulator.firestore.webchannel.FirestoreV1WebChannelAdapter$FirestoreWriteHandler onClose
INFO: channel closed
Aug 08, 2026 4:51:54 PM io.gapi.emulators.netty.HttpVersionRoutingHandler channelRead
INFO: Detected non-HTTP/2 connection.
Aug 08, 2026 4:51:54 PM io.gapi.emulators.netty.HttpVersionRoutingHandler channelRead
INFO: Detected non-HTTP/2 connection.
Aug 08, 2026 4:51:54 PM com.google.cloud.datastore.emulator.firestore.webchannel.FirestoreV1WebChannelAdapter$FirestoreListenHandler onClose
INFO: channel closed
Aug 08, 2026 4:51:55 PM io.gapi.emulators.netty.HttpVersionRoutingHandler channelRead
INFO: Detected non-HTTP/2 connection.
Aug 08, 2026 4:51:55 PM io.gapi.emulators.netty.HttpVersionRoutingHandler channelRead
INFO: Detected non-HTTP/2 connection.
Aug 08, 2026 4:51:55 PM io.gapi.emulators.netty.HttpVersionRoutingHandler channelRead
INFO: Detected non-HTTP/2 connection.
Aug 08, 2026 4:51:55 PM io.gapi.emulators.netty.HttpVersionRoutingHandler channelRead
INFO: Detected non-HTTP/2 connection.
Aug 08, 2026 4:51:55 PM io.gapi.emulators.netty.HttpVersionRoutingHandler channelRead
INFO: Detected non-HTTP/2 connection.
Aug 08, 2026 4:51:55 PM io.gapi.emulators.netty.HttpVersionRoutingHandler channelRead
INFO: Detected non-HTTP/2 connection.
Aug 08, 2026 4:51:55 PM com.google.cloud.datastore.emulator.impl.util.WrappedStreamObserver onError
WARNING: Operation failed: No matching allow statements
com.google.cloud.datastore.core.exception.DatastoreException: No matching allow statements
	at com.google.cloud.datastore.core.exception.DatastoreException$Builder.build(DatastoreException.java:152)
	at com.google.cloud.datastore.emulator.impl.rules.DefaultEmulatorRulesAuthorizer.verboseError(DefaultEmulatorRulesAuthorizer.java:349)
	at com.google.cloud.datastore.emulator.impl.rules.DefaultEmulatorRulesAuthorizer.withVerboseErrors(DefaultEmulatorRulesAuthorizer.java:326)
	at com.google.cloud.datastore.emulator.impl.rules.DefaultEmulatorRulesAuthorizer.checkCommit(DefaultEmulatorRulesAuthorizer.java:113)
	at com.google.cloud.datastore.emulator.impl.firestore.FirestoreEmulatorHelper.commitHelper(FirestoreEmulatorHelper.java:407)
	at com.google.cloud.datastore.emulator.impl.firestore.FirestoreEmulatorHelper.internalCommit(FirestoreEmulatorHelper.java:348)
	at com.google.cloud.datastore.emulator.impl.firestore.CloudFirestoreV1.internalCommit(CloudFirestoreV1.java:1336)
	at com.google.cloud.datastore.emulator.impl.firestore.CloudFirestoreV1.write(CloudFirestoreV1.java:1321)
	at com.google.cloud.datastore.emulator.impl.firestore.CloudFirestoreV1WriteStream.handleRequest(CloudFirestoreV1WriteStream.java:222)
	at com.google.cloud.datastore.emulator.impl.firestore.CloudFirestoreV1WriteStream.write(CloudFirestoreV1WriteStream.java:144)
	at com.google.cloud.datastore.emulator.impl.firestore.CloudFirestoreV1WriteStream.onNext(CloudFirestoreV1WriteStream.java:99)
	at com.google.cloud.datastore.emulator.impl.firestore.CloudFirestoreV1WriteStream.onNext(CloudFirestoreV1WriteStream.java:27)
	at com.google.cloud.datastore.emulator.firestore.webchannel.FirestoreV1WebChannelAdapter$FirestoreWriteHandler.onMessage(FirestoreV1WebChannelAdapter.java:160)
	at com.google.cloud.datastore.emulator.firestore.webchannel.FirestoreV1WebChannelAdapter$FirestoreWriteHandler.onMessage(FirestoreV1WebChannelAdapter.java:130)
	at com.google.net.webchannel.server.v8.ChannelInternalImpl.onMessage(ChannelInternalImpl.java:525)
	at com.google.net.webchannel.server.v8.ForwardChannel.deliverMessage(ForwardChannel.java:115)
	at com.google.net.webchannel.server.v8.ForwardChannel.processPendingRequest(ForwardChannel.java:94)
	at com.google.net.webchannel.server.v8.ForwardChannel.consume(ForwardChannel.java:68)
	at com.google.net.webchannel.server.v8.ForwardChannel.add(ForwardChannel.java:61)
	at com.google.net.webchannel.server.v8.ChannelInternalImpl.handleRequestBody(ChannelInternalImpl.java:290)
	at com.google.net.webchannel.server.v8.ChannelInternalImpl.processSessionRequest(ChannelInternalImpl.java:357)
	at com.google.net.webchannel.server.v8.ChannelInternalImpl.handle(ChannelInternalImpl.java:172)
	at com.google.net.webchannel.server.v8.ChannelInternalImpl.consume(ChannelInternalImpl.java:91)
	at com.google.net.webchannel.server.common.ChannelProcessor.run(ChannelProcessor.java:85)

Aug 08, 2026 4:51:56 PM io.gapi.emulators.netty.HttpVersionRoutingHandler channelRead
INFO: Detected non-HTTP/2 connection.
Aug 08, 2026 4:51:56 PM io.gapi.emulators.netty.HttpVersionRoutingHandler channelRead
INFO: Detected non-HTTP/2 connection.
Aug 08, 2026 4:51:56 PM com.google.cloud.datastore.emulator.firestore.webchannel.FirestoreV1WebChannelAdapter$FirestoreWriteHandler onClose
INFO: channel closed
Aug 08, 2026 4:52:25 PM io.gapi.emulators.netty.HttpVersionRoutingHandler channelRead
INFO: Detected non-HTTP/2 connection.
Aug 08, 2026 4:52:42 PM io.gapi.emulators.netty.HttpVersionRoutingHandler channelRead
INFO: Detected non-HTTP/2 connection.
Aug 08, 2026 4:52:53 PM io.gapi.emulators.netty.HttpVersionRoutingHandler channelRead
INFO: Detected non-HTTP/2 connection.
Aug 08, 2026 4:52:56 PM io.gapi.emulators.netty.HttpVersionRoutingHandler channelRead
INFO: Detected non-HTTP/2 connection.
Aug 08, 2026 4:52:56 PM com.google.cloud.datastore.emulator.firestore.webchannel.FirestoreV1WebChannelAdapter$FirestoreListenHandler onClose
INFO: channel closed
Aug 08, 2026 4:53:25 PM io.gapi.emulators.netty.HttpVersionRoutingHandler channelRead
INFO: Detected non-HTTP/2 connection.
Aug 08, 2026 4:53:39 PM io.gapi.emulators.netty.HttpVersionRoutingHandler channelRead
INFO: Detected non-HTTP/2 connection.
Aug 08, 2026 4:54:26 PM io.gapi.emulators.netty.HttpVersionRoutingHandler channelRead
INFO: Detected non-HTTP/2 connection.
Aug 08, 2026 4:54:39 PM io.gapi.emulators.netty.HttpVersionRoutingHandler channelRead
INFO: Detected non-HTTP/2 connection.
Aug 08, 2026 4:55:26 PM io.gapi.emulators.netty.HttpVersionRoutingHandler channelRead
INFO: Detected non-HTTP/2 connection.
Aug 08, 2026 4:55:39 PM io.gapi.emulators.netty.HttpVersionRoutingHandler channelRead
INFO: Detected non-HTTP/2 connection.
Aug 08, 2026 4:56:26 PM io.gapi.emulators.netty.HttpVersionRoutingHandler channelRead
INFO: Detected non-HTTP/2 connection.
Aug 08, 2026 4:56:40 PM io.gapi.emulators.netty.HttpVersionRoutingHandler channelRead
INFO: Detected non-HTTP/2 connection.
Aug 08, 2026 4:57:27 PM io.gapi.emulators.netty.HttpVersionRoutingHandler channelRead
INFO: Detected non-HTTP/2 connection.
Aug 08, 2026 4:57:56 PM io.gapi.emulators.netty.HttpVersionRoutingHandler channelRead
INFO: Detected non-HTTP/2 connection.
Aug 08, 2026 4:58:13 PM io.gapi.emulators.netty.HttpVersionRoutingHandler channelRead
INFO: Detected non-HTTP/2 connection.
Aug 08, 2026 4:58:56 PM io.gapi.emulators.netty.HttpVersionRoutingHandler channelRead
INFO: Detected non-HTTP/2 connection.
Aug 08, 2026 4:59:13 PM io.gapi.emulators.netty.HttpVersionRoutingHandler channelRead
INFO: Detected non-HTTP/2 connection.
Aug 08, 2026 4:59:56 PM io.gapi.emulators.netty.HttpVersionRoutingHandler channelRead
INFO: Detected non-HTTP/2 connection.
Aug 08, 2026 5:00:13 PM io.gapi.emulators.netty.HttpVersionRoutingHandler channelRead
INFO: Detected non-HTTP/2 connection.
Aug 08, 2026 5:00:57 PM io.gapi.emulators.netty.HttpVersionRoutingHandler channelRead
INFO: Detected non-HTTP/2 connection.
Aug 08, 2026 5:00:59 PM io.gapi.emulators.netty.HttpVersionRoutingHandler channelRead
INFO: Detected non-HTTP/2 connection.
Aug 08, 2026 5:01:57 PM io.gapi.emulators.netty.HttpVersionRoutingHandler channelRead
INFO: Detected non-HTTP/2 connection.
Aug 08, 2026 5:01:59 PM io.gapi.emulators.netty.HttpVersionRoutingHandler channelRead
INFO: Detected non-HTTP/2 connection.
Aug 08, 2026 5:02:58 PM io.gapi.emulators.netty.HttpVersionRoutingHandler channelRead
INFO: Detected non-HTTP/2 connection.
Aug 08, 2026 5:02:59 PM io.gapi.emulators.netty.HttpVersionRoutingHandler channelRead
INFO: Detected non-HTTP/2 connection.
Aug 08, 2026 5:03:58 PM io.gapi.emulators.netty.HttpVersionRoutingHandler channelRead
INFO: Detected non-HTTP/2 connection.
Aug 08, 2026 5:04:00 PM io.gapi.emulators.netty.HttpVersionRoutingHandler channelRead
INFO: Detected non-HTTP/2 connection.
Aug 08, 2026 5:04:58 PM io.gapi.emulators.netty.HttpVersionRoutingHandler channelRead
INFO: Detected non-HTTP/2 connection.
Aug 08, 2026 5:05:00 PM io.gapi.emulators.netty.HttpVersionRoutingHandler channelRead
INFO: Detected non-HTTP/2 connection.
Aug 08, 2026 5:05:59 PM io.gapi.emulators.netty.HttpVersionRoutingHandler channelRead
INFO: Detected non-HTTP/2 connection.
Aug 08, 2026 5:06:00 PM io.gapi.emulators.netty.HttpVersionRoutingHandler channelRead
INFO: Detected non-HTTP/2 connection.
Aug 08, 2026 5:06:56 PM io.gapi.emulators.netty.HttpVersionRoutingHandler channelRead
INFO: Detected non-HTTP/2 connection.
Aug 08, 2026 5:06:56 PM io.gapi.emulators.netty.HttpVersionRoutingHandler channelRead
INFO: Detected non-HTTP/2 connection.
Aug 08, 2026 5:06:56 PM io.gapi.emulators.netty.HttpVersionRoutingHandler channelRead
INFO: Detected non-HTTP/2 connection.
Aug 08, 2026 5:06:57 PM io.gapi.emulators.netty.HttpVersionRoutingHandler channelRead
INFO: Detected non-HTTP/2 connection.
Aug 08, 2026 5:06:57 PM com.google.cloud.datastore.emulator.firestore.webchannel.FirestoreV1WebChannelAdapter$FirestoreListenHandler onClose
INFO: channel closed
Aug 08, 2026 5:06:59 PM io.gapi.emulators.netty.HttpVersionRoutingHandler channelRead
INFO: Detected non-HTTP/2 connection.
Aug 08, 2026 5:07:01 PM io.gapi.emulators.netty.HttpVersionRoutingHandler channelRead
INFO: Detected non-HTTP/2 connection.
Aug 08, 2026 5:07:59 PM io.gapi.emulators.netty.HttpVersionRoutingHandler channelRead
INFO: Detected non-HTTP/2 connection.
Aug 08, 2026 5:08:01 PM io.gapi.emulators.netty.HttpVersionRoutingHandler channelRead
INFO: Detected non-HTTP/2 connection.
Aug 08, 2026 5:09:00 PM io.gapi.emulators.netty.HttpVersionRoutingHandler channelRead
INFO: Detected non-HTTP/2 connection.
Aug 08, 2026 5:09:01 PM io.gapi.emulators.netty.HttpVersionRoutingHandler channelRead
INFO: Detected non-HTTP/2 connection.
Aug 08, 2026 5:10:00 PM io.gapi.emulators.netty.HttpVersionRoutingHandler channelRead
INFO: Detected non-HTTP/2 connection.
Aug 08, 2026 5:10:02 PM io.gapi.emulators.netty.HttpVersionRoutingHandler channelRead
INFO: Detected non-HTTP/2 connection.
Aug 08, 2026 5:11:00 PM io.gapi.emulators.netty.HttpVersionRoutingHandler channelRead
INFO: Detected non-HTTP/2 connection.
Aug 08, 2026 5:11:18 PM io.gapi.emulators.netty.HttpVersionRoutingHandler channelRead
INFO: Detected non-HTTP/2 connection.
Aug 08, 2026 5:12:01 PM io.gapi.emulators.netty.HttpVersionRoutingHandler channelRead
INFO: Detected non-HTTP/2 connection.
Aug 08, 2026 5:12:04 PM io.gapi.emulators.netty.HttpVersionRoutingHandler channelRead
INFO: Detected non-HTTP/2 connection.
Aug 08, 2026 5:12:04 PM io.gapi.emulators.netty.HttpVersionRoutingHandler channelRead
INFO: Detected non-HTTP/2 connection.
Aug 08, 2026 5:12:04 PM io.gapi.emulators.netty.HttpVersionRoutingHandler channelRead
INFO: Detected non-HTTP/2 connection.
Aug 08, 2026 5:12:04 PM io.gapi.emulators.netty.HttpVersionRoutingHandler channelRead
INFO: Detected non-HTTP/2 connection.
Aug 08, 2026 5:12:04 PM io.gapi.emulators.netty.HttpVersionRoutingHandler channelRead
INFO: Detected non-HTTP/2 connection.
Aug 08, 2026 5:13:04 PM io.gapi.emulators.netty.HttpVersionRoutingHandler channelRead
INFO: Detected non-HTTP/2 connection.
Aug 08, 2026 5:13:04 PM io.gapi.emulators.netty.HttpVersionRoutingHandler channelRead
INFO: Detected non-HTTP/2 connection.
Aug 08, 2026 5:13:27 PM io.gapi.emulators.netty.HttpVersionRoutingHandler channelRead
INFO: Detected non-HTTP/2 connection.
Aug 08, 2026 5:13:28 PM io.gapi.emulators.netty.HttpVersionRoutingHandler channelRead
INFO: Detected non-HTTP/2 connection.
Aug 08, 2026 5:13:28 PM io.gapi.emulators.netty.HttpVersionRoutingHandler channelRead
INFO: Detected non-HTTP/2 connection.
Aug 08, 2026 5:13:28 PM io.gapi.emulators.netty.HttpVersionRoutingHandler channelRead
INFO: Detected non-HTTP/2 connection.
Aug 08, 2026 5:13:58 PM io.gapi.emulators.netty.HttpVersionRoutingHandler channelRead
INFO: Detected non-HTTP/2 connection.
Aug 08, 2026 5:13:58 PM io.gapi.emulators.netty.HttpVersionRoutingHandler channelRead
INFO: Detected non-HTTP/2 connection.
Aug 08, 2026 5:14:09 PM io.gapi.emulators.netty.HttpVersionRoutingHandler channelRead
INFO: Detected non-HTTP/2 connection.
Aug 08, 2026 5:14:09 PM io.gapi.emulators.netty.HttpVersionRoutingHandler channelRead
INFO: Detected non-HTTP/2 connection.
Aug 08, 2026 5:14:09 PM io.gapi.emulators.netty.HttpVersionRoutingHandler channelRead
INFO: Detected non-HTTP/2 connection.
Aug 08, 2026 5:14:09 PM io.gapi.emulators.netty.HttpVersionRoutingHandler channelRead
INFO: Detected non-HTTP/2 connection.
Aug 08, 2026 5:14:09 PM io.gapi.emulators.netty.HttpVersionRoutingHandler channelRead
INFO: Detected non-HTTP/2 connection.
Aug 08, 2026 5:14:09 PM io.gapi.emulators.netty.HttpVersionRoutingHandler channelRead
INFO: Detected non-HTTP/2 connection.
Aug 08, 2026 5:14:10 PM io.gapi.emulators.netty.HttpVersionRoutingHandler channelRead
INFO: Detected non-HTTP/2 connection.
Aug 08, 2026 5:14:10 PM com.google.cloud.datastore.emulator.impl.util.WrappedStreamObserver onError
WARNING: Operation failed: No matching allow statements
com.google.cloud.datastore.core.exception.DatastoreException: No matching allow statements
	at com.google.cloud.datastore.core.exception.DatastoreException$Builder.build(DatastoreException.java:152)
	at com.google.cloud.datastore.emulator.impl.rules.DefaultEmulatorRulesAuthorizer.verboseError(DefaultEmulatorRulesAuthorizer.java:349)
	at com.google.cloud.datastore.emulator.impl.rules.DefaultEmulatorRulesAuthorizer.withVerboseErrors(DefaultEmulatorRulesAuthorizer.java:326)
	at com.google.cloud.datastore.emulator.impl.rules.DefaultEmulatorRulesAuthorizer.checkCommit(DefaultEmulatorRulesAuthorizer.java:113)
	at com.google.cloud.datastore.emulator.impl.firestore.FirestoreEmulatorHelper.commitHelper(FirestoreEmulatorHelper.java:407)
	at com.google.cloud.datastore.emulator.impl.firestore.FirestoreEmulatorHelper.internalCommit(FirestoreEmulatorHelper.java:348)
	at com.google.cloud.datastore.emulator.impl.firestore.CloudFirestoreV1.internalCommit(CloudFirestoreV1.java:1336)
	at com.google.cloud.datastore.emulator.impl.firestore.CloudFirestoreV1.write(CloudFirestoreV1.java:1321)
	at com.google.cloud.datastore.emulator.impl.firestore.CloudFirestoreV1WriteStream.handleRequest(CloudFirestoreV1WriteStream.java:222)
	at com.google.cloud.datastore.emulator.impl.firestore.CloudFirestoreV1WriteStream.write(CloudFirestoreV1WriteStream.java:144)
	at com.google.cloud.datastore.emulator.impl.firestore.CloudFirestoreV1WriteStream.onNext(CloudFirestoreV1WriteStream.java:99)
	at com.google.cloud.datastore.emulator.impl.firestore.CloudFirestoreV1WriteStream.onNext(CloudFirestoreV1WriteStream.java:27)
	at com.google.cloud.datastore.emulator.firestore.webchannel.FirestoreV1WebChannelAdapter$FirestoreWriteHandler.onMessage(FirestoreV1WebChannelAdapter.java:160)
	at com.google.cloud.datastore.emulator.firestore.webchannel.FirestoreV1WebChannelAdapter$FirestoreWriteHandler.onMessage(FirestoreV1WebChannelAdapter.java:130)
	at com.google.net.webchannel.server.v8.ChannelInternalImpl.onMessage(ChannelInternalImpl.java:525)
	at com.google.net.webchannel.server.v8.ForwardChannel.deliverMessage(ForwardChannel.java:115)
	at com.google.net.webchannel.server.v8.ForwardChannel.processPendingRequest(ForwardChannel.java:94)
	at com.google.net.webchannel.server.v8.ForwardChannel.consume(ForwardChannel.java:68)
	at com.google.net.webchannel.server.v8.ForwardChannel.add(ForwardChannel.java:61)
	at com.google.net.webchannel.server.v8.ChannelInternalImpl.handleRequestBody(ChannelInternalImpl.java:290)
	at com.google.net.webchannel.server.v8.ChannelInternalImpl.processSessionRequest(ChannelInternalImpl.java:357)
	at com.google.net.webchannel.server.v8.ChannelInternalImpl.handle(ChannelInternalImpl.java:172)
	at com.google.net.webchannel.server.v8.ChannelInternalImpl.consume(ChannelInternalImpl.java:91)
	at com.google.net.webchannel.server.common.ChannelProcessor.run(ChannelProcessor.java:85)

Aug 08, 2026 5:14:10 PM io.gapi.emulators.netty.HttpVersionRoutingHandler channelRead
INFO: Detected non-HTTP/2 connection.
Aug 08, 2026 5:14:10 PM io.gapi.emulators.netty.HttpVersionRoutingHandler channelRead
INFO: Detected non-HTTP/2 connection.
Aug 08, 2026 5:14:10 PM com.google.cloud.datastore.emulator.firestore.webchannel.FirestoreV1WebChannelAdapter$FirestoreWriteHandler onClose
INFO: channel closed
Aug 08, 2026 5:14:10 PM io.gapi.emulators.netty.HttpVersionRoutingHandler channelRead
INFO: Detected non-HTTP/2 connection.
Aug 08, 2026 5:14:10 PM io.gapi.emulators.netty.HttpVersionRoutingHandler channelRead
INFO: Detected non-HTTP/2 connection.
Aug 08, 2026 5:14:10 PM com.google.cloud.datastore.emulator.firestore.webchannel.FirestoreV1WebChannelAdapter$FirestoreListenHandler onClose
INFO: channel closed
Aug 08, 2026 5:14:11 PM io.gapi.emulators.netty.HttpVersionRoutingHandler channelRead
INFO: Detected non-HTTP/2 connection.
Aug 08, 2026 5:14:11 PM io.gapi.emulators.netty.HttpVersionRoutingHandler channelRead
INFO: Detected non-HTTP/2 connection.
Aug 08, 2026 5:14:11 PM io.gapi.emulators.netty.HttpVersionRoutingHandler channelRead
INFO: Detected non-HTTP/2 connection.
Aug 08, 2026 5:14:11 PM io.gapi.emulators.netty.HttpVersionRoutingHandler channelRead
INFO: Detected non-HTTP/2 connection.
Aug 08, 2026 5:14:11 PM io.gapi.emulators.netty.HttpVersionRoutingHandler channelRead
INFO: Detected non-HTTP/2 connection.
Aug 08, 2026 5:14:11 PM com.google.cloud.datastore.emulator.impl.util.WrappedStreamObserver onError
WARNING: Operation failed: No matching allow statements
com.google.cloud.datastore.core.exception.DatastoreException: No matching allow statements
	at com.google.cloud.datastore.core.exception.DatastoreException$Builder.build(DatastoreException.java:152)
	at com.google.cloud.datastore.emulator.impl.rules.DefaultEmulatorRulesAuthorizer.verboseError(DefaultEmulatorRulesAuthorizer.java:349)
	at com.google.cloud.datastore.emulator.impl.rules.DefaultEmulatorRulesAuthorizer.withVerboseErrors(DefaultEmulatorRulesAuthorizer.java:326)
	at com.google.cloud.datastore.emulator.impl.rules.DefaultEmulatorRulesAuthorizer.checkCommit(DefaultEmulatorRulesAuthorizer.java:113)
	at com.google.cloud.datastore.emulator.impl.firestore.FirestoreEmulatorHelper.commitHelper(FirestoreEmulatorHelper.java:407)
	at com.google.cloud.datastore.emulator.impl.firestore.FirestoreEmulatorHelper.internalCommit(FirestoreEmulatorHelper.java:348)
	at com.google.cloud.datastore.emulator.impl.firestore.CloudFirestoreV1.internalCommit(CloudFirestoreV1.java:1336)
	at com.google.cloud.datastore.emulator.impl.firestore.CloudFirestoreV1.write(CloudFirestoreV1.java:1321)
	at com.google.cloud.datastore.emulator.impl.firestore.CloudFirestoreV1WriteStream.handleRequest(CloudFirestoreV1WriteStream.java:222)
	at com.google.cloud.datastore.emulator.impl.firestore.CloudFirestoreV1WriteStream.write(CloudFirestoreV1WriteStream.java:144)
	at com.google.cloud.datastore.emulator.impl.firestore.CloudFirestoreV1WriteStream.onNext(CloudFirestoreV1WriteStream.java:99)
	at com.google.cloud.datastore.emulator.impl.firestore.CloudFirestoreV1WriteStream.onNext(CloudFirestoreV1WriteStream.java:27)
	at com.google.cloud.datastore.emulator.firestore.webchannel.FirestoreV1WebChannelAdapter$FirestoreWriteHandler.onMessage(FirestoreV1WebChannelAdapter.java:160)
	at com.google.cloud.datastore.emulator.firestore.webchannel.FirestoreV1WebChannelAdapter$FirestoreWriteHandler.onMessage(FirestoreV1WebChannelAdapter.java:130)
	at com.google.net.webchannel.server.v8.ChannelInternalImpl.onMessage(ChannelInternalImpl.java:525)
	at com.google.net.webchannel.server.v8.ForwardChannel.deliverMessage(ForwardChannel.java:115)
	at com.google.net.webchannel.server.v8.ForwardChannel.processPendingRequest(ForwardChannel.java:94)
	at com.google.net.webchannel.server.v8.ForwardChannel.consume(ForwardChannel.java:68)
	at com.google.net.webchannel.server.v8.ForwardChannel.add(ForwardChannel.java:61)
	at com.google.net.webchannel.server.v8.ChannelInternalImpl.handleRequestBody(ChannelInternalImpl.java:290)
	at com.google.net.webchannel.server.v8.ChannelInternalImpl.processSessionRequest(ChannelInternalImpl.java:357)
	at com.google.net.webchannel.server.v8.ChannelInternalImpl.handle(ChannelInternalImpl.java:172)
	at com.google.net.webchannel.server.v8.ChannelInternalImpl.consume(ChannelInternalImpl.java:91)
	at com.google.net.webchannel.server.common.ChannelProcessor.run(ChannelProcessor.java:85)

Aug 08, 2026 5:14:12 PM io.gapi.emulators.netty.HttpVersionRoutingHandler channelRead
INFO: Detected non-HTTP/2 connection.
Aug 08, 2026 5:14:12 PM com.google.cloud.datastore.emulator.firestore.webchannel.FirestoreV1WebChannelAdapter$FirestoreWriteHandler onClose
INFO: channel closed
Aug 08, 2026 5:14:17 PM io.gapi.emulators.netty.HttpVersionRoutingHandler channelRead
INFO: Detected non-HTTP/2 connection.
Aug 08, 2026 5:14:17 PM io.gapi.emulators.netty.HttpVersionRoutingHandler channelRead
INFO: Detected non-HTTP/2 connection.
Aug 08, 2026 5:14:17 PM io.gapi.emulators.netty.HttpVersionRoutingHandler channelRead
INFO: Detected non-HTTP/2 connection.
Aug 08, 2026 5:14:17 PM io.gapi.emulators.netty.HttpVersionRoutingHandler channelRead
INFO: Detected non-HTTP/2 connection.
Aug 08, 2026 5:14:17 PM io.gapi.emulators.netty.HttpVersionRoutingHandler channelRead
INFO: Detected non-HTTP/2 connection.
Aug 08, 2026 5:14:18 PM io.gapi.emulators.netty.HttpVersionRoutingHandler channelRead
INFO: Detected non-HTTP/2 connection.
Aug 08, 2026 5:14:18 PM io.gapi.emulators.netty.HttpVersionRoutingHandler channelRead
INFO: Detected non-HTTP/2 connection.
Aug 08, 2026 5:14:18 PM com.google.cloud.datastore.emulator.impl.util.WrappedStreamObserver onError
WARNING: Operation failed: No matching allow statements
com.google.cloud.datastore.core.exception.DatastoreException: No matching allow statements
	at com.google.cloud.datastore.core.exception.DatastoreException$Builder.build(DatastoreException.java:152)
	at com.google.cloud.datastore.emulator.impl.rules.DefaultEmulatorRulesAuthorizer.verboseError(DefaultEmulatorRulesAuthorizer.java:349)
	at com.google.cloud.datastore.emulator.impl.rules.DefaultEmulatorRulesAuthorizer.withVerboseErrors(DefaultEmulatorRulesAuthorizer.java:326)
	at com.google.cloud.datastore.emulator.impl.rules.DefaultEmulatorRulesAuthorizer.checkCommit(DefaultEmulatorRulesAuthorizer.java:113)
	at com.google.cloud.datastore.emulator.impl.firestore.FirestoreEmulatorHelper.commitHelper(FirestoreEmulatorHelper.java:407)
	at com.google.cloud.datastore.emulator.impl.firestore.FirestoreEmulatorHelper.internalCommit(FirestoreEmulatorHelper.java:348)
	at com.google.cloud.datastore.emulator.impl.firestore.CloudFirestoreV1.internalCommit(CloudFirestoreV1.java:1336)
	at com.google.cloud.datastore.emulator.impl.firestore.CloudFirestoreV1.write(CloudFirestoreV1.java:1321)
	at com.google.cloud.datastore.emulator.impl.firestore.CloudFirestoreV1WriteStream.handleRequest(CloudFirestoreV1WriteStream.java:222)
	at com.google.cloud.datastore.emulator.impl.firestore.CloudFirestoreV1WriteStream.write(CloudFirestoreV1WriteStream.java:144)
	at com.google.cloud.datastore.emulator.impl.firestore.CloudFirestoreV1WriteStream.onNext(CloudFirestoreV1WriteStream.java:99)
	at com.google.cloud.datastore.emulator.impl.firestore.CloudFirestoreV1WriteStream.onNext(CloudFirestoreV1WriteStream.java:27)
	at com.google.cloud.datastore.emulator.firestore.webchannel.FirestoreV1WebChannelAdapter$FirestoreWriteHandler.onMessage(FirestoreV1WebChannelAdapter.java:160)
	at com.google.cloud.datastore.emulator.firestore.webchannel.FirestoreV1WebChannelAdapter$FirestoreWriteHandler.onMessage(FirestoreV1WebChannelAdapter.java:130)
	at com.google.net.webchannel.server.v8.ChannelInternalImpl.onMessage(ChannelInternalImpl.java:525)
	at com.google.net.webchannel.server.v8.ForwardChannel.deliverMessage(ForwardChannel.java:115)
	at com.google.net.webchannel.server.v8.ForwardChannel.processPendingRequest(ForwardChannel.java:94)
	at com.google.net.webchannel.server.v8.ForwardChannel.consume(ForwardChannel.java:68)
	at com.google.net.webchannel.server.v8.ForwardChannel.add(ForwardChannel.java:61)
	at com.google.net.webchannel.server.v8.ChannelInternalImpl.handleRequestBody(ChannelInternalImpl.java:290)
	at com.google.net.webchannel.server.v8.ChannelInternalImpl.processSessionRequest(ChannelInternalImpl.java:357)
	at com.google.net.webchannel.server.v8.ChannelInternalImpl.handle(ChannelInternalImpl.java:172)
	at com.google.net.webchannel.server.v8.ChannelInternalImpl.consume(ChannelInternalImpl.java:91)
	at com.google.net.webchannel.server.common.ChannelProcessor.run(ChannelProcessor.java:85)

Aug 08, 2026 5:14:18 PM io.gapi.emulators.netty.HttpVersionRoutingHandler channelRead
INFO: Detected non-HTTP/2 connection.
Aug 08, 2026 5:14:18 PM io.gapi.emulators.netty.HttpVersionRoutingHandler channelRead
INFO: Detected non-HTTP/2 connection.
Aug 08, 2026 5:14:18 PM com.google.cloud.datastore.emulator.firestore.webchannel.FirestoreV1WebChannelAdapter$FirestoreWriteHandler onClose
INFO: channel closed
Aug 08, 2026 5:14:19 PM io.gapi.emulators.netty.HttpVersionRoutingHandler channelRead
INFO: Detected non-HTTP/2 connection.
Aug 08, 2026 5:14:19 PM io.gapi.emulators.netty.HttpVersionRoutingHandler channelRead
INFO: Detected non-HTTP/2 connection.
Aug 08, 2026 5:14:19 PM io.gapi.emulators.netty.HttpVersionRoutingHandler channelRead
INFO: Detected non-HTTP/2 connection.
Aug 08, 2026 5:14:19 PM io.gapi.emulators.netty.HttpVersionRoutingHandler channelRead
INFO: Detected non-HTTP/2 connection.
Aug 08, 2026 5:14:19 PM com.google.cloud.datastore.emulator.firestore.webchannel.FirestoreV1WebChannelAdapter$FirestoreListenHandler onClose
INFO: channel closed
Aug 08, 2026 5:14:20 PM io.gapi.emulators.netty.HttpVersionRoutingHandler channelRead
INFO: Detected non-HTTP/2 connection.
Aug 08, 2026 5:14:20 PM io.gapi.emulators.netty.HttpVersionRoutingHandler channelRead
INFO: Detected non-HTTP/2 connection.
Aug 08, 2026 5:14:20 PM io.gapi.emulators.netty.HttpVersionRoutingHandler channelRead
INFO: Detected non-HTTP/2 connection.
Aug 08, 2026 5:14:20 PM io.gapi.emulators.netty.HttpVersionRoutingHandler channelRead
INFO: Detected non-HTTP/2 connection.
Aug 08, 2026 5:14:20 PM io.gapi.emulators.netty.HttpVersionRoutingHandler channelRead
INFO: Detected non-HTTP/2 connection.
Aug 08, 2026 5:14:20 PM io.gapi.emulators.netty.HttpVersionRoutingHandler channelRead
INFO: Detected non-HTTP/2 connection.
Aug 08, 2026 5:14:20 PM io.gapi.emulators.netty.HttpVersionRoutingHandler channelRead
INFO: Detected non-HTTP/2 connection.
Aug 08, 2026 5:14:20 PM com.google.cloud.datastore.emulator.firestore.webchannel.FirestoreV1WebChannelAdapter$FirestoreListenHandler onClose
INFO: channel closed
Aug 08, 2026 5:14:20 PM com.google.cloud.datastore.emulator.impl.util.WrappedStreamObserver onError
WARNING: Operation failed: No matching allow statements
com.google.cloud.datastore.core.exception.DatastoreException: No matching allow statements
	at com.google.cloud.datastore.core.exception.DatastoreException$Builder.build(DatastoreException.java:152)
	at com.google.cloud.datastore.emulator.impl.rules.DefaultEmulatorRulesAuthorizer.verboseError(DefaultEmulatorRulesAuthorizer.java:349)
	at com.google.cloud.datastore.emulator.impl.rules.DefaultEmulatorRulesAuthorizer.withVerboseErrors(DefaultEmulatorRulesAuthorizer.java:326)
	at com.google.cloud.datastore.emulator.impl.rules.DefaultEmulatorRulesAuthorizer.checkCommit(DefaultEmulatorRulesAuthorizer.java:113)
	at com.google.cloud.datastore.emulator.impl.firestore.FirestoreEmulatorHelper.commitHelper(FirestoreEmulatorHelper.java:407)
	at com.google.cloud.datastore.emulator.impl.firestore.FirestoreEmulatorHelper.internalCommit(FirestoreEmulatorHelper.java:348)
	at com.google.cloud.datastore.emulator.impl.firestore.CloudFirestoreV1.internalCommit(CloudFirestoreV1.java:1336)
	at com.google.cloud.datastore.emulator.impl.firestore.CloudFirestoreV1.write(CloudFirestoreV1.java:1321)
	at com.google.cloud.datastore.emulator.impl.firestore.CloudFirestoreV1WriteStream.handleRequest(CloudFirestoreV1WriteStream.java:222)
	at com.google.cloud.datastore.emulator.impl.firestore.CloudFirestoreV1WriteStream.write(CloudFirestoreV1WriteStream.java:144)
	at com.google.cloud.datastore.emulator.impl.firestore.CloudFirestoreV1WriteStream.onNext(CloudFirestoreV1WriteStream.java:99)
	at com.google.cloud.datastore.emulator.impl.firestore.CloudFirestoreV1WriteStream.onNext(CloudFirestoreV1WriteStream.java:27)
	at com.google.cloud.datastore.emulator.firestore.webchannel.FirestoreV1WebChannelAdapter$FirestoreWriteHandler.onMessage(FirestoreV1WebChannelAdapter.java:160)
	at com.google.cloud.datastore.emulator.firestore.webchannel.FirestoreV1WebChannelAdapter$FirestoreWriteHandler.onMessage(FirestoreV1WebChannelAdapter.java:130)
	at com.google.net.webchannel.server.v8.ChannelInternalImpl.onMessage(ChannelInternalImpl.java:525)
	at com.google.net.webchannel.server.v8.ForwardChannel.deliverMessage(ForwardChannel.java:115)
	at com.google.net.webchannel.server.v8.ForwardChannel.processPendingRequest(ForwardChannel.java:94)
	at com.google.net.webchannel.server.v8.ForwardChannel.consume(ForwardChannel.java:68)
	at com.google.net.webchannel.server.v8.ForwardChannel.add(ForwardChannel.java:61)
	at com.google.net.webchannel.server.v8.ChannelInternalImpl.handleRequestBody(ChannelInternalImpl.java:290)
	at com.google.net.webchannel.server.v8.ChannelInternalImpl.processSessionRequest(ChannelInternalImpl.java:357)
	at com.google.net.webchannel.server.v8.ChannelInternalImpl.handle(ChannelInternalImpl.java:172)
	at com.google.net.webchannel.server.v8.ChannelInternalImpl.consume(ChannelInternalImpl.java:91)
	at com.google.net.webchannel.server.common.ChannelProcessor.run(ChannelProcessor.java:85)

Aug 08, 2026 5:14:20 PM io.gapi.emulators.netty.HttpVersionRoutingHandler channelRead
INFO: Detected non-HTTP/2 connection.
Aug 08, 2026 5:14:20 PM io.gapi.emulators.netty.HttpVersionRoutingHandler channelRead
INFO: Detected non-HTTP/2 connection.
Aug 08, 2026 5:14:20 PM com.google.cloud.datastore.emulator.firestore.webchannel.FirestoreV1WebChannelAdapter$FirestoreListenHandler onClose
INFO: channel closed
Aug 08, 2026 5:14:20 PM com.google.cloud.datastore.emulator.firestore.webchannel.FirestoreV1WebChannelAdapter$FirestoreWriteHandler onClose
INFO: channel closed
Aug 08, 2026 5:14:22 PM io.gapi.emulators.netty.HttpVersionRoutingHandler channelRead
INFO: Detected non-HTTP/2 connection.
Aug 08, 2026 5:14:22 PM io.gapi.emulators.netty.HttpVersionRoutingHandler channelRead
INFO: Detected non-HTTP/2 connection.
Aug 08, 2026 5:14:22 PM io.gapi.emulators.netty.HttpVersionRoutingHandler channelRead
INFO: Detected non-HTTP/2 connection.
Aug 08, 2026 5:14:22 PM com.google.cloud.datastore.emulator.impl.util.WrappedStreamObserver onError
WARNING: Operation failed: No matching allow statements
com.google.cloud.datastore.core.exception.DatastoreException: No matching allow statements
	at com.google.cloud.datastore.core.exception.DatastoreException$Builder.build(DatastoreException.java:152)
	at com.google.cloud.datastore.emulator.impl.rules.DefaultEmulatorRulesAuthorizer.verboseError(DefaultEmulatorRulesAuthorizer.java:349)
	at com.google.cloud.datastore.emulator.impl.rules.DefaultEmulatorRulesAuthorizer.withVerboseErrors(DefaultEmulatorRulesAuthorizer.java:326)
	at com.google.cloud.datastore.emulator.impl.rules.DefaultEmulatorRulesAuthorizer.checkCommit(DefaultEmulatorRulesAuthorizer.java:113)
	at com.google.cloud.datastore.emulator.impl.firestore.FirestoreEmulatorHelper.commitHelper(FirestoreEmulatorHelper.java:407)
	at com.google.cloud.datastore.emulator.impl.firestore.FirestoreEmulatorHelper.internalCommit(FirestoreEmulatorHelper.java:348)
	at com.google.cloud.datastore.emulator.impl.firestore.CloudFirestoreV1.internalCommit(CloudFirestoreV1.java:1336)
	at com.google.cloud.datastore.emulator.impl.firestore.CloudFirestoreV1.write(CloudFirestoreV1.java:1321)
	at com.google.cloud.datastore.emulator.impl.firestore.CloudFirestoreV1WriteStream.handleRequest(CloudFirestoreV1WriteStream.java:222)
	at com.google.cloud.datastore.emulator.impl.firestore.CloudFirestoreV1WriteStream.write(CloudFirestoreV1WriteStream.java:144)
	at com.google.cloud.datastore.emulator.impl.firestore.CloudFirestoreV1WriteStream.onNext(CloudFirestoreV1WriteStream.java:99)
	at com.google.cloud.datastore.emulator.impl.firestore.CloudFirestoreV1WriteStream.onNext(CloudFirestoreV1WriteStream.java:27)
	at com.google.cloud.datastore.emulator.firestore.webchannel.FirestoreV1WebChannelAdapter$FirestoreWriteHandler.onMessage(FirestoreV1WebChannelAdapter.java:160)
	at com.google.cloud.datastore.emulator.firestore.webchannel.FirestoreV1WebChannelAdapter$FirestoreWriteHandler.onMessage(FirestoreV1WebChannelAdapter.java:130)
	at com.google.net.webchannel.server.v8.ChannelInternalImpl.onMessage(ChannelInternalImpl.java:525)
	at com.google.net.webchannel.server.v8.ForwardChannel.deliverMessage(ForwardChannel.java:115)
	at com.google.net.webchannel.server.v8.ForwardChannel.processPendingRequest(ForwardChannel.java:94)
	at com.google.net.webchannel.server.v8.ForwardChannel.consume(ForwardChannel.java:68)
	at com.google.net.webchannel.server.v8.ForwardChannel.add(ForwardChannel.java:61)
	at com.google.net.webchannel.server.v8.ChannelInternalImpl.handleRequestBody(ChannelInternalImpl.java:290)
	at com.google.net.webchannel.server.v8.ChannelInternalImpl.processSessionRequest(ChannelInternalImpl.java:357)
	at com.google.net.webchannel.server.v8.ChannelInternalImpl.handle(ChannelInternalImpl.java:172)
	at com.google.net.webchannel.server.v8.ChannelInternalImpl.consume(ChannelInternalImpl.java:91)
	at com.google.net.webchannel.server.common.ChannelProcessor.run(ChannelProcessor.java:85)

Aug 08, 2026 5:14:23 PM io.gapi.emulators.netty.HttpVersionRoutingHandler channelRead
INFO: Detected non-HTTP/2 connection.
Aug 08, 2026 5:14:23 PM io.gapi.emulators.netty.HttpVersionRoutingHandler channelRead
INFO: Detected non-HTTP/2 connection.
Aug 08, 2026 5:14:23 PM io.gapi.emulators.netty.HttpVersionRoutingHandler channelRead
INFO: Detected non-HTTP/2 connection.
Aug 08, 2026 5:14:23 PM com.google.cloud.datastore.emulator.impl.util.WrappedStreamObserver onError
WARNING: Operation failed: 
false for 'create' @ L28
com.google.cloud.datastore.core.exception.DatastoreException: 
false for 'create' @ L28
	at com.google.cloud.datastore.core.exception.DatastoreException$Builder.build(DatastoreException.java:152)
	at com.google.cloud.datastore.emulator.impl.rules.DefaultEmulatorRulesAuthorizer.verboseError(DefaultEmulatorRulesAuthorizer.java:349)
	at com.google.cloud.datastore.emulator.impl.rules.DefaultEmulatorRulesAuthorizer.withVerboseErrors(DefaultEmulatorRulesAuthorizer.java:326)
	at com.google.cloud.datastore.emulator.impl.rules.DefaultEmulatorRulesAuthorizer.checkCommit(DefaultEmulatorRulesAuthorizer.java:113)
	at com.google.cloud.datastore.emulator.impl.firestore.FirestoreEmulatorHelper.commitHelper(FirestoreEmulatorHelper.java:407)
	at com.google.cloud.datastore.emulator.impl.firestore.FirestoreEmulatorHelper.internalCommit(FirestoreEmulatorHelper.java:348)
	at com.google.cloud.datastore.emulator.impl.firestore.CloudFirestoreV1.internalCommit(CloudFirestoreV1.java:1336)
	at com.google.cloud.datastore.emulator.impl.firestore.CloudFirestoreV1.write(CloudFirestoreV1.java:1321)
	at com.google.cloud.datastore.emulator.impl.firestore.CloudFirestoreV1WriteStream.handleRequest(CloudFirestoreV1WriteStream.java:222)
	at com.google.cloud.datastore.emulator.impl.firestore.CloudFirestoreV1WriteStream.write(CloudFirestoreV1WriteStream.java:144)
	at com.google.cloud.datastore.emulator.impl.firestore.CloudFirestoreV1WriteStream.onNext(CloudFirestoreV1WriteStream.java:99)
	at com.google.cloud.datastore.emulator.impl.firestore.CloudFirestoreV1WriteStream.onNext(CloudFirestoreV1WriteStream.java:27)
	at com.google.cloud.datastore.emulator.firestore.webchannel.FirestoreV1WebChannelAdapter$FirestoreWriteHandler.onMessage(FirestoreV1WebChannelAdapter.java:160)
	at com.google.cloud.datastore.emulator.firestore.webchannel.FirestoreV1WebChannelAdapter$FirestoreWriteHandler.onMessage(FirestoreV1WebChannelAdapter.java:130)
	at com.google.net.webchannel.server.v8.ChannelInternalImpl.onMessage(ChannelInternalImpl.java:525)
	at com.google.net.webchannel.server.v8.ForwardChannel.deliverMessage(ForwardChannel.java:115)
	at com.google.net.webchannel.server.v8.ForwardChannel.processPendingRequest(ForwardChannel.java:94)
	at com.google.net.webchannel.server.v8.ForwardChannel.consume(ForwardChannel.java:68)
	at com.google.net.webchannel.server.v8.ForwardChannel.add(ForwardChannel.java:61)
	at com.google.net.webchannel.server.v8.ChannelInternalImpl.handleRequestBody(ChannelInternalImpl.java:290)
	at com.google.net.webchannel.server.v8.ChannelInternalImpl.processSessionRequest(ChannelInternalImpl.java:357)
	at com.google.net.webchannel.server.v8.ChannelInternalImpl.handle(ChannelInternalImpl.java:172)
	at com.google.net.webchannel.server.v8.ChannelInternalImpl.consume(ChannelInternalImpl.java:91)
	at com.google.net.webchannel.server.common.ChannelProcessor.run(ChannelProcessor.java:85)

Aug 08, 2026 5:14:23 PM io.gapi.emulators.netty.HttpVersionRoutingHandler channelRead
INFO: Detected non-HTTP/2 connection.
Aug 08, 2026 5:14:23 PM com.google.cloud.datastore.emulator.firestore.webchannel.FirestoreV1WebChannelAdapter$FirestoreWriteHandler onClose
INFO: channel closed
Aug 08, 2026 5:14:23 PM io.gapi.emulators.netty.HttpVersionRoutingHandler channelRead
INFO: Detected non-HTTP/2 connection.
Aug 08, 2026 5:14:23 PM com.google.cloud.datastore.emulator.firestore.webchannel.FirestoreV1WebChannelAdapter$FirestoreWriteHandler onClose
INFO: channel closed
Aug 08, 2026 5:14:33 PM io.gapi.emulators.netty.HttpVersionRoutingHandler channelRead
INFO: Detected non-HTTP/2 connection.
Aug 08, 2026 5:14:33 PM io.gapi.emulators.netty.HttpVersionRoutingHandler channelRead
INFO: Detected non-HTTP/2 connection.
Aug 08, 2026 5:14:33 PM io.gapi.emulators.netty.HttpVersionRoutingHandler channelRead
INFO: Detected non-HTTP/2 connection.
Aug 08, 2026 5:14:33 PM io.netty.channel.DefaultChannelPipeline onUnhandledInboundException
WARNING: An exceptionCaught() event was fired, and it reached at the tail of the pipeline. It usually means the last handler in the pipeline did not handle the exception.
io.netty.channel.StacklessClosedChannelException
	at io.netty.channel.AbstractChannel$AbstractUnsafe.write(Object, ChannelPromise)(Unknown Source)

Aug 08, 2026 5:14:33 PM io.gapi.emulators.netty.HttpVersionRoutingHandler channelRead
INFO: Detected non-HTTP/2 connection.
Aug 08, 2026 5:14:33 PM com.google.cloud.datastore.emulator.firestore.webchannel.FirestoreV1WebChannelAdapter$FirestoreListenHandler onClose
INFO: channel closed
Aug 08, 2026 5:14:49 PM io.gapi.emulators.netty.HttpVersionRoutingHandler channelRead
INFO: Detected non-HTTP/2 connection.
Aug 08, 2026 5:14:50 PM io.gapi.emulators.netty.HttpVersionRoutingHandler channelRead
INFO: Detected non-HTTP/2 connection.
Aug 08, 2026 5:15:20 PM io.gapi.emulators.netty.HttpVersionRoutingHandler channelRead
INFO: Detected non-HTTP/2 connection.
Aug 08, 2026 5:15:49 PM io.gapi.emulators.netty.HttpVersionRoutingHandler channelRead
INFO: Detected non-HTTP/2 connection.
Aug 08, 2026 5:15:50 PM io.gapi.emulators.netty.HttpVersionRoutingHandler channelRead
INFO: Detected non-HTTP/2 connection.
Aug 08, 2026 5:16:20 PM io.gapi.emulators.netty.HttpVersionRoutingHandler channelRead
INFO: Detected non-HTTP/2 connection.
Aug 08, 2026 5:16:50 PM io.gapi.emulators.netty.HttpVersionRoutingHandler channelRead
INFO: Detected non-HTTP/2 connection.
Aug 08, 2026 5:16:51 PM io.gapi.emulators.netty.HttpVersionRoutingHandler channelRead
INFO: Detected non-HTTP/2 connection.
Aug 08, 2026 5:17:37 PM io.gapi.emulators.netty.HttpVersionRoutingHandler channelRead
INFO: Detected non-HTTP/2 connection.
Aug 08, 2026 5:17:37 PM io.gapi.emulators.netty.HttpVersionRoutingHandler channelRead
INFO: Detected non-HTTP/2 connection.
Aug 08, 2026 5:17:50 PM io.gapi.emulators.netty.HttpVersionRoutingHandler channelRead
INFO: Detected non-HTTP/2 connection.
Aug 08, 2026 5:18:23 PM io.gapi.emulators.netty.HttpVersionRoutingHandler channelRead
INFO: Detected non-HTTP/2 connection.
Aug 08, 2026 5:18:36 PM io.gapi.emulators.netty.HttpVersionRoutingHandler channelRead
INFO: Detected non-HTTP/2 connection.
Aug 08, 2026 5:18:37 PM io.gapi.emulators.netty.HttpVersionRoutingHandler channelRead
INFO: Detected non-HTTP/2 connection.
Aug 08, 2026 5:19:23 PM io.gapi.emulators.netty.HttpVersionRoutingHandler channelRead
INFO: Detected non-HTTP/2 connection.
Aug 08, 2026 5:19:36 PM io.gapi.emulators.netty.HttpVersionRoutingHandler channelRead
INFO: Detected non-HTTP/2 connection.
Aug 08, 2026 5:19:37 PM io.gapi.emulators.netty.HttpVersionRoutingHandler channelRead
INFO: Detected non-HTTP/2 connection.
Aug 08, 2026 5:20:23 PM io.gapi.emulators.netty.HttpVersionRoutingHandler channelRead
INFO: Detected non-HTTP/2 connection.
Aug 08, 2026 5:20:38 PM io.gapi.emulators.netty.HttpVersionRoutingHandler channelRead
INFO: Detected non-HTTP/2 connection.
Aug 08, 2026 5:20:49 PM io.gapi.emulators.netty.HttpVersionRoutingHandler channelRead
INFO: Detected non-HTTP/2 connection.
Aug 08, 2026 5:20:49 PM io.gapi.emulators.netty.HttpVersionRoutingHandler channelRead
INFO: Detected non-HTTP/2 connection.
Aug 08, 2026 5:20:49 PM io.gapi.emulators.netty.HttpVersionRoutingHandler channelRead
INFO: Detected non-HTTP/2 connection.
Aug 08, 2026 5:20:49 PM io.gapi.emulators.netty.HttpVersionRoutingHandler channelRead
INFO: Detected non-HTTP/2 connection.
Aug 08, 2026 5:20:49 PM io.gapi.emulators.netty.HttpVersionRoutingHandler channelRead
INFO: Detected non-HTTP/2 connection.
Aug 08, 2026 5:20:49 PM io.gapi.emulators.netty.HttpVersionRoutingHandler channelRead
INFO: Detected non-HTTP/2 connection.
Aug 08, 2026 5:20:49 PM io.gapi.emulators.netty.HttpVersionRoutingHandler channelRead
INFO: Detected non-HTTP/2 connection.
Aug 08, 2026 5:20:49 PM io.gapi.emulators.netty.HttpVersionRoutingHandler channelRead
INFO: Detected non-HTTP/2 connection.
Aug 08, 2026 5:20:49 PM io.gapi.emulators.netty.HttpVersionRoutingHandler channelRead
INFO: Detected non-HTTP/2 connection.
Aug 08, 2026 5:20:49 PM io.gapi.emulators.netty.HttpVersionRoutingHandler channelRead
INFO: Detected non-HTTP/2 connection.
Aug 08, 2026 5:20:49 PM io.gapi.emulators.netty.HttpVersionRoutingHandler channelRead
INFO: Detected non-HTTP/2 connection.
Aug 08, 2026 5:20:50 PM io.gapi.emulators.netty.HttpVersionRoutingHandler channelRead
INFO: Detected non-HTTP/2 connection.
Aug 08, 2026 5:20:50 PM com.google.cloud.datastore.emulator.impl.util.WrappedStreamObserver onError
WARNING: Operation failed: No matching allow statements
com.google.cloud.datastore.core.exception.DatastoreException: No matching allow statements
	at com.google.cloud.datastore.core.exception.DatastoreException$Builder.build(DatastoreException.java:152)
	at com.google.cloud.datastore.emulator.impl.rules.DefaultEmulatorRulesAuthorizer.verboseError(DefaultEmulatorRulesAuthorizer.java:349)
	at com.google.cloud.datastore.emulator.impl.rules.DefaultEmulatorRulesAuthorizer.withVerboseErrors(DefaultEmulatorRulesAuthorizer.java:326)
	at com.google.cloud.datastore.emulator.impl.rules.DefaultEmulatorRulesAuthorizer.checkCommit(DefaultEmulatorRulesAuthorizer.java:113)
	at com.google.cloud.datastore.emulator.impl.firestore.FirestoreEmulatorHelper.commitHelper(FirestoreEmulatorHelper.java:407)
	at com.google.cloud.datastore.emulator.impl.firestore.FirestoreEmulatorHelper.internalCommit(FirestoreEmulatorHelper.java:348)
	at com.google.cloud.datastore.emulator.impl.firestore.CloudFirestoreV1.internalCommit(CloudFirestoreV1.java:1336)
	at com.google.cloud.datastore.emulator.impl.firestore.CloudFirestoreV1.write(CloudFirestoreV1.java:1321)
	at com.google.cloud.datastore.emulator.impl.firestore.CloudFirestoreV1WriteStream.handleRequest(CloudFirestoreV1WriteStream.java:222)
	at com.google.cloud.datastore.emulator.impl.firestore.CloudFirestoreV1WriteStream.write(CloudFirestoreV1WriteStream.java:144)
	at com.google.cloud.datastore.emulator.impl.firestore.CloudFirestoreV1WriteStream.onNext(CloudFirestoreV1WriteStream.java:99)
	at com.google.cloud.datastore.emulator.impl.firestore.CloudFirestoreV1WriteStream.onNext(CloudFirestoreV1WriteStream.java:27)
	at com.google.cloud.datastore.emulator.firestore.webchannel.FirestoreV1WebChannelAdapter$FirestoreWriteHandler.onMessage(FirestoreV1WebChannelAdapter.java:160)
	at com.google.cloud.datastore.emulator.firestore.webchannel.FirestoreV1WebChannelAdapter$FirestoreWriteHandler.onMessage(FirestoreV1WebChannelAdapter.java:130)
	at com.google.net.webchannel.server.v8.ChannelInternalImpl.onMessage(ChannelInternalImpl.java:525)
	at com.google.net.webchannel.server.v8.ForwardChannel.deliverMessage(ForwardChannel.java:115)
	at com.google.net.webchannel.server.v8.ForwardChannel.processPendingRequest(ForwardChannel.java:94)
	at com.google.net.webchannel.server.v8.ForwardChannel.consume(ForwardChannel.java:68)
	at com.google.net.webchannel.server.v8.ForwardChannel.add(ForwardChannel.java:61)
	at com.google.net.webchannel.server.v8.ChannelInternalImpl.handleRequestBody(ChannelInternalImpl.java:290)
	at com.google.net.webchannel.server.v8.ChannelInternalImpl.processSessionRequest(ChannelInternalImpl.java:357)
	at com.google.net.webchannel.server.v8.ChannelInternalImpl.handle(ChannelInternalImpl.java:172)
	at com.google.net.webchannel.server.v8.ChannelInternalImpl.consume(ChannelInternalImpl.java:91)
	at com.google.net.webchannel.server.common.ChannelProcessor.run(ChannelProcessor.java:85)

Aug 08, 2026 5:20:50 PM io.gapi.emulators.netty.HttpVersionRoutingHandler channelRead
INFO: Detected non-HTTP/2 connection.
Aug 08, 2026 5:20:50 PM io.gapi.emulators.netty.HttpVersionRoutingHandler channelRead
INFO: Detected non-HTTP/2 connection.
Aug 08, 2026 5:20:50 PM com.google.cloud.datastore.emulator.impl.util.WrappedStreamObserver onError
WARNING: Operation failed: No matching allow statements
com.google.cloud.datastore.core.exception.DatastoreException: No matching allow statements
	at com.google.cloud.datastore.core.exception.DatastoreException$Builder.build(DatastoreException.java:152)
	at com.google.cloud.datastore.emulator.impl.rules.DefaultEmulatorRulesAuthorizer.verboseError(DefaultEmulatorRulesAuthorizer.java:349)
	at com.google.cloud.datastore.emulator.impl.rules.DefaultEmulatorRulesAuthorizer.withVerboseErrors(DefaultEmulatorRulesAuthorizer.java:326)
	at com.google.cloud.datastore.emulator.impl.rules.DefaultEmulatorRulesAuthorizer.checkCommit(DefaultEmulatorRulesAuthorizer.java:113)
	at com.google.cloud.datastore.emulator.impl.firestore.FirestoreEmulatorHelper.commitHelper(FirestoreEmulatorHelper.java:407)
	at com.google.cloud.datastore.emulator.impl.firestore.FirestoreEmulatorHelper.internalCommit(FirestoreEmulatorHelper.java:348)
	at com.google.cloud.datastore.emulator.impl.firestore.CloudFirestoreV1.internalCommit(CloudFirestoreV1.java:1336)
	at com.google.cloud.datastore.emulator.impl.firestore.CloudFirestoreV1.write(CloudFirestoreV1.java:1321)
	at com.google.cloud.datastore.emulator.impl.firestore.CloudFirestoreV1WriteStream.handleRequest(CloudFirestoreV1WriteStream.java:222)
	at com.google.cloud.datastore.emulator.impl.firestore.CloudFirestoreV1WriteStream.write(CloudFirestoreV1WriteStream.java:144)
	at com.google.cloud.datastore.emulator.impl.firestore.CloudFirestoreV1WriteStream.onNext(CloudFirestoreV1WriteStream.java:99)
	at com.google.cloud.datastore.emulator.impl.firestore.CloudFirestoreV1WriteStream.onNext(CloudFirestoreV1WriteStream.java:27)
	at com.google.cloud.datastore.emulator.firestore.webchannel.FirestoreV1WebChannelAdapter$FirestoreWriteHandler.onMessage(FirestoreV1WebChannelAdapter.java:160)
	at com.google.cloud.datastore.emulator.firestore.webchannel.FirestoreV1WebChannelAdapter$FirestoreWriteHandler.onMessage(FirestoreV1WebChannelAdapter.java:130)
	at com.google.net.webchannel.server.v8.ChannelInternalImpl.onMessage(ChannelInternalImpl.java:525)
	at com.google.net.webchannel.server.v8.ForwardChannel.deliverMessage(ForwardChannel.java:115)
	at com.google.net.webchannel.server.v8.ForwardChannel.processPendingRequest(ForwardChannel.java:94)
	at com.google.net.webchannel.server.v8.ForwardChannel.consume(ForwardChannel.java:68)
	at com.google.net.webchannel.server.v8.ForwardChannel.add(ForwardChannel.java:61)
	at com.google.net.webchannel.server.v8.ChannelInternalImpl.handleRequestBody(ChannelInternalImpl.java:290)
	at com.google.net.webchannel.server.v8.ChannelInternalImpl.processSessionRequest(ChannelInternalImpl.java:357)
	at com.google.net.webchannel.server.v8.ChannelInternalImpl.handle(ChannelInternalImpl.java:172)
	at com.google.net.webchannel.server.v8.ChannelInternalImpl.consume(ChannelInternalImpl.java:91)
	at com.google.net.webchannel.server.common.ChannelProcessor.run(ChannelProcessor.java:85)

Aug 08, 2026 5:20:50 PM io.gapi.emulators.netty.HttpVersionRoutingHandler channelRead
INFO: Detected non-HTTP/2 connection.
Aug 08, 2026 5:20:50 PM com.google.cloud.datastore.emulator.firestore.webchannel.FirestoreV1WebChannelAdapter$FirestoreListenHandler onClose
INFO: channel closed
Aug 08, 2026 5:20:50 PM io.gapi.emulators.netty.HttpVersionRoutingHandler channelRead
INFO: Detected non-HTTP/2 connection.
Aug 08, 2026 5:20:50 PM com.google.cloud.datastore.emulator.firestore.webchannel.FirestoreV1WebChannelAdapter$FirestoreWriteHandler onClose
INFO: channel closed
Aug 08, 2026 5:20:50 PM io.gapi.emulators.netty.HttpVersionRoutingHandler channelRead
INFO: Detected non-HTTP/2 connection.
Aug 08, 2026 5:20:50 PM com.google.cloud.datastore.emulator.firestore.webchannel.FirestoreV1WebChannelAdapter$FirestoreWriteHandler onClose
INFO: channel closed
Aug 08, 2026 5:21:20 PM io.gapi.emulators.netty.HttpVersionRoutingHandler channelRead
INFO: Detected non-HTTP/2 connection.
Aug 08, 2026 5:21:35 PM io.gapi.emulators.netty.HttpVersionRoutingHandler channelRead
INFO: Detected non-HTTP/2 connection.
Aug 08, 2026 5:21:43 PM io.gapi.emulators.netty.HttpVersionRoutingHandler channelRead
INFO: Detected non-HTTP/2 connection.
Aug 08, 2026 5:21:43 PM io.gapi.emulators.netty.HttpVersionRoutingHandler channelRead
INFO: Detected non-HTTP/2 connection.
Aug 08, 2026 5:21:43 PM io.gapi.emulators.netty.HttpVersionRoutingHandler channelRead
INFO: Detected non-HTTP/2 connection.
Aug 08, 2026 5:21:43 PM io.gapi.emulators.netty.HttpVersionRoutingHandler channelRead
INFO: Detected non-HTTP/2 connection.
Aug 08, 2026 5:21:43 PM io.gapi.emulators.netty.HttpVersionRoutingHandler channelRead
INFO: Detected non-HTTP/2 connection.
Aug 08, 2026 5:21:43 PM io.gapi.emulators.netty.HttpVersionRoutingHandler channelRead
INFO: Detected non-HTTP/2 connection.
Aug 08, 2026 5:21:43 PM io.gapi.emulators.netty.HttpVersionRoutingHandler channelRead
INFO: Detected non-HTTP/2 connection.
Aug 08, 2026 5:21:43 PM io.gapi.emulators.netty.HttpVersionRoutingHandler channelRead
INFO: Detected non-HTTP/2 connection.
Aug 08, 2026 5:21:43 PM io.gapi.emulators.netty.HttpVersionRoutingHandler channelRead
INFO: Detected non-HTTP/2 connection.
Aug 08, 2026 5:21:43 PM io.gapi.emulators.netty.HttpVersionRoutingHandler channelRead
INFO: Detected non-HTTP/2 connection.
Aug 08, 2026 5:21:43 PM io.gapi.emulators.netty.HttpVersionRoutingHandler channelRead
INFO: Detected non-HTTP/2 connection.
Aug 08, 2026 5:21:43 PM com.google.cloud.datastore.emulator.impl.util.WrappedStreamObserver onError
WARNING: Operation failed: No matching allow statements
com.google.cloud.datastore.core.exception.DatastoreException: No matching allow statements
	at com.google.cloud.datastore.core.exception.DatastoreException$Builder.build(DatastoreException.java:152)
	at com.google.cloud.datastore.emulator.impl.rules.DefaultEmulatorRulesAuthorizer.verboseError(DefaultEmulatorRulesAuthorizer.java:349)
	at com.google.cloud.datastore.emulator.impl.rules.DefaultEmulatorRulesAuthorizer.withVerboseErrors(DefaultEmulatorRulesAuthorizer.java:326)
	at com.google.cloud.datastore.emulator.impl.rules.DefaultEmulatorRulesAuthorizer.checkCommit(DefaultEmulatorRulesAuthorizer.java:113)
	at com.google.cloud.datastore.emulator.impl.firestore.FirestoreEmulatorHelper.commitHelper(FirestoreEmulatorHelper.java:407)
	at com.google.cloud.datastore.emulator.impl.firestore.FirestoreEmulatorHelper.internalCommit(FirestoreEmulatorHelper.java:348)
	at com.google.cloud.datastore.emulator.impl.firestore.CloudFirestoreV1.internalCommit(CloudFirestoreV1.java:1336)
	at com.google.cloud.datastore.emulator.impl.firestore.CloudFirestoreV1.write(CloudFirestoreV1.java:1321)
	at com.google.cloud.datastore.emulator.impl.firestore.CloudFirestoreV1WriteStream.handleRequest(CloudFirestoreV1WriteStream.java:222)
	at com.google.cloud.datastore.emulator.impl.firestore.CloudFirestoreV1WriteStream.write(CloudFirestoreV1WriteStream.java:144)
	at com.google.cloud.datastore.emulator.impl.firestore.CloudFirestoreV1WriteStream.onNext(CloudFirestoreV1WriteStream.java:99)
	at com.google.cloud.datastore.emulator.impl.firestore.CloudFirestoreV1WriteStream.onNext(CloudFirestoreV1WriteStream.java:27)
	at com.google.cloud.datastore.emulator.firestore.webchannel.FirestoreV1WebChannelAdapter$FirestoreWriteHandler.onMessage(FirestoreV1WebChannelAdapter.java:160)
	at com.google.cloud.datastore.emulator.firestore.webchannel.FirestoreV1WebChannelAdapter$FirestoreWriteHandler.onMessage(FirestoreV1WebChannelAdapter.java:130)
	at com.google.net.webchannel.server.v8.ChannelInternalImpl.onMessage(ChannelInternalImpl.java:525)
	at com.google.net.webchannel.server.v8.ForwardChannel.deliverMessage(ForwardChannel.java:115)
	at com.google.net.webchannel.server.v8.ForwardChannel.processPendingRequest(ForwardChannel.java:94)
	at com.google.net.webchannel.server.v8.ForwardChannel.consume(ForwardChannel.java:68)
	at com.google.net.webchannel.server.v8.ForwardChannel.add(ForwardChannel.java:61)
	at com.google.net.webchannel.server.v8.ChannelInternalImpl.handleRequestBody(ChannelInternalImpl.java:290)
	at com.google.net.webchannel.server.v8.ChannelInternalImpl.processSessionRequest(ChannelInternalImpl.java:357)
	at com.google.net.webchannel.server.v8.ChannelInternalImpl.handle(ChannelInternalImpl.java:172)
	at com.google.net.webchannel.server.v8.ChannelInternalImpl.consume(ChannelInternalImpl.java:91)
	at com.google.net.webchannel.server.common.ChannelProcessor.run(ChannelProcessor.java:85)

Aug 08, 2026 5:21:44 PM io.gapi.emulators.netty.HttpVersionRoutingHandler channelRead
INFO: Detected non-HTTP/2 connection.
Aug 08, 2026 5:21:44 PM io.gapi.emulators.netty.HttpVersionRoutingHandler channelRead
INFO: Detected non-HTTP/2 connection.
Aug 08, 2026 5:21:44 PM io.gapi.emulators.netty.HttpVersionRoutingHandler channelRead
INFO: Detected non-HTTP/2 connection.
Aug 08, 2026 5:21:44 PM com.google.cloud.datastore.emulator.firestore.webchannel.FirestoreV1WebChannelAdapter$FirestoreListenHandler onClose
INFO: channel closed
Aug 08, 2026 5:21:44 PM com.google.cloud.datastore.emulator.impl.util.WrappedStreamObserver onError
WARNING: Operation failed: No matching allow statements
com.google.cloud.datastore.core.exception.DatastoreException: No matching allow statements
	at com.google.cloud.datastore.core.exception.DatastoreException$Builder.build(DatastoreException.java:152)
	at com.google.cloud.datastore.emulator.impl.rules.DefaultEmulatorRulesAuthorizer.verboseError(DefaultEmulatorRulesAuthorizer.java:349)
	at com.google.cloud.datastore.emulator.impl.rules.DefaultEmulatorRulesAuthorizer.withVerboseErrors(DefaultEmulatorRulesAuthorizer.java:326)
	at com.google.cloud.datastore.emulator.impl.rules.DefaultEmulatorRulesAuthorizer.checkCommit(DefaultEmulatorRulesAuthorizer.java:113)
	at com.google.cloud.datastore.emulator.impl.firestore.FirestoreEmulatorHelper.commitHelper(FirestoreEmulatorHelper.java:407)
	at com.google.cloud.datastore.emulator.impl.firestore.FirestoreEmulatorHelper.internalCommit(FirestoreEmulatorHelper.java:348)
	at com.google.cloud.datastore.emulator.impl.firestore.CloudFirestoreV1.internalCommit(CloudFirestoreV1.java:1336)
	at com.google.cloud.datastore.emulator.impl.firestore.CloudFirestoreV1.write(CloudFirestoreV1.java:1321)
	at com.google.cloud.datastore.emulator.impl.firestore.CloudFirestoreV1WriteStream.handleRequest(CloudFirestoreV1WriteStream.java:222)
	at com.google.cloud.datastore.emulator.impl.firestore.CloudFirestoreV1WriteStream.write(CloudFirestoreV1WriteStream.java:144)
	at com.google.cloud.datastore.emulator.impl.firestore.CloudFirestoreV1WriteStream.onNext(CloudFirestoreV1WriteStream.java:99)
	at com.google.cloud.datastore.emulator.impl.firestore.CloudFirestoreV1WriteStream.onNext(CloudFirestoreV1WriteStream.java:27)
	at com.google.cloud.datastore.emulator.firestore.webchannel.FirestoreV1WebChannelAdapter$FirestoreWriteHandler.onMessage(FirestoreV1WebChannelAdapter.java:160)
	at com.google.cloud.datastore.emulator.firestore.webchannel.FirestoreV1WebChannelAdapter$FirestoreWriteHandler.onMessage(FirestoreV1WebChannelAdapter.java:130)
	at com.google.net.webchannel.server.v8.ChannelInternalImpl.onMessage(ChannelInternalImpl.java:525)
	at com.google.net.webchannel.server.v8.ForwardChannel.deliverMessage(ForwardChannel.java:115)
	at com.google.net.webchannel.server.v8.ForwardChannel.processPendingRequest(ForwardChannel.java:94)
	at com.google.net.webchannel.server.v8.ForwardChannel.consume(ForwardChannel.java:68)
	at com.google.net.webchannel.server.v8.ForwardChannel.add(ForwardChannel.java:61)
	at com.google.net.webchannel.server.v8.ChannelInternalImpl.handleRequestBody(ChannelInternalImpl.java:290)
	at com.google.net.webchannel.server.v8.ChannelInternalImpl.processSessionRequest(ChannelInternalImpl.java:357)
	at com.google.net.webchannel.server.v8.ChannelInternalImpl.handle(ChannelInternalImpl.java:172)
	at com.google.net.webchannel.server.v8.ChannelInternalImpl.consume(ChannelInternalImpl.java:91)
	at com.google.net.webchannel.server.common.ChannelProcessor.run(ChannelProcessor.java:85)

Aug 08, 2026 5:21:44 PM io.gapi.emulators.netty.HttpVersionRoutingHandler channelRead
INFO: Detected non-HTTP/2 connection.
Aug 08, 2026 5:21:44 PM io.gapi.emulators.netty.HttpVersionRoutingHandler channelRead
INFO: Detected non-HTTP/2 connection.
Aug 08, 2026 5:21:44 PM com.google.cloud.datastore.emulator.firestore.webchannel.FirestoreV1WebChannelAdapter$FirestoreWriteHandler onClose
INFO: channel closed
Aug 08, 2026 5:21:44 PM com.google.cloud.datastore.emulator.firestore.webchannel.FirestoreV1WebChannelAdapter$FirestoreWriteHandler onClose
INFO: channel closed
Aug 08, 2026 5:21:50 PM io.gapi.emulators.netty.HttpVersionRoutingHandler channelRead
INFO: Detected non-HTTP/2 connection.
Aug 08, 2026 5:21:50 PM io.gapi.emulators.netty.HttpVersionRoutingHandler channelRead
INFO: Detected non-HTTP/2 connection.
Aug 08, 2026 5:21:50 PM io.gapi.emulators.netty.HttpVersionRoutingHandler channelRead
INFO: Detected non-HTTP/2 connection.
Aug 08, 2026 5:22:13 PM io.gapi.emulators.netty.HttpVersionRoutingHandler channelRead
INFO: Detected non-HTTP/2 connection.
Aug 08, 2026 5:22:32 PM io.gapi.emulators.netty.HttpVersionRoutingHandler channelRead
INFO: Detected non-HTTP/2 connection.
Aug 08, 2026 5:22:32 PM io.gapi.emulators.netty.HttpVersionRoutingHandler channelRead
INFO: Detected non-HTTP/2 connection.
Aug 08, 2026 5:22:32 PM io.gapi.emulators.netty.HttpVersionRoutingHandler channelRead
INFO: Detected non-HTTP/2 connection.
Aug 08, 2026 5:22:32 PM io.gapi.emulators.netty.HttpVersionRoutingHandler channelRead
INFO: Detected non-HTTP/2 connection.
Aug 08, 2026 5:22:32 PM com.google.cloud.datastore.emulator.firestore.webchannel.FirestoreV1WebChannelAdapter$FirestoreListenHandler onClose
INFO: channel closed
Aug 08, 2026 5:22:41 PM io.gapi.emulators.netty.HttpVersionRoutingHandler channelRead
INFO: Detected non-HTTP/2 connection.
Aug 08, 2026 5:22:41 PM io.gapi.emulators.netty.HttpVersionRoutingHandler channelRead
INFO: Detected non-HTTP/2 connection.
Aug 08, 2026 5:22:41 PM io.gapi.emulators.netty.HttpVersionRoutingHandler channelRead
INFO: Detected non-HTTP/2 connection.
Aug 08, 2026 5:22:41 PM io.gapi.emulators.netty.HttpVersionRoutingHandler channelRead
INFO: Detected non-HTTP/2 connection.
Aug 08, 2026 5:22:41 PM com.google.cloud.datastore.emulator.firestore.webchannel.FirestoreV1WebChannelAdapter$FirestoreListenHandler onClose
INFO: channel closed
Aug 08, 2026 5:22:43 PM io.gapi.emulators.netty.HttpVersionRoutingHandler channelRead
INFO: Detected non-HTTP/2 connection.
Aug 08, 2026 5:22:43 PM io.gapi.emulators.netty.HttpVersionRoutingHandler channelRead
INFO: Detected non-HTTP/2 connection.
Aug 08, 2026 5:22:43 PM io.gapi.emulators.netty.HttpVersionRoutingHandler channelRead
INFO: Detected non-HTTP/2 connection.
Aug 08, 2026 5:22:43 PM io.gapi.emulators.netty.HttpVersionRoutingHandler channelRead
INFO: Detected non-HTTP/2 connection.
Aug 08, 2026 5:22:43 PM com.google.cloud.datastore.emulator.firestore.webchannel.FirestoreV1WebChannelAdapter$FirestoreListenHandler onClose
INFO: channel closed
Aug 08, 2026 5:22:44 PM io.gapi.emulators.netty.HttpVersionRoutingHandler channelRead
INFO: Detected non-HTTP/2 connection.
Aug 08, 2026 5:22:51 PM io.gapi.emulators.netty.HttpVersionRoutingHandler channelRead
INFO: Detected non-HTTP/2 connection.
Aug 08, 2026 5:22:51 PM com.google.cloud.datastore.emulator.firestore.webchannel.FirestoreV1WebChannelAdapter$FirestoreListenHandler onClose
INFO: channel closed
Aug 08, 2026 5:22:59 PM io.gapi.emulators.netty.HttpVersionRoutingHandler channelRead
INFO: Detected non-HTTP/2 connection.
Aug 08, 2026 5:22:59 PM io.gapi.emulators.netty.HttpVersionRoutingHandler channelRead
INFO: Detected non-HTTP/2 connection.
Aug 08, 2026 5:22:59 PM io.gapi.emulators.netty.HttpVersionRoutingHandler channelRead
INFO: Detected non-HTTP/2 connection.
Aug 08, 2026 5:22:59 PM io.gapi.emulators.netty.HttpVersionRoutingHandler channelRead
INFO: Detected non-HTTP/2 connection.
Aug 08, 2026 5:22:59 PM com.google.cloud.datastore.emulator.firestore.webchannel.FirestoreV1WebChannelAdapter$FirestoreListenHandler onClose
INFO: channel closed
Aug 08, 2026 5:23:03 PM io.gapi.emulators.netty.HttpVersionRoutingHandler channelRead
INFO: Detected non-HTTP/2 connection.
Aug 08, 2026 5:23:03 PM io.gapi.emulators.netty.HttpVersionRoutingHandler channelRead
INFO: Detected non-HTTP/2 connection.
Aug 08, 2026 5:23:03 PM io.gapi.emulators.netty.HttpVersionRoutingHandler channelRead
INFO: Detected non-HTTP/2 connection.
Aug 08, 2026 5:23:03 PM io.gapi.emulators.netty.HttpVersionRoutingHandler channelRead
INFO: Detected non-HTTP/2 connection.
Aug 08, 2026 5:23:03 PM com.google.cloud.datastore.emulator.firestore.webchannel.FirestoreV1WebChannelAdapter$FirestoreListenHandler onClose
INFO: channel closed
Aug 08, 2026 5:23:14 PM io.gapi.emulators.netty.HttpVersionRoutingHandler channelRead
INFO: Detected non-HTTP/2 connection.
Aug 08, 2026 5:23:44 PM io.gapi.emulators.netty.HttpVersionRoutingHandler channelRead
INFO: Detected non-HTTP/2 connection.
Aug 08, 2026 5:24:30 PM io.gapi.emulators.netty.HttpVersionRoutingHandler channelRead
INFO: Detected non-HTTP/2 connection.
Aug 08, 2026 5:24:44 PM io.gapi.emulators.netty.HttpVersionRoutingHandler channelRead
INFO: Detected non-HTTP/2 connection.
Aug 08, 2026 5:25:30 PM io.gapi.emulators.netty.HttpVersionRoutingHandler channelRead
INFO: Detected non-HTTP/2 connection.
Aug 08, 2026 5:25:45 PM io.gapi.emulators.netty.HttpVersionRoutingHandler channelRead
INFO: Detected non-HTTP/2 connection.
Aug 08, 2026 5:26:16 PM io.gapi.emulators.netty.HttpVersionRoutingHandler channelRead
INFO: Detected non-HTTP/2 connection.
Aug 08, 2026 5:26:45 PM io.gapi.emulators.netty.HttpVersionRoutingHandler channelRead
INFO: Detected non-HTTP/2 connection.
Aug 08, 2026 5:27:16 PM io.gapi.emulators.netty.HttpVersionRoutingHandler channelRead
INFO: Detected non-HTTP/2 connection.
Aug 08, 2026 5:27:45 PM io.gapi.emulators.netty.HttpVersionRoutingHandler channelRead
INFO: Detected non-HTTP/2 connection.
Aug 08, 2026 5:28:16 PM io.gapi.emulators.netty.HttpVersionRoutingHandler channelRead
INFO: Detected non-HTTP/2 connection.
Aug 08, 2026 5:28:31 PM io.gapi.emulators.netty.HttpVersionRoutingHandler channelRead
INFO: Detected non-HTTP/2 connection.
Aug 08, 2026 5:29:17 PM io.gapi.emulators.netty.HttpVersionRoutingHandler channelRead
INFO: Detected non-HTTP/2 connection.
Aug 08, 2026 5:29:17 PM io.gapi.emulators.netty.HttpVersionRoutingHandler channelRead
INFO: Detected non-HTTP/2 connection.
Aug 08, 2026 5:30:03 PM io.gapi.emulators.netty.HttpVersionRoutingHandler channelRead
INFO: Detected non-HTTP/2 connection.
Aug 08, 2026 5:30:17 PM io.gapi.emulators.netty.HttpVersionRoutingHandler channelRead
INFO: Detected non-HTTP/2 connection.
Aug 08, 2026 5:30:54 PM io.gapi.emulators.netty.HttpVersionRoutingHandler channelRead
INFO: Detected non-HTTP/2 connection.
Aug 08, 2026 5:30:54 PM io.gapi.emulators.netty.HttpVersionRoutingHandler channelRead
INFO: Detected non-HTTP/2 connection.
Aug 08, 2026 5:30:54 PM io.gapi.emulators.netty.HttpVersionRoutingHandler channelRead
INFO: Detected non-HTTP/2 connection.
Aug 08, 2026 5:30:54 PM io.gapi.emulators.netty.HttpVersionRoutingHandler channelRead
INFO: Detected non-HTTP/2 connection.
Aug 08, 2026 5:31:03 PM io.gapi.emulators.netty.HttpVersionRoutingHandler channelRead
INFO: Detected non-HTTP/2 connection.
Aug 08, 2026 5:31:17 PM io.gapi.emulators.netty.HttpVersionRoutingHandler channelRead
INFO: Detected non-HTTP/2 connection.
Aug 08, 2026 5:31:26 PM io.gapi.emulators.netty.HttpVersionRoutingHandler channelRead
INFO: Detected non-HTTP/2 connection.
Aug 08, 2026 5:31:26 PM io.gapi.emulators.netty.HttpVersionRoutingHandler channelRead
INFO: Detected non-HTTP/2 connection.
Aug 08, 2026 5:31:26 PM io.gapi.emulators.netty.HttpVersionRoutingHandler channelRead
INFO: Detected non-HTTP/2 connection.
Aug 08, 2026 5:31:56 PM io.gapi.emulators.netty.HttpVersionRoutingHandler channelRead
INFO: Detected non-HTTP/2 connection.
Aug 08, 2026 5:32:03 PM io.gapi.emulators.netty.HttpVersionRoutingHandler channelRead
INFO: Detected non-HTTP/2 connection.
Aug 08, 2026 5:32:18 PM io.gapi.emulators.netty.HttpVersionRoutingHandler channelRead
INFO: Detected non-HTTP/2 connection.
Aug 08, 2026 5:32:24 PM io.gapi.emulators.netty.HttpVersionRoutingHandler channelRead
INFO: Detected non-HTTP/2 connection.
Aug 08, 2026 5:32:24 PM io.gapi.emulators.netty.HttpVersionRoutingHandler channelRead
INFO: Detected non-HTTP/2 connection.
Aug 08, 2026 5:32:24 PM io.gapi.emulators.netty.HttpVersionRoutingHandler channelRead
INFO: Detected non-HTTP/2 connection.
Aug 08, 2026 5:32:25 PM io.gapi.emulators.netty.HttpVersionRoutingHandler channelRead
INFO: Detected non-HTTP/2 connection.
Aug 08, 2026 5:32:25 PM io.gapi.emulators.netty.HttpVersionRoutingHandler channelRead
INFO: Detected non-HTTP/2 connection.
Aug 08, 2026 5:32:27 PM io.gapi.emulators.netty.HttpVersionRoutingHandler channelRead
INFO: Detected non-HTTP/2 connection.
Aug 08, 2026 5:32:57 PM io.gapi.emulators.netty.HttpVersionRoutingHandler channelRead
INFO: Detected non-HTTP/2 connection.
Aug 08, 2026 5:33:04 PM io.gapi.emulators.netty.HttpVersionRoutingHandler channelRead
INFO: Detected non-HTTP/2 connection.
Aug 08, 2026 5:33:18 PM io.gapi.emulators.netty.HttpVersionRoutingHandler channelRead
INFO: Detected non-HTTP/2 connection.
Aug 08, 2026 5:33:57 PM io.gapi.emulators.netty.HttpVersionRoutingHandler channelRead
INFO: Detected non-HTTP/2 connection.
Aug 08, 2026 5:34:04 PM io.gapi.emulators.netty.HttpVersionRoutingHandler channelRead
INFO: Detected non-HTTP/2 connection.
Aug 08, 2026 5:34:04 PM io.gapi.emulators.netty.HttpVersionRoutingHandler channelRead
INFO: Detected non-HTTP/2 connection.
Aug 08, 2026 5:34:57 PM io.gapi.emulators.netty.HttpVersionRoutingHandler channelRead
INFO: Detected non-HTTP/2 connection.
Aug 08, 2026 5:34:59 PM io.gapi.emulators.netty.HttpVersionRoutingHandler channelRead
INFO: Detected non-HTTP/2 connection.
Aug 08, 2026 5:34:59 PM io.gapi.emulators.netty.HttpVersionRoutingHandler channelRead
INFO: Detected non-HTTP/2 connection.
Aug 08, 2026 5:34:59 PM io.gapi.emulators.netty.HttpVersionRoutingHandler channelRead
INFO: Detected non-HTTP/2 connection.
Aug 08, 2026 5:35:04 PM io.gapi.emulators.netty.HttpVersionRoutingHandler channelRead
INFO: Detected non-HTTP/2 connection.
Aug 08, 2026 5:35:04 PM io.gapi.emulators.netty.HttpVersionRoutingHandler channelRead
INFO: Detected non-HTTP/2 connection.
Aug 08, 2026 5:35:59 PM io.gapi.emulators.netty.HttpVersionRoutingHandler channelRead
INFO: Detected non-HTTP/2 connection.
Aug 08, 2026 5:36:04 PM io.gapi.emulators.netty.HttpVersionRoutingHandler channelRead
INFO: Detected non-HTTP/2 connection.
Aug 08, 2026 5:36:05 PM io.gapi.emulators.netty.HttpVersionRoutingHandler channelRead
INFO: Detected non-HTTP/2 connection.
Aug 08, 2026 5:36:55 PM io.gapi.emulators.netty.HttpVersionRoutingHandler channelRead
INFO: Detected non-HTTP/2 connection.
Aug 08, 2026 5:36:55 PM io.gapi.emulators.netty.HttpVersionRoutingHandler channelRead
INFO: Detected non-HTTP/2 connection.
Aug 08, 2026 5:36:55 PM io.gapi.emulators.netty.HttpVersionRoutingHandler channelRead
INFO: Detected non-HTTP/2 connection.
Aug 08, 2026 5:36:56 PM io.gapi.emulators.netty.HttpVersionRoutingHandler channelRead
INFO: Detected non-HTTP/2 connection.
Aug 08, 2026 5:36:56 PM com.google.cloud.datastore.emulator.firestore.webchannel.FirestoreV1WebChannelAdapter$FirestoreListenHandler onClose
INFO: channel closed
Aug 08, 2026 5:36:59 PM io.gapi.emulators.netty.HttpVersionRoutingHandler channelRead
INFO: Detected non-HTTP/2 connection.
Aug 08, 2026 5:36:59 PM io.gapi.emulators.netty.HttpVersionRoutingHandler channelRead
INFO: Detected non-HTTP/2 connection.
Aug 08, 2026 5:36:59 PM io.gapi.emulators.netty.HttpVersionRoutingHandler channelRead
INFO: Detected non-HTTP/2 connection.
Aug 08, 2026 5:37:05 PM io.gapi.emulators.netty.HttpVersionRoutingHandler channelRead
INFO: Detected non-HTTP/2 connection.
Aug 08, 2026 5:37:05 PM io.gapi.emulators.netty.HttpVersionRoutingHandler channelRead
INFO: Detected non-HTTP/2 connection.
Aug 08, 2026 5:37:12 PM io.gapi.emulators.netty.HttpVersionRoutingHandler channelRead
INFO: Detected non-HTTP/2 connection.
Aug 08, 2026 5:37:12 PM io.gapi.emulators.netty.HttpVersionRoutingHandler channelRead
INFO: Detected non-HTTP/2 connection.
Aug 08, 2026 5:37:12 PM io.gapi.emulators.netty.HttpVersionRoutingHandler channelRead
INFO: Detected non-HTTP/2 connection.
Aug 08, 2026 5:37:12 PM io.gapi.emulators.netty.HttpVersionRoutingHandler channelRead
INFO: Detected non-HTTP/2 connection.
Aug 08, 2026 5:37:15 PM io.gapi.emulators.netty.HttpVersionRoutingHandler channelRead
INFO: Detected non-HTTP/2 connection.
Aug 08, 2026 5:37:15 PM io.gapi.emulators.netty.HttpVersionRoutingHandler channelRead
INFO: Detected non-HTTP/2 connection.
Aug 08, 2026 5:37:15 PM io.gapi.emulators.netty.HttpVersionRoutingHandler channelRead
INFO: Detected non-HTTP/2 connection.
Aug 08, 2026 5:37:15 PM io.gapi.emulators.netty.HttpVersionRoutingHandler channelRead
INFO: Detected non-HTTP/2 connection.
Aug 08, 2026 5:37:21 PM io.gapi.emulators.netty.HttpVersionRoutingHandler channelRead
INFO: Detected non-HTTP/2 connection.
Aug 08, 2026 5:37:21 PM io.gapi.emulators.netty.HttpVersionRoutingHandler channelRead
INFO: Detected non-HTTP/2 connection.
Aug 08, 2026 5:37:21 PM io.gapi.emulators.netty.HttpVersionRoutingHandler channelRead
INFO: Detected non-HTTP/2 connection.
Aug 08, 2026 5:37:21 PM io.gapi.emulators.netty.HttpVersionRoutingHandler channelRead
INFO: Detected non-HTTP/2 connection.
Aug 08, 2026 5:37:31 PM io.gapi.emulators.netty.HttpVersionRoutingHandler channelRead
INFO: Detected non-HTTP/2 connection.
Aug 08, 2026 5:37:31 PM io.gapi.emulators.netty.HttpVersionRoutingHandler channelRead
INFO: Detected non-HTTP/2 connection.
Aug 08, 2026 5:37:52 PM io.gapi.emulators.netty.HttpVersionRoutingHandler channelRead
INFO: Detected non-HTTP/2 connection.
Aug 08, 2026 5:37:52 PM io.gapi.emulators.netty.HttpVersionRoutingHandler channelRead
INFO: Detected non-HTTP/2 connection.
Aug 08, 2026 5:37:52 PM io.gapi.emulators.netty.HttpVersionRoutingHandler channelRead
INFO: Detected non-HTTP/2 connection.
Aug 08, 2026 5:37:52 PM io.gapi.emulators.netty.HttpVersionRoutingHandler channelRead
INFO: Detected non-HTTP/2 connection.
Aug 08, 2026 5:38:05 PM io.gapi.emulators.netty.HttpVersionRoutingHandler channelRead
INFO: Detected non-HTTP/2 connection.
Aug 08, 2026 5:38:05 PM io.gapi.emulators.netty.HttpVersionRoutingHandler channelRead
INFO: Detected non-HTTP/2 connection.
Aug 08, 2026 5:38:40 PM io.gapi.emulators.netty.HttpVersionRoutingHandler channelRead
INFO: Detected non-HTTP/2 connection.
Aug 08, 2026 5:38:40 PM io.gapi.emulators.netty.HttpVersionRoutingHandler channelRead
INFO: Detected non-HTTP/2 connection.
Aug 08, 2026 5:38:40 PM io.gapi.emulators.netty.HttpVersionRoutingHandler channelRead
INFO: Detected non-HTTP/2 connection.
Aug 08, 2026 5:38:40 PM io.gapi.emulators.netty.HttpVersionRoutingHandler channelRead
INFO: Detected non-HTTP/2 connection.
Aug 08, 2026 5:38:41 PM io.gapi.emulators.netty.HttpVersionRoutingHandler channelRead
INFO: Detected non-HTTP/2 connection.
Aug 08, 2026 5:38:41 PM io.gapi.emulators.netty.HttpVersionRoutingHandler channelRead
INFO: Detected non-HTTP/2 connection.
Aug 08, 2026 5:38:51 PM io.gapi.emulators.netty.HttpVersionRoutingHandler channelRead
INFO: Detected non-HTTP/2 connection.
Aug 08, 2026 5:38:53 PM io.gapi.emulators.netty.HttpVersionRoutingHandler channelRead
INFO: Detected non-HTTP/2 connection.
Aug 08, 2026 5:38:53 PM io.gapi.emulators.netty.HttpVersionRoutingHandler channelRead
INFO: Detected non-HTTP/2 connection.
Aug 08, 2026 5:38:53 PM io.gapi.emulators.netty.HttpVersionRoutingHandler channelRead
INFO: Detected non-HTTP/2 connection.
Aug 08, 2026 5:38:53 PM io.gapi.emulators.netty.HttpVersionRoutingHandler channelRead
INFO: Detected non-HTTP/2 connection.
Aug 08, 2026 5:38:55 PM io.gapi.emulators.netty.HttpVersionRoutingHandler channelRead
INFO: Detected non-HTTP/2 connection.
Aug 08, 2026 5:38:55 PM com.google.cloud.datastore.emulator.firestore.webchannel.FirestoreV1WebChannelAdapter$FirestoreListenHandler onClose
INFO: channel closed
Aug 08, 2026 5:38:55 PM io.gapi.emulators.netty.HttpVersionRoutingHandler channelRead
INFO: Detected non-HTTP/2 connection.
Aug 08, 2026 5:38:55 PM io.gapi.emulators.netty.HttpVersionRoutingHandler channelRead
INFO: Detected non-HTTP/2 connection.
Aug 08, 2026 5:38:55 PM io.gapi.emulators.netty.HttpVersionRoutingHandler channelRead
INFO: Detected non-HTTP/2 connection.
Aug 08, 2026 5:38:59 PM io.gapi.emulators.netty.HttpVersionRoutingHandler channelRead
INFO: Detected non-HTTP/2 connection.
Aug 08, 2026 5:38:59 PM com.google.cloud.datastore.emulator.firestore.webchannel.FirestoreV1WebChannelAdapter$FirestoreListenHandler onClose
INFO: channel closed
Aug 08, 2026 5:38:59 PM io.gapi.emulators.netty.HttpVersionRoutingHandler channelRead
INFO: Detected non-HTTP/2 connection.
Aug 08, 2026 5:38:59 PM io.gapi.emulators.netty.HttpVersionRoutingHandler channelRead
INFO: Detected non-HTTP/2 connection.
Aug 08, 2026 5:38:59 PM io.gapi.emulators.netty.HttpVersionRoutingHandler channelRead
INFO: Detected non-HTTP/2 connection.
Aug 08, 2026 5:38:59 PM io.gapi.emulators.netty.HttpVersionRoutingHandler channelRead
INFO: Detected non-HTTP/2 connection.
Aug 08, 2026 5:39:00 PM io.gapi.emulators.netty.HttpVersionRoutingHandler channelRead
INFO: Detected non-HTTP/2 connection.
Aug 08, 2026 5:39:00 PM io.gapi.emulators.netty.HttpVersionRoutingHandler channelRead
INFO: Detected non-HTTP/2 connection.
Aug 08, 2026 5:39:06 PM io.gapi.emulators.netty.HttpVersionRoutingHandler channelRead
INFO: Detected non-HTTP/2 connection.
Aug 08, 2026 5:39:51 PM io.gapi.emulators.netty.HttpVersionRoutingHandler channelRead
INFO: Detected non-HTTP/2 connection.
Aug 08, 2026 5:40:00 PM io.gapi.emulators.netty.HttpVersionRoutingHandler channelRead
INFO: Detected non-HTTP/2 connection.
Aug 08, 2026 5:40:00 PM com.google.cloud.datastore.emulator.firestore.webchannel.FirestoreV1WebChannelAdapter$FirestoreListenHandler onClose
INFO: channel closed
Aug 08, 2026 5:40:00 PM io.netty.channel.DefaultChannelPipeline onUnhandledInboundException
WARNING: An exceptionCaught() event was fired, and it reached at the tail of the pipeline. It usually means the last handler in the pipeline did not handle the exception.
java.io.IOException: Uma conexão estabelecida foi anulada pelo software no computador host
	at java.base/sun.nio.ch.SocketDispatcher.read0(Native Method)
	at java.base/sun.nio.ch.SocketDispatcher.read(SocketDispatcher.java:47)
	at java.base/sun.nio.ch.IOUtil.readIntoNativeBuffer(IOUtil.java:340)
	at java.base/sun.nio.ch.IOUtil.read(IOUtil.java:294)
	at java.base/sun.nio.ch.IOUtil.read(IOUtil.java:269)
	at java.base/sun.nio.ch.SocketChannelImpl.read(SocketChannelImpl.java:425)
	at io.netty.buffer.PooledByteBuf.setBytes(PooledByteBuf.java:255)
	at io.netty.buffer.AbstractByteBuf.writeBytes(AbstractByteBuf.java:1132)
	at io.netty.channel.socket.nio.NioSocketChannel.doReadBytes(NioSocketChannel.java:356)
	at io.netty.channel.nio.AbstractNioByteChannel$NioByteUnsafe.read(AbstractNioByteChannel.java:156)
	at io.netty.channel.nio.NioEventLoop.processSelectedKey(NioEventLoop.java:796)
	at io.netty.channel.nio.NioEventLoop.processSelectedKeysOptimized(NioEventLoop.java:732)
	at io.netty.channel.nio.NioEventLoop.processSelectedKeys(NioEventLoop.java:658)
	at io.netty.channel.nio.NioEventLoop.run(NioEventLoop.java:562)
	at io.netty.util.concurrent.SingleThreadEventExecutor$4.run(SingleThreadEventExecutor.java:998)
	at io.netty.util.internal.ThreadExecutorMap$2.run(ThreadExecutorMap.java:74)
	at io.netty.util.concurrent.FastThreadLocalRunnable.run(FastThreadLocalRunnable.java:30)
	at java.base/java.lang.Thread.run(Thread.java:1583)

Aug 08, 2026 5:40:02 PM io.gapi.emulators.netty.HttpVersionRoutingHandler channelRead
INFO: Detected non-HTTP/2 connection.
Aug 08, 2026 5:40:02 PM io.gapi.emulators.netty.HttpVersionRoutingHandler channelRead
INFO: Detected non-HTTP/2 connection.
Aug 08, 2026 5:40:02 PM io.gapi.emulators.netty.HttpVersionRoutingHandler channelRead
INFO: Detected non-HTTP/2 connection.
Aug 08, 2026 5:40:02 PM io.gapi.emulators.netty.HttpVersionRoutingHandler channelRead
INFO: Detected non-HTTP/2 connection.
Aug 08, 2026 5:40:06 PM io.gapi.emulators.netty.HttpVersionRoutingHandler channelRead
INFO: Detected non-HTTP/2 connection.
Aug 08, 2026 5:40:51 PM io.gapi.emulators.netty.HttpVersionRoutingHandler channelRead
INFO: Detected non-HTTP/2 connection.
Aug 08, 2026 5:41:06 PM io.gapi.emulators.netty.HttpVersionRoutingHandler channelRead
INFO: Detected non-HTTP/2 connection.
Aug 08, 2026 5:41:06 PM io.gapi.emulators.netty.HttpVersionRoutingHandler channelRead
INFO: Detected non-HTTP/2 connection.
Aug 08, 2026 5:41:06 PM io.gapi.emulators.netty.HttpVersionRoutingHandler channelRead
INFO: Detected non-HTTP/2 connection.
Aug 08, 2026 5:41:06 PM io.gapi.emulators.netty.HttpVersionRoutingHandler channelRead
INFO: Detected non-HTTP/2 connection.
Aug 08, 2026 5:41:06 PM io.gapi.emulators.netty.HttpVersionRoutingHandler channelRead
INFO: Detected non-HTTP/2 connection.
Aug 08, 2026 5:41:07 PM io.gapi.emulators.netty.HttpVersionRoutingHandler channelRead
INFO: Detected non-HTTP/2 connection.
Aug 08, 2026 5:41:07 PM io.gapi.emulators.netty.HttpVersionRoutingHandler channelRead
INFO: Detected non-HTTP/2 connection.
Aug 08, 2026 5:41:10 PM io.gapi.emulators.netty.HttpVersionRoutingHandler channelRead
INFO: Detected non-HTTP/2 connection.
Aug 08, 2026 5:41:10 PM io.gapi.emulators.netty.HttpVersionRoutingHandler channelRead
INFO: Detected non-HTTP/2 connection.
Aug 08, 2026 5:41:10 PM io.gapi.emulators.netty.HttpVersionRoutingHandler channelRead
INFO: Detected non-HTTP/2 connection.
Aug 08, 2026 5:41:10 PM io.gapi.emulators.netty.HttpVersionRoutingHandler channelRead
INFO: Detected non-HTTP/2 connection.
Aug 08, 2026 5:41:46 PM io.gapi.emulators.netty.HttpVersionRoutingHandler channelRead
INFO: Detected non-HTTP/2 connection.
Aug 08, 2026 5:41:46 PM io.gapi.emulators.netty.HttpVersionRoutingHandler channelRead
INFO: Detected non-HTTP/2 connection.
Aug 08, 2026 5:41:46 PM io.gapi.emulators.netty.HttpVersionRoutingHandler channelRead
INFO: Detected non-HTTP/2 connection.
Aug 08, 2026 5:41:46 PM io.gapi.emulators.netty.HttpVersionRoutingHandler channelRead
INFO: Detected non-HTTP/2 connection.
Aug 08, 2026 5:41:48 PM io.gapi.emulators.netty.HttpVersionRoutingHandler channelRead
INFO: Detected non-HTTP/2 connection.
Aug 08, 2026 5:41:48 PM io.gapi.emulators.netty.HttpVersionRoutingHandler channelRead
INFO: Detected non-HTTP/2 connection.
Aug 08, 2026 5:41:52 PM io.gapi.emulators.netty.HttpVersionRoutingHandler channelRead
INFO: Detected non-HTTP/2 connection.
Aug 08, 2026 5:42:07 PM io.gapi.emulators.netty.HttpVersionRoutingHandler channelRead
INFO: Detected non-HTTP/2 connection.
Aug 08, 2026 5:42:48 PM io.gapi.emulators.netty.HttpVersionRoutingHandler channelRead
INFO: Detected non-HTTP/2 connection.
Aug 08, 2026 5:42:48 PM io.gapi.emulators.netty.HttpVersionRoutingHandler channelRead
INFO: Detected non-HTTP/2 connection.
Aug 08, 2026 5:42:48 PM com.google.cloud.datastore.emulator.firestore.webchannel.FirestoreV1WebChannelAdapter$FirestoreListenHandler onClose
INFO: channel closed
Aug 08, 2026 5:42:52 PM io.gapi.emulators.netty.HttpVersionRoutingHandler channelRead
INFO: Detected non-HTTP/2 connection.
Aug 08, 2026 5:43:07 PM io.gapi.emulators.netty.HttpVersionRoutingHandler channelRead
INFO: Detected non-HTTP/2 connection.
Aug 08, 2026 5:43:27 PM io.gapi.emulators.netty.HttpVersionRoutingHandler channelRead
INFO: Detected non-HTTP/2 connection.
Aug 08, 2026 5:43:27 PM io.gapi.emulators.netty.HttpVersionRoutingHandler channelRead
INFO: Detected non-HTTP/2 connection.
Aug 08, 2026 5:43:27 PM io.gapi.emulators.netty.HttpVersionRoutingHandler channelRead
INFO: Detected non-HTTP/2 connection.
Aug 08, 2026 5:43:27 PM io.gapi.emulators.netty.HttpVersionRoutingHandler channelRead
INFO: Detected non-HTTP/2 connection.
Aug 08, 2026 5:43:53 PM io.gapi.emulators.netty.HttpVersionRoutingHandler channelRead
INFO: Detected non-HTTP/2 connection.
Aug 08, 2026 5:44:07 PM io.gapi.emulators.netty.HttpVersionRoutingHandler channelRead
INFO: Detected non-HTTP/2 connection.
Aug 08, 2026 5:44:42 PM io.gapi.emulators.netty.HttpVersionRoutingHandler channelRead
INFO: Detected non-HTTP/2 connection.
Aug 08, 2026 5:44:53 PM io.gapi.emulators.netty.HttpVersionRoutingHandler channelRead
INFO: Detected non-HTTP/2 connection.
Aug 08, 2026 5:45:08 PM io.gapi.emulators.netty.HttpVersionRoutingHandler channelRead
INFO: Detected non-HTTP/2 connection.
Aug 08, 2026 5:45:27 PM io.gapi.emulators.netty.HttpVersionRoutingHandler channelRead
INFO: Detected non-HTTP/2 connection.
Aug 08, 2026 5:45:27 PM io.gapi.emulators.netty.HttpVersionRoutingHandler channelRead
INFO: Detected non-HTTP/2 connection.
Aug 08, 2026 5:45:27 PM io.gapi.emulators.netty.HttpVersionRoutingHandler channelRead
INFO: Detected non-HTTP/2 connection.
Aug 08, 2026 5:45:27 PM io.gapi.emulators.netty.HttpVersionRoutingHandler channelRead
INFO: Detected non-HTTP/2 connection.
Aug 08, 2026 5:45:28 PM io.gapi.emulators.netty.HttpVersionRoutingHandler channelRead
INFO: Detected non-HTTP/2 connection.
Aug 08, 2026 5:45:28 PM io.gapi.emulators.netty.HttpVersionRoutingHandler channelRead
INFO: Detected non-HTTP/2 connection.
Aug 08, 2026 5:45:53 PM io.gapi.emulators.netty.HttpVersionRoutingHandler channelRead
INFO: Detected non-HTTP/2 connection.
Aug 08, 2026 5:46:08 PM io.gapi.emulators.netty.HttpVersionRoutingHandler channelRead
INFO: Detected non-HTTP/2 connection.
Aug 08, 2026 5:46:28 PM io.gapi.emulators.netty.HttpVersionRoutingHandler channelRead
INFO: Detected non-HTTP/2 connection.
Aug 08, 2026 5:46:28 PM io.gapi.emulators.netty.HttpVersionRoutingHandler channelRead
INFO: Detected non-HTTP/2 connection.
Aug 08, 2026 5:46:28 PM com.google.cloud.datastore.emulator.firestore.webchannel.FirestoreV1WebChannelAdapter$FirestoreListenHandler onClose
INFO: channel closed
Aug 08, 2026 5:47:08 PM io.gapi.emulators.netty.HttpVersionRoutingHandler channelRead
INFO: Detected non-HTTP/2 connection.
Aug 08, 2026 5:47:09 PM io.gapi.emulators.netty.HttpVersionRoutingHandler channelRead
INFO: Detected non-HTTP/2 connection.
Aug 08, 2026 5:47:55 PM io.gapi.emulators.netty.HttpVersionRoutingHandler channelRead
INFO: Detected non-HTTP/2 connection.
Aug 08, 2026 5:48:09 PM io.gapi.emulators.netty.HttpVersionRoutingHandler channelRead
INFO: Detected non-HTTP/2 connection.
Aug 08, 2026 5:48:10 PM io.gapi.emulators.netty.HttpVersionRoutingHandler channelRead
INFO: Detected non-HTTP/2 connection.
Aug 08, 2026 5:48:10 PM io.gapi.emulators.netty.HttpVersionRoutingHandler channelRead
INFO: Detected non-HTTP/2 connection.
Aug 08, 2026 5:48:10 PM io.gapi.emulators.netty.HttpVersionRoutingHandler channelRead
INFO: Detected non-HTTP/2 connection.
Aug 08, 2026 5:48:10 PM io.gapi.emulators.netty.HttpVersionRoutingHandler channelRead
INFO: Detected non-HTTP/2 connection.
Aug 08, 2026 5:48:12 PM io.gapi.emulators.netty.HttpVersionRoutingHandler channelRead
INFO: Detected non-HTTP/2 connection.
Aug 08, 2026 5:48:12 PM io.gapi.emulators.netty.HttpVersionRoutingHandler channelRead
INFO: Detected non-HTTP/2 connection.
Aug 08, 2026 5:48:48 PM io.gapi.emulators.netty.HttpVersionRoutingHandler channelRead
INFO: Detected non-HTTP/2 connection.
Aug 08, 2026 5:48:48 PM io.gapi.emulators.netty.HttpVersionRoutingHandler channelRead
INFO: Detected non-HTTP/2 connection.
Aug 08, 2026 5:48:48 PM io.gapi.emulators.netty.HttpVersionRoutingHandler channelRead
INFO: Detected non-HTTP/2 connection.
Aug 08, 2026 5:48:48 PM io.gapi.emulators.netty.HttpVersionRoutingHandler channelRead
INFO: Detected non-HTTP/2 connection.
Aug 08, 2026 5:48:49 PM io.gapi.emulators.netty.HttpVersionRoutingHandler channelRead
INFO: Detected non-HTTP/2 connection.
Aug 08, 2026 5:48:49 PM io.gapi.emulators.netty.HttpVersionRoutingHandler channelRead
INFO: Detected non-HTTP/2 connection.
Aug 08, 2026 5:49:10 PM io.gapi.emulators.netty.HttpVersionRoutingHandler channelRead
INFO: Detected non-HTTP/2 connection.
Aug 08, 2026 5:49:11 PM io.gapi.emulators.netty.HttpVersionRoutingHandler channelRead
INFO: Detected non-HTTP/2 connection.
Aug 08, 2026 5:49:32 PM io.gapi.emulators.netty.HttpVersionRoutingHandler channelRead
INFO: Detected non-HTTP/2 connection.
Aug 08, 2026 5:49:33 PM io.gapi.emulators.netty.HttpVersionRoutingHandler channelRead
INFO: Detected non-HTTP/2 connection.
Aug 08, 2026 5:49:37 PM io.gapi.emulators.netty.HttpVersionRoutingHandler channelRead
INFO: Detected non-HTTP/2 connection.
Aug 08, 2026 5:49:37 PM io.gapi.emulators.netty.HttpVersionRoutingHandler channelRead
INFO: Detected non-HTTP/2 connection.
Aug 08, 2026 5:49:37 PM io.gapi.emulators.netty.HttpVersionRoutingHandler channelRead
INFO: Detected non-HTTP/2 connection.
Aug 08, 2026 5:49:37 PM io.gapi.emulators.netty.HttpVersionRoutingHandler channelRead
INFO: Detected non-HTTP/2 connection.
Aug 08, 2026 5:49:37 PM io.gapi.emulators.netty.HttpVersionRoutingHandler channelRead
INFO: Detected non-HTTP/2 connection.
Aug 08, 2026 5:49:37 PM io.gapi.emulators.netty.HttpVersionRoutingHandler channelRead
INFO: Detected non-HTTP/2 connection.
Aug 08, 2026 5:49:38 PM io.gapi.emulators.netty.HttpVersionRoutingHandler channelRead
INFO: Detected non-HTTP/2 connection.
Aug 08, 2026 5:49:38 PM com.google.cloud.datastore.emulator.impl.util.WrappedStreamObserver onError
WARNING: Operation failed: No matching allow statements
com.google.cloud.datastore.core.exception.DatastoreException: No matching allow statements
	at com.google.cloud.datastore.core.exception.DatastoreException$Builder.build(DatastoreException.java:152)
	at com.google.cloud.datastore.emulator.impl.rules.DefaultEmulatorRulesAuthorizer.verboseError(DefaultEmulatorRulesAuthorizer.java:349)
	at com.google.cloud.datastore.emulator.impl.rules.DefaultEmulatorRulesAuthorizer.withVerboseErrors(DefaultEmulatorRulesAuthorizer.java:326)
	at com.google.cloud.datastore.emulator.impl.rules.DefaultEmulatorRulesAuthorizer.checkCommit(DefaultEmulatorRulesAuthorizer.java:113)
	at com.google.cloud.datastore.emulator.impl.firestore.FirestoreEmulatorHelper.commitHelper(FirestoreEmulatorHelper.java:407)
	at com.google.cloud.datastore.emulator.impl.firestore.FirestoreEmulatorHelper.internalCommit(FirestoreEmulatorHelper.java:348)
	at com.google.cloud.datastore.emulator.impl.firestore.CloudFirestoreV1.internalCommit(CloudFirestoreV1.java:1336)
	at com.google.cloud.datastore.emulator.impl.firestore.CloudFirestoreV1.write(CloudFirestoreV1.java:1321)
	at com.google.cloud.datastore.emulator.impl.firestore.CloudFirestoreV1WriteStream.handleRequest(CloudFirestoreV1WriteStream.java:222)
	at com.google.cloud.datastore.emulator.impl.firestore.CloudFirestoreV1WriteStream.write(CloudFirestoreV1WriteStream.java:144)
	at com.google.cloud.datastore.emulator.impl.firestore.CloudFirestoreV1WriteStream.onNext(CloudFirestoreV1WriteStream.java:99)
	at com.google.cloud.datastore.emulator.impl.firestore.CloudFirestoreV1WriteStream.onNext(CloudFirestoreV1WriteStream.java:27)
	at com.google.cloud.datastore.emulator.firestore.webchannel.FirestoreV1WebChannelAdapter$FirestoreWriteHandler.onMessage(FirestoreV1WebChannelAdapter.java:160)
	at com.google.cloud.datastore.emulator.firestore.webchannel.FirestoreV1WebChannelAdapter$FirestoreWriteHandler.onMessage(FirestoreV1WebChannelAdapter.java:130)
	at com.google.net.webchannel.server.v8.ChannelInternalImpl.onMessage(ChannelInternalImpl.java:525)
	at com.google.net.webchannel.server.v8.ForwardChannel.deliverMessage(ForwardChannel.java:115)
	at com.google.net.webchannel.server.v8.ForwardChannel.processPendingRequest(ForwardChannel.java:94)
	at com.google.net.webchannel.server.v8.ForwardChannel.consume(ForwardChannel.java:68)
	at com.google.net.webchannel.server.v8.ForwardChannel.add(ForwardChannel.java:61)
	at com.google.net.webchannel.server.v8.ChannelInternalImpl.handleRequestBody(ChannelInternalImpl.java:290)
	at com.google.net.webchannel.server.v8.ChannelInternalImpl.processSessionRequest(ChannelInternalImpl.java:357)
	at com.google.net.webchannel.server.v8.ChannelInternalImpl.handle(ChannelInternalImpl.java:172)
	at com.google.net.webchannel.server.v8.ChannelInternalImpl.consume(ChannelInternalImpl.java:91)
	at com.google.net.webchannel.server.common.ChannelProcessor.run(ChannelProcessor.java:85)

Aug 08, 2026 5:49:38 PM io.gapi.emulators.netty.HttpVersionRoutingHandler channelRead
INFO: Detected non-HTTP/2 connection.
Aug 08, 2026 5:49:38 PM io.gapi.emulators.netty.HttpVersionRoutingHandler channelRead
INFO: Detected non-HTTP/2 connection.
Aug 08, 2026 5:49:39 PM io.gapi.emulators.netty.HttpVersionRoutingHandler channelRead
INFO: Detected non-HTTP/2 connection.
Aug 08, 2026 5:49:39 PM com.google.cloud.datastore.emulator.firestore.webchannel.FirestoreV1WebChannelAdapter$FirestoreWriteHandler onClose
INFO: channel closed
Aug 08, 2026 5:49:43 PM io.gapi.emulators.netty.HttpVersionRoutingHandler channelRead
INFO: Detected non-HTTP/2 connection.
Aug 08, 2026 5:49:58 PM io.gapi.emulators.netty.HttpVersionRoutingHandler channelRead
INFO: Detected non-HTTP/2 connection.
Aug 08, 2026 5:49:58 PM io.gapi.emulators.netty.HttpVersionRoutingHandler channelRead
INFO: Detected non-HTTP/2 connection.
Aug 08, 2026 5:49:58 PM io.gapi.emulators.netty.HttpVersionRoutingHandler channelRead
INFO: Detected non-HTTP/2 connection.
Aug 08, 2026 5:49:58 PM io.gapi.emulators.netty.HttpVersionRoutingHandler channelRead
INFO: Detected non-HTTP/2 connection.
Aug 08, 2026 5:49:58 PM io.gapi.emulators.netty.HttpVersionRoutingHandler channelRead
INFO: Detected non-HTTP/2 connection.
Aug 08, 2026 5:49:59 PM io.gapi.emulators.netty.HttpVersionRoutingHandler channelRead
INFO: Detected non-HTTP/2 connection.
Aug 08, 2026 5:49:59 PM io.gapi.emulators.netty.HttpVersionRoutingHandler channelRead
INFO: Detected non-HTTP/2 connection.
Aug 08, 2026 5:49:59 PM io.gapi.emulators.netty.HttpVersionRoutingHandler channelRead
INFO: Detected non-HTTP/2 connection.
Aug 08, 2026 5:49:59 PM io.gapi.emulators.netty.HttpVersionRoutingHandler channelRead
INFO: Detected non-HTTP/2 connection.
Aug 08, 2026 5:49:59 PM com.google.cloud.datastore.emulator.impl.util.WrappedStreamObserver onError
WARNING: Operation failed: No matching allow statements
com.google.cloud.datastore.core.exception.DatastoreException: No matching allow statements
	at com.google.cloud.datastore.core.exception.DatastoreException$Builder.build(DatastoreException.java:152)
	at com.google.cloud.datastore.emulator.impl.rules.DefaultEmulatorRulesAuthorizer.verboseError(DefaultEmulatorRulesAuthorizer.java:349)
	at com.google.cloud.datastore.emulator.impl.rules.DefaultEmulatorRulesAuthorizer.withVerboseErrors(DefaultEmulatorRulesAuthorizer.java:326)
	at com.google.cloud.datastore.emulator.impl.rules.DefaultEmulatorRulesAuthorizer.checkCommit(DefaultEmulatorRulesAuthorizer.java:113)
	at com.google.cloud.datastore.emulator.impl.firestore.FirestoreEmulatorHelper.commitHelper(FirestoreEmulatorHelper.java:407)
	at com.google.cloud.datastore.emulator.impl.firestore.FirestoreEmulatorHelper.internalCommit(FirestoreEmulatorHelper.java:348)
	at com.google.cloud.datastore.emulator.impl.firestore.CloudFirestoreV1.internalCommit(CloudFirestoreV1.java:1336)
	at com.google.cloud.datastore.emulator.impl.firestore.CloudFirestoreV1.write(CloudFirestoreV1.java:1321)
	at com.google.cloud.datastore.emulator.impl.firestore.CloudFirestoreV1WriteStream.handleRequest(CloudFirestoreV1WriteStream.java:222)
	at com.google.cloud.datastore.emulator.impl.firestore.CloudFirestoreV1WriteStream.write(CloudFirestoreV1WriteStream.java:144)
	at com.google.cloud.datastore.emulator.impl.firestore.CloudFirestoreV1WriteStream.onNext(CloudFirestoreV1WriteStream.java:99)
	at com.google.cloud.datastore.emulator.impl.firestore.CloudFirestoreV1WriteStream.onNext(CloudFirestoreV1WriteStream.java:27)
	at com.google.cloud.datastore.emulator.firestore.webchannel.FirestoreV1WebChannelAdapter$FirestoreWriteHandler.onMessage(FirestoreV1WebChannelAdapter.java:160)
	at com.google.cloud.datastore.emulator.firestore.webchannel.FirestoreV1WebChannelAdapter$FirestoreWriteHandler.onMessage(FirestoreV1WebChannelAdapter.java:130)
	at com.google.net.webchannel.server.v8.ChannelInternalImpl.onMessage(ChannelInternalImpl.java:525)
	at com.google.net.webchannel.server.v8.ForwardChannel.deliverMessage(ForwardChannel.java:115)
	at com.google.net.webchannel.server.v8.ForwardChannel.processPendingRequest(ForwardChannel.java:94)
	at com.google.net.webchannel.server.v8.ForwardChannel.consume(ForwardChannel.java:68)
	at com.google.net.webchannel.server.v8.ForwardChannel.add(ForwardChannel.java:61)
	at com.google.net.webchannel.server.v8.ChannelInternalImpl.handleRequestBody(ChannelInternalImpl.java:290)
	at com.google.net.webchannel.server.v8.ChannelInternalImpl.processSessionRequest(ChannelInternalImpl.java:357)
	at com.google.net.webchannel.server.v8.ChannelInternalImpl.handle(ChannelInternalImpl.java:172)
	at com.google.net.webchannel.server.v8.ChannelInternalImpl.consume(ChannelInternalImpl.java:91)
	at com.google.net.webchannel.server.common.ChannelProcessor.run(ChannelProcessor.java:85)

Aug 08, 2026 5:49:59 PM io.gapi.emulators.netty.HttpVersionRoutingHandler channelRead
INFO: Detected non-HTTP/2 connection.
Aug 08, 2026 5:49:59 PM com.google.cloud.datastore.emulator.impl.util.WrappedStreamObserver onError
WARNING: Operation failed: No matching allow statements
com.google.cloud.datastore.core.exception.DatastoreException: No matching allow statements
	at com.google.cloud.datastore.core.exception.DatastoreException$Builder.build(DatastoreException.java:152)
	at com.google.cloud.datastore.emulator.impl.rules.DefaultEmulatorRulesAuthorizer.verboseError(DefaultEmulatorRulesAuthorizer.java:349)
	at com.google.cloud.datastore.emulator.impl.rules.DefaultEmulatorRulesAuthorizer.withVerboseErrors(DefaultEmulatorRulesAuthorizer.java:326)
	at com.google.cloud.datastore.emulator.impl.rules.DefaultEmulatorRulesAuthorizer.checkCommit(DefaultEmulatorRulesAuthorizer.java:113)
	at com.google.cloud.datastore.emulator.impl.firestore.FirestoreEmulatorHelper.commitHelper(FirestoreEmulatorHelper.java:407)
	at com.google.cloud.datastore.emulator.impl.firestore.FirestoreEmulatorHelper.internalCommit(FirestoreEmulatorHelper.java:348)
	at com.google.cloud.datastore.emulator.impl.firestore.CloudFirestoreV1.internalCommit(CloudFirestoreV1.java:1336)
	at com.google.cloud.datastore.emulator.impl.firestore.CloudFirestoreV1.write(CloudFirestoreV1.java:1321)
	at com.google.cloud.datastore.emulator.impl.firestore.CloudFirestoreV1WriteStream.handleRequest(CloudFirestoreV1WriteStream.java:222)
	at com.google.cloud.datastore.emulator.impl.firestore.CloudFirestoreV1WriteStream.write(CloudFirestoreV1WriteStream.java:144)
	at com.google.cloud.datastore.emulator.impl.firestore.CloudFirestoreV1WriteStream.onNext(CloudFirestoreV1WriteStream.java:99)
	at com.google.cloud.datastore.emulator.impl.firestore.CloudFirestoreV1WriteStream.onNext(CloudFirestoreV1WriteStream.java:27)
	at com.google.cloud.datastore.emulator.firestore.webchannel.FirestoreV1WebChannelAdapter$FirestoreWriteHandler.onMessage(FirestoreV1WebChannelAdapter.java:160)
	at com.google.cloud.datastore.emulator.firestore.webchannel.FirestoreV1WebChannelAdapter$FirestoreWriteHandler.onMessage(FirestoreV1WebChannelAdapter.java:130)
	at com.google.net.webchannel.server.v8.ChannelInternalImpl.onMessage(ChannelInternalImpl.java:525)
	at com.google.net.webchannel.server.v8.ForwardChannel.deliverMessage(ForwardChannel.java:115)
	at com.google.net.webchannel.server.v8.ForwardChannel.processPendingRequest(ForwardChannel.java:94)
	at com.google.net.webchannel.server.v8.ForwardChannel.consume(ForwardChannel.java:68)
	at com.google.net.webchannel.server.v8.ForwardChannel.add(ForwardChannel.java:61)
	at com.google.net.webchannel.server.v8.ChannelInternalImpl.handleRequestBody(ChannelInternalImpl.java:290)
	at com.google.net.webchannel.server.v8.ChannelInternalImpl.processSessionRequest(ChannelInternalImpl.java:357)
	at com.google.net.webchannel.server.v8.ChannelInternalImpl.handle(ChannelInternalImpl.java:172)
	at com.google.net.webchannel.server.v8.ChannelInternalImpl.consume(ChannelInternalImpl.java:91)
	at com.google.net.webchannel.server.common.ChannelProcessor.run(ChannelProcessor.java:85)

Aug 08, 2026 5:49:59 PM io.gapi.emulators.netty.HttpVersionRoutingHandler channelRead
INFO: Detected non-HTTP/2 connection.
Aug 08, 2026 5:49:59 PM com.google.cloud.datastore.emulator.firestore.webchannel.FirestoreV1WebChannelAdapter$FirestoreListenHandler onClose
INFO: channel closed
Aug 08, 2026 5:49:59 PM io.gapi.emulators.netty.HttpVersionRoutingHandler channelRead
INFO: Detected non-HTTP/2 connection.
Aug 08, 2026 5:49:59 PM io.gapi.emulators.netty.HttpVersionRoutingHandler channelRead
INFO: Detected non-HTTP/2 connection.
Aug 08, 2026 5:49:59 PM com.google.cloud.datastore.emulator.firestore.webchannel.FirestoreV1WebChannelAdapter$FirestoreWriteHandler onClose
INFO: channel closed
Aug 08, 2026 5:49:59 PM com.google.cloud.datastore.emulator.firestore.webchannel.FirestoreV1WebChannelAdapter$FirestoreWriteHandler onClose
INFO: channel closed
Aug 08, 2026 5:50:37 PM io.gapi.emulators.netty.HttpVersionRoutingHandler channelRead
INFO: Detected non-HTTP/2 connection.
Aug 08, 2026 5:50:59 PM io.gapi.emulators.netty.HttpVersionRoutingHandler channelRead
INFO: Detected non-HTTP/2 connection.
Aug 08, 2026 5:50:59 PM io.gapi.emulators.netty.HttpVersionRoutingHandler channelRead
INFO: Detected non-HTTP/2 connection.
Aug 08, 2026 5:51:09 PM io.gapi.emulators.netty.HttpVersionRoutingHandler channelRead
INFO: Detected non-HTTP/2 connection.
Aug 08, 2026 5:51:09 PM io.gapi.emulators.netty.HttpVersionRoutingHandler channelRead
INFO: Detected non-HTTP/2 connection.
Aug 08, 2026 5:51:09 PM io.gapi.emulators.netty.HttpVersionRoutingHandler channelRead
INFO: Detected non-HTTP/2 connection.
Aug 08, 2026 5:51:09 PM io.gapi.emulators.netty.HttpVersionRoutingHandler channelRead
INFO: Detected non-HTTP/2 connection.
Aug 08, 2026 5:51:10 PM io.gapi.emulators.netty.HttpVersionRoutingHandler channelRead
INFO: Detected non-HTTP/2 connection.
Aug 08, 2026 5:51:10 PM io.gapi.emulators.netty.HttpVersionRoutingHandler channelRead
INFO: Detected non-HTTP/2 connection.
Aug 08, 2026 5:51:25 PM io.gapi.emulators.netty.HttpVersionRoutingHandler channelRead
INFO: Detected non-HTTP/2 connection.
Aug 08, 2026 5:51:25 PM io.gapi.emulators.netty.HttpVersionRoutingHandler channelRead
INFO: Detected non-HTTP/2 connection.
Aug 08, 2026 5:51:25 PM io.gapi.emulators.netty.HttpVersionRoutingHandler channelRead
INFO: Detected non-HTTP/2 connection.
Aug 08, 2026 5:51:25 PM io.gapi.emulators.netty.HttpVersionRoutingHandler channelRead
INFO: Detected non-HTTP/2 connection.
Aug 08, 2026 5:52:00 PM io.gapi.emulators.netty.HttpVersionRoutingHandler channelRead
INFO: Detected non-HTTP/2 connection.
Aug 08, 2026 5:52:00 PM io.gapi.emulators.netty.HttpVersionRoutingHandler channelRead
INFO: Detected non-HTTP/2 connection.
Aug 08, 2026 5:52:25 PM io.gapi.emulators.netty.HttpVersionRoutingHandler channelRead
INFO: Detected non-HTTP/2 connection.
Aug 08, 2026 5:52:45 PM io.gapi.emulators.netty.HttpVersionRoutingHandler channelRead
INFO: Detected non-HTTP/2 connection.
Aug 08, 2026 5:52:54 PM io.gapi.emulators.netty.HttpVersionRoutingHandler channelRead
INFO: Detected non-HTTP/2 connection.
Aug 08, 2026 5:52:54 PM io.gapi.emulators.netty.HttpVersionRoutingHandler channelRead
INFO: Detected non-HTTP/2 connection.
Aug 08, 2026 5:52:57 PM io.gapi.emulators.netty.HttpVersionRoutingHandler channelRead
INFO: Detected non-HTTP/2 connection.
Aug 08, 2026 5:52:57 PM io.gapi.emulators.netty.HttpVersionRoutingHandler channelRead
INFO: Detected non-HTTP/2 connection.
Aug 08, 2026 5:52:57 PM io.gapi.emulators.netty.HttpVersionRoutingHandler channelRead
INFO: Detected non-HTTP/2 connection.
Aug 08, 2026 5:52:57 PM io.gapi.emulators.netty.HttpVersionRoutingHandler channelRead
INFO: Detected non-HTTP/2 connection.
Aug 08, 2026 5:52:58 PM io.gapi.emulators.netty.HttpVersionRoutingHandler channelRead
INFO: Detected non-HTTP/2 connection.
Aug 08, 2026 5:52:58 PM io.gapi.emulators.netty.HttpVersionRoutingHandler channelRead
INFO: Detected non-HTTP/2 connection.
Aug 08, 2026 5:53:00 PM io.gapi.emulators.netty.HttpVersionRoutingHandler channelRead
INFO: Detected non-HTTP/2 connection.
Aug 08, 2026 5:53:04 PM io.gapi.emulators.netty.HttpVersionRoutingHandler channelRead
INFO: Detected non-HTTP/2 connection.
Aug 08, 2026 5:53:05 PM io.gapi.emulators.netty.HttpVersionRoutingHandler channelRead
INFO: Detected non-HTTP/2 connection.
Aug 08, 2026 5:53:05 PM io.gapi.emulators.netty.HttpVersionRoutingHandler channelRead
INFO: Detected non-HTTP/2 connection.
Aug 08, 2026 5:53:05 PM io.gapi.emulators.netty.HttpVersionRoutingHandler channelRead
INFO: Detected non-HTTP/2 connection.
Aug 08, 2026 5:53:07 PM io.gapi.emulators.netty.HttpVersionRoutingHandler channelRead
INFO: Detected non-HTTP/2 connection.
